#
# There is insufficient memory for the Java Runtime Environment to continue.
# Native memory allocation (mmap) failed to map 65536 bytes. Error detail: Failed to commit metaspace.
# Possible reasons:
#   The system is out of physical RAM or swap space
#   This process is running with CompressedOops enabled, and the Java Heap may be blocking the growth of the native heap
# Possible solutions:
#   Reduce memory load on the system
#   Increase physical memory or swap space
#   Check if swap backing store is full
#   Decrease Java heap size (-Xmx/-Xms)
#   Decrease number of Java threads
#   Decrease Java thread stack sizes (-Xss)
#   Set larger code cache with -XX:ReservedCodeCacheSize=
#   JVM is running with Unscaled Compressed Oops mode in which the Java heap is
#     placed in the first 4GB address space. The Java Heap base address is the
#     maximum limit for the native heap growth. Please use -XX:HeapBaseMinAddress
#     to set the Java Heap base and to place the Java Heap above 4GB virtual address.
# This output file may be truncated or incomplete.
#
#  Out of Memory Error (virtualSpaceNode.cpp:113), pid=12352, tid=10324
#
# JRE version: OpenJDK Runtime Environment (21.0.5) (build 21.0.5+-12932927-b750.29)
# Java VM: OpenJDK 64-Bit Server VM (21.0.5+-12932927-b750.29, mixed mode, tiered, compressed oops, compressed class ptrs, g1 gc, windows-amd64)
# No core dump will be written. Minidumps are not enabled by default on client versions of Windows
#

---------------  S U M M A R Y ------------

Command Line: --add-opens=java.base/java.lang=ALL-UNNAMED --add-opens=java.base/java.lang.invoke=ALL-UNNAMED --add-opens=java.base/java.util=ALL-UNNAMED --add-opens=java.prefs/java.util.prefs=ALL-UNNAMED --add-exports=jdk.compiler/com.sun.tools.javac.api=ALL-UNNAMED --add-exports=jdk.compiler/com.sun.tools.javac.util=ALL-UNNAMED --add-opens=java.base/java.util=ALL-UNNAMED --add-opens=java.prefs/java.util.prefs=ALL-UNNAMED --add-opens=java.base/java.nio.charset=ALL-UNNAMED --add-opens=java.base/java.net=ALL-UNNAMED --add-opens=java.base/java.util.concurrent.atomic=ALL-UNNAMED --add-opens=java.xml/javax.xml.namespace=ALL-UNNAMED -Xmx2048m -Dfile.encoding=UTF-8 -Duser.country=RU -Duser.language=ru -Duser.variant -javaagent:C:\Users\SavvinPC\.gradle\wrapper\dists\gradle-8.11.1-bin\bpt9gzteqjrbo1mjrsomdt32c\gradle-8.11.1\lib\agents\gradle-instrumentation-agent-8.11.1.jar org.gradle.launcher.daemon.bootstrap.GradleDaemon 8.11.1

Host: AMD Ryzen 7 5700U with Radeon Graphics         , 16 cores, 15G,  Windows 11 , 64 bit Build 26100 (10.0.26100.8328)
Time: Sat May 30 01:14:39 2026 RTZ 2 (s 11 , 64 bit Build 26100 (10.0.26100.8328) elapsed time: 78.612094 seconds (0d 0h 1m 18s)

---------------  T H R E A D  ---------------

Current thread (0x0000024b20fe7470):  JavaThread "WorkerExecutor Queue Thread 5"        [_thread_in_vm, id=10324, stack(0x000000b00e400000,0x000000b00e500000) (1024K)]

Stack: [0x000000b00e400000,0x000000b00e500000]
Native frames: (J=compiled Java code, j=interpreted, Vv=VM code, C=native code)
V  [jvm.dll+0x6cfb29]
V  [jvm.dll+0x85ded3]
V  [jvm.dll+0x86042e]
V  [jvm.dll+0x860b13]
V  [jvm.dll+0x27e6b6]
V  [jvm.dll+0x858dae]
V  [jvm.dll+0x673d95]
V  [jvm.dll+0x1e3111]
V  [jvm.dll+0x1e2ede]
V  [jvm.dll+0x6766e8]
V  [jvm.dll+0x676522]
V  [jvm.dll+0x67478e]
V  [jvm.dll+0x26adc0]
V  [jvm.dll+0x21593b]
V  [jvm.dll+0x20ae29]
V  [jvm.dll+0x5b1d63]
V  [jvm.dll+0x7d5f50]
V  [jvm.dll+0x7d607e]
V  [jvm.dll+0x46ebdd]
V  [jvm.dll+0x474528]
C  [java.dll+0x17ec]

Java frames: (J=compiled Java code, j=interpreted, Vv=VM code)
J 907  java.lang.ClassLoader.defineClass1(Ljava/lang/ClassLoader;Ljava/lang/String;[BIILjava/security/ProtectionDomain;Ljava/lang/String;)Ljava/lang/Class; java.base@21.0.5 (0 bytes) @ 0x0000024b0ac8e889 [0x0000024b0ac8e7c0+0x00000000000000c9]
J 9732 c2 java.security.SecureClassLoader.defineClass(Ljava/lang/String;[BIILjava/security/CodeSource;)Ljava/lang/Class; java.base@21.0.5 (16 bytes) @ 0x0000024b0af06060 [0x0000024b0af05940+0x0000000000000720]
J 15677 c2 java.net.URLClassLoader.defineClass(Ljava/lang/String;Ljdk/internal/loader/Resource;)Ljava/lang/Class; java.base@21.0.5 (224 bytes) @ 0x0000024b0b48b670 [0x0000024b0b48abc0+0x0000000000000ab0]
J 9180 c2 java.net.URLClassLoader$1.run()Ljava/lang/Class; java.base@21.0.5 (81 bytes) @ 0x0000024b0ad971ec [0x0000024b0ad96be0+0x000000000000060c]
J 4989 c2 java.net.URLClassLoader.findClass(Ljava/lang/String;)Ljava/lang/Class; java.base@21.0.5 (47 bytes) @ 0x0000024b0aee0620 [0x0000024b0aee0560+0x00000000000000c0]
J 9151 c1 org.gradle.internal.classloader.VisitableURLClassLoader$InstrumentingVisitableURLClassLoader.findClass(Ljava/lang/String;)Ljava/lang/Class; (36 bytes) @ 0x0000024b036d359c [0x0000024b036d34c0+0x00000000000000dc]
J 10192 c2 java.lang.ClassLoader.loadClass(Ljava/lang/String;Z)Ljava/lang/Class; java.base@21.0.5 (121 bytes) @ 0x0000024b0b0ffc40 [0x0000024b0b0ff720+0x0000000000000520]
J 3628 c2 java.lang.ClassLoader.loadClass(Ljava/lang/String;)Ljava/lang/Class; java.base@21.0.5 (7 bytes) @ 0x0000024b0ac5fa6c [0x0000024b0ac5fa20+0x000000000000004c]
v  ~StubRoutines::call_stub 0x0000024b0a4e100d
j  com.android.builder.dexing.D8DexArchiveBuilder.convert(Ljava/util/stream/Stream;Ljava/nio/file/Path;Ljava/nio/file/Path;Lcom/android/builder/dexing/DependencyGraphUpdater;)V+298
j  com.android.build.gradle.internal.dexing.DexWorkActionKt.process(Lcom/android/builder/dexing/DexArchiveBuilder;Lcom/android/builder/dexing/ClassBucket;Lkotlin/jvm/functions/Function2;Ljava/io/File;Ljava/io/File;Lcom/android/builder/dexing/DependencyGraphUpdater;)V+170
j  com.android.build.gradle.internal.dexing.DexWorkActionKt.processIncrementally(Lcom/android/builder/dexing/DexArchiveBuilder;Lcom/android/build/gradle/internal/dexing/DexWorkActionParams;)V+238
j  com.android.build.gradle.internal.dexing.DexWorkActionKt.launchProcessing(Lcom/android/build/gradle/internal/dexing/DexWorkActionParams;Lcom/android/ide/common/blame/MessageReceiver;)V+38
j  com.android.build.gradle.internal.dexing.DexWorkAction.run()V+62
j  com.android.build.gradle.internal.profile.ProfileAwareWorkAction.execute()V+70
j  org.gradle.workers.internal.DefaultWorkerServer.execute(Lorg/gradle/workers/internal/SimpleActionExecutionSpec;)Lorg/gradle/workers/internal/DefaultWorkResult;+128
j  org.gradle.workers.internal.NoIsolationWorkerFactory$1$1.create()Lorg/gradle/workers/internal/DefaultWorkResult;+29
j  org.gradle.workers.internal.NoIsolationWorkerFactory$1$1.create()Ljava/lang/Object;+1
j  org.gradle.internal.classloader.ClassLoaderUtils.executeInClassloader(Ljava/lang/ClassLoader;Lorg/gradle/internal/Factory;)Ljava/lang/Object;+15
j  org.gradle.workers.internal.NoIsolationWorkerFactory$1.lambda$execute$0(Ljava/lang/ClassLoader;Lorg/gradle/workers/WorkerExecutor;Lorg/gradle/workers/internal/IsolatedParametersActionExecutionSpec;)Lorg/gradle/workers/internal/DefaultWorkResult;+10
j  org.gradle.workers.internal.NoIsolationWorkerFactory$1$$Lambda+0x00000001010d1af0.execute(Lorg/gradle/workers/internal/IsolatedParametersActionExecutionSpec;)Lorg/gradle/workers/internal/DefaultWorkResult;+13
j  org.gradle.workers.internal.AbstractWorker$1.call(Lorg/gradle/internal/operations/BuildOperationContext;)Lorg/gradle/workers/internal/DefaultWorkResult;+8
j  org.gradle.workers.internal.AbstractWorker$1.call(Lorg/gradle/internal/operations/BuildOperationContext;)Ljava/lang/Object;+2
J 18969 c2 org.gradle.internal.operations.DefaultBuildOperationRunner$CallableBuildOperationWorker.execute(Lorg/gradle/internal/operations/BuildOperation;Lorg/gradle/internal/operations/BuildOperationContext;)V (10 bytes) @ 0x0000024b0b685f84 [0x0000024b0b685e40+0x0000000000000144]
J 15889 c2 org.gradle.internal.operations.DefaultBuildOperationRunner.execute(Lorg/gradle/internal/operations/BuildOperationDescriptor$Builder;Lorg/gradle/internal/operations/BuildOperationState;Lorg/gradle/internal/operations/DefaultBuildOperationRunner$BuildOperationExecution;)Ljava/lang/Object; (147 bytes) @ 0x0000024b0b2187e8 [0x0000024b0b218000+0x00000000000007e8]
J 16237 c2 org.gradle.internal.operations.DefaultBuildOperationRunner.call(Lorg/gradle/internal/operations/CallableBuildOperation;)Ljava/lang/Object; (24 bytes) @ 0x0000024b0b0616d0 [0x0000024b0b061500+0x00000000000001d0]
j  org.gradle.workers.internal.AbstractWorker.executeWrappedInBuildOperation(Lorg/gradle/workers/internal/IsolatedParametersActionExecutionSpec;Lorg/gradle/internal/operations/BuildOperationRef;Lorg/gradle/workers/internal/AbstractWorker$Work;)Lorg/gradle/workers/internal/DefaultWorkResult;+15
j  org.gradle.workers.internal.NoIsolationWorkerFactory$1.execute(Lorg/gradle/workers/internal/IsolatedParametersActionExecutionSpec;Lorg/gradle/internal/operations/BuildOperationRef;)Lorg/gradle/workers/internal/DefaultWorkResult;+17
j  org.gradle.workers.internal.DefaultWorkerExecutor.lambda$submitWork$0(Lorg/gradle/workers/internal/WorkerFactory;Lorg/gradle/workers/internal/WorkerRequirement;Lorg/gradle/workers/internal/IsolatedParametersActionExecutionSpec;Lorg/gradle/internal/operations/BuildOperationRef;)Lorg/gradle/workers/internal/DefaultWorkResult;+13
j  org.gradle.workers.internal.DefaultWorkerExecutor$$Lambda+0x00000001010d0dd0.call()Ljava/lang/Object;+16
J 22017 c1 java.util.concurrent.FutureTask.run()V java.base@21.0.5 (123 bytes) @ 0x0000024b050e33c4 [0x0000024b050e3240+0x0000000000000184]
j  org.gradle.internal.work.DefaultConditionalExecutionQueue$ExecutionRunner.runExecution(Lorg/gradle/internal/work/ConditionalExecution;)V+6
j  org.gradle.internal.work.DefaultConditionalExecutionQueue$ExecutionRunner.access$700(Lorg/gradle/internal/work/DefaultConditionalExecutionQueue$ExecutionRunner;Lorg/gradle/internal/work/ConditionalExecution;)V+2
j  org.gradle.internal.work.DefaultConditionalExecutionQueue$ExecutionRunner$1.run()V+14
j  org.gradle.internal.Factories$1.create()Ljava/lang/Object;+4
J 14815 c1 org.gradle.internal.work.DefaultWorkerLeaseService.withLocks(Ljava/util/Collection;Lorg/gradle/internal/Factory;)Ljava/lang/Object; (53 bytes) @ 0x0000024b03eba014 [0x0000024b03eb9bc0+0x0000000000000454]
J 14557 c1 org.gradle.internal.work.DefaultWorkerLeaseService.runAsWorkerThread(Lorg/gradle/internal/Factory;)Ljava/lang/Object; (37 bytes) @ 0x0000024b035018f4 [0x0000024b03501360+0x0000000000000594]
j  org.gradle.internal.work.DefaultWorkerLeaseService.runAsWorkerThread(Ljava/lang/Runnable;)V+5
j  org.gradle.internal.work.DefaultConditionalExecutionQueue$ExecutionRunner.runBatch(Lorg/gradle/internal/work/ConditionalExecution;)V+16
j  org.gradle.internal.work.DefaultConditionalExecutionQueue$ExecutionRunner.run()V+11
j  java.util.concurrent.Executors$RunnableAdapter.call()Ljava/lang/Object;+4 java.base@21.0.5
J 22017 c1 java.util.concurrent.FutureTask.run()V java.base@21.0.5 (123 bytes) @ 0x0000024b050e33c4 [0x0000024b050e3240+0x0000000000000184]
J 14353 c2 org.gradle.internal.concurrent.ExecutorPolicy$CatchAndRecordFailures.onExecute(Ljava/lang/Runnable;)V (29 bytes) @ 0x0000024b0b382b14 [0x0000024b0b382ac0+0x0000000000000054]
J 15192 c1 org.gradle.internal.concurrent.AbstractManagedExecutor$1.run()V (57 bytes) @ 0x0000024b048baed4 [0x0000024b048bad20+0x00000000000001b4]
j  java.util.concurrent.ThreadPoolExecutor.runWorker(Ljava/util/concurrent/ThreadPoolExecutor$Worker;)V+92 java.base@21.0.5
j  java.util.concurrent.ThreadPoolExecutor$Worker.run()V+5 java.base@21.0.5
j  java.lang.Thread.runWith(Ljava/lang/Object;Ljava/lang/Runnable;)V+5 java.base@21.0.5
j  java.lang.Thread.run()V+19 java.base@21.0.5
v  ~StubRoutines::call_stub 0x0000024b0a4e100d

Compiled method (n/a) 78669  907     n 0       java.lang.ClassLoader::defineClass1 (native)
 total in heap  [0x0000024b0ac8e610,0x0000024b0ac8ec68] = 1624
 relocation     [0x0000024b0ac8e770,0x0000024b0ac8e7a8] = 56
 main code      [0x0000024b0ac8e7c0,0x0000024b0ac8ec67] = 1191
 stub code      [0x0000024b0ac8ec67,0x0000024b0ac8ec68] = 1

[Constant Pool (empty)]

[MachCode]
[Entry Point]
  # {method} {0x0000024b17025018} 'defineClass1' '(Ljava/lang/ClassLoader;Ljava/lang/String;[BIILjava/security/ProtectionDomain;Ljava/lang/String;)Ljava/lang/Class;' in 'java/lang/ClassLoader'
  # parm0:    rdx:rdx   = 'java/lang/ClassLoader'
  # parm1:    r8:r8     = 'java/lang/String'
  # parm2:    r9:r9     = '[B'
  # parm3:    rdi       = int
  # parm4:    rsi       = int
  # parm5:    rcx:rcx   = 'java/security/ProtectionDomain'
  # parm6:    [sp+0xa0]   = 'java/lang/String'  (sp of caller)
  0x0000024b0ac8e7c0: 448b 5208 | 49c1 e203 | 493b c20f | 8407 0000 

  0x0000024b0ac8e7d0: ;   {runtime_call ic_miss_stub}
  0x0000024b0ac8e7d0: 00e9 aaff | 89ff 6690 
[Verified Entry Point]
  0x0000024b0ac8e7d8: 8984 2400 | 80ff ff55 | 488b ec48 | 81ec 9000 | 0000 6690 | 4181 7f20 | 1d00 0000 

  0x0000024b0ac8e7f4: ;   {runtime_call StubRoutines (final stubs)}
  0x0000024b0ac8e7f4: 7405 e825 | b388 ff48 | 837d 1000 | 488d 4510 | 480f 4445 | 1048 8944 | 2440 4889 | 4c24 7048 
  0x0000024b0ac8e814: 83f9 0048 | 8d44 2470 | 480f 4444 | 2470 4889 | 4424 3848 | 8974 2430 | 4889 7c24 | 284c 894c 
  0x0000024b0ac8e834: 2458 4983 | f900 488d | 4424 5848 | 0f44 4424 | 5848 8944 | 2420 4c89 | 4424 5049 | 83f8 004c 
  0x0000024b0ac8e854: 8d4c 2450 | 4c0f 444c | 2450 4889 | 5424 4848 | 83fa 004c | 8d44 2448 | 4c0f 4444 

  0x0000024b0ac8e870: ;   {oop(a 'java/lang/Class'{0x00000000805f0760} = 'java/lang/ClassLoader')}
  0x0000024b0ac8e870: 2448 49be | 6007 5f80 | 0000 0000 | 4c89 7424 | 784c 8d74 | 2478 498b | d6c5 f877 

  0x0000024b0ac8e88c: ;   {internal_word}
  0x0000024b0ac8e88c: 49ba 89e8 | c80a 4b02 | 0000 4d89 | 97a0 0300 | 0049 89a7 | 9803 0000 

  0x0000024b0ac8e8a4: ;   {external_word}
  0x0000024b0ac8e8a4: 49ba 4047 | 4c01 fc7f | 0000 4180 | 3a00 0f84 | 4e00 0000 | 5241 5041 

  0x0000024b0ac8e8bc: ;   {metadata({method} {0x0000024b17025018} 'defineClass1' '(Ljava/lang/ClassLoader;Ljava/lang/String;[BIILjava/security/ProtectionDomain;Ljava/lang/String;)Ljava/lang/Class;' in 'java/lang/ClassLoader')}
  0x0000024b0ac8e8bc: 5148 ba10 | 5002 174b | 0200 0049 | 8bcf 4883 | ec20 40f6 | c40f 0f84 | 1900 0000 | 4883 ec08 
  0x0000024b0ac8e8dc: ;   {runtime_call}
  0x0000024b0ac8e8dc: 48b8 d06b | 0601 fc7f | 0000 ffd0 | 4883 c408 | e90c 0000 

  0x0000024b0ac8e8f0: ;   {runtime_call}
  0x0000024b0ac8e8f0: 0048 b8d0 | 6b06 01fc | 7f00 00ff | d048 83c4 | 2041 5941 | 585a 498d | 8fb8 0300 | 0041 c787 
  0x0000024b0ac8e910: 4404 0000 | 0400 0000 

  0x0000024b0ac8e918: ;   {runtime_call}
  0x0000024b0ac8e918: 48b8 ac16 | 267a fc7f | 0000 ffd0 | c5f8 7741 | c787 4404 | 0000 0500 | 0000 f083 | 4424 c000 
  0x0000024b0ac8e938: 493b af48 | 0400 000f | 870e 0000 | 0041 83bf | 4004 0000 | 000f 842b | 0000 00c5 | f877 4889 
  0x0000024b0ac8e958: 45f8 498b | cf4c 8be4 | 4883 ec20 | 4883 e4f0 

  0x0000024b0ac8e968: ;   {runtime_call}
  0x0000024b0ac8e968: 48b8 70da | d100 fc7f | 0000 ffd0 | 498b e44d | 33e4 488b | 45f8 41c7 | 8744 0400 | 0008 0000 
  0x0000024b0ac8e988: 0041 83bf | c004 0000 | 020f 84a3 

  0x0000024b0ac8e994: ;   {external_word}
  0x0000024b0ac8e994: 0200 0049 | ba40 474c | 01fc 7f00 | 0041 803a | 000f 844c | 0000 0048 

  0x0000024b0ac8e9ac: ;   {metadata({method} {0x0000024b17025018} 'defineClass1' '(Ljava/lang/ClassLoader;Ljava/lang/String;[BIILjava/security/ProtectionDomain;Ljava/lang/String;)Ljava/lang/Class;' in 'java/lang/ClassLoader')}
  0x0000024b0ac8e9ac: 8945 f848 | ba10 5002 | 174b 0200 | 0049 8bcf | 4883 ec20 | 40f6 c40f | 0f84 1900 | 0000 4883 
  0x0000024b0ac8e9cc: ;   {runtime_call}
  0x0000024b0ac8e9cc: ec08 48b8 | d06b 0601 | fc7f 0000 | ffd0 4883 | c408 e90c 

  0x0000024b0ac8e9e0: ;   {runtime_call}
  0x0000024b0ac8e9e0: 0000 0048 | b8d0 6b06 | 01fc 7f00 | 00ff d048 | 83c4 2048 | 8b45 f849 | c787 9803 | 0000 0000 
  0x0000024b0ac8ea00: 0000 49c7 | 87a0 0300 | 0000 0000 | 00c5 f877 | 4885 c00f | 84fe 0100 | 00a8 030f | 8508 0000 
  0x0000024b0ac8ea20: 0048 8b00 | e9ee 0100 | 00a8 010f | 8509 0000 | 0048 8b40 | fee9 dd01 | 0000 488b | 40ff 4180 
  0x0000024b0ac8ea40: 7f40 000f | 84ce 0100 | 0048 83f8 | 000f 84c4 | 0100 0049 | 8b4f 2848 | 83f9 000f | 8414 0000 
  0x0000024b0ac8ea60: 0048 83e9 | 0849 894f | 2849 034f | 3848 8901 | e9a2 0100 | 0048 81ec | d000 0000 | 4889 0424 
  0x0000024b0ac8ea80: 4889 4c24 | 0848 8954 | 2410 4889 | 7424 1848 | 897c 2420 | 4c89 4424 | 284c 894c | 2430 4c89 
  0x0000024b0ac8eaa0: 5424 384c | 895c 2440 | c5fb 1144 | 2450 c5fb | 114c 2458 | c5fb 1154 | 2460 c5fb | 115c 2468 
  0x0000024b0ac8eac0: c5fb 1164 | 2470 c5fb | 116c 2478 | c5fb 11b4 | 2480 0000 | 00c5 fb11 | bc24 8800 | 0000 c57b 
  0x0000024b0ac8eae0: ;   {no_reloc}
  0x0000024b0ac8eae0: 1184 2490 | 0000 00c5 | 7b11 8c24 | 9800 0000 | c57b 1194 | 24a0 0000 | 00c5 7b11 | 9c24 a800 
  0x0000024b0ac8eb00: 0000 c57b | 11a4 24b0 | 0000 00c5 | 7b11 ac24 | b800 0000 | c57b 11b4 | 24c0 0000 | 00c5 7b11 
  0x0000024b0ac8eb20: bc24 c800 | 0000 498b | d748 8bc8 | 4883 ec20 | 40f6 c40f | 0f84 1900 | 0000 4883 

  0x0000024b0ac8eb3c: ;   {runtime_call}
  0x0000024b0ac8eb3c: ec08 48b8 | 70ed c400 | fc7f 0000 | ffd0 4883 | c408 e90c 

  0x0000024b0ac8eb50: ;   {runtime_call}
  0x0000024b0ac8eb50: 0000 0048 | b870 edc4 | 00fc 7f00 | 00ff d048 | 83c4 20c5 | 7b10 bc24 | c800 0000 | c57b 10b4 
  0x0000024b0ac8eb70: 24c0 0000 | 00c5 7b10 | ac24 b800 | 0000 c57b | 10a4 24b0 | 0000 00c5 | 7b10 9c24 | a800 0000 
  0x0000024b0ac8eb90: c57b 1094 | 24a0 0000 | 00c5 7b10 | 8c24 9800 | 0000 c57b | 1084 2490 | 0000 00c5 | fb10 bc24 
  0x0000024b0ac8ebb0: 8800 0000 | c5fb 10b4 | 2480 0000 | 00c5 fb10 | 6c24 78c5 | fb10 6424 | 70c5 fb10 | 5c24 68c5 
  0x0000024b0ac8ebd0: fb10 5424 | 60c5 fb10 | 4c24 58c5 | fb10 4424 | 504c 8b5c | 2440 4c8b | 5424 384c | 8b4c 2430 
  0x0000024b0ac8ebf0: 4c8b 4424 | 2848 8b7c | 2420 488b | 7424 1848 | 8b54 2410 | 488b 4c24 | 0848 8b04 | 2448 81c4 
  0x0000024b0ac8ec10: d000 0000 | c5f8 7749 | 8b8f 2804 | 0000 c781 | 0001 0000 | 0000 0000 | c949 837f | 0800 0f85 
  0x0000024b0ac8ec30: 0100 0000 

  0x0000024b0ac8ec34: ;   {runtime_call StubRoutines (initial stubs)}
  0x0000024b0ac8ec34: c3e9 c622 | 85ff c5f8 | 7748 8945 | f84c 8be4 | 4883 ec20 | 4883 e4f0 

  0x0000024b0ac8ec4c: ;   {runtime_call}
  0x0000024b0ac8ec4c: 48b8 70a3 | 0601 fc7f | 0000 ffd0 | 498b e44d | 33e4 488b | 45f8 e930 | fdff fff4 
[/MachCode]


Compiled method (c2) 78682 9732       4       java.security.SecureClassLoader::defineClass (16 bytes)
 total in heap  [0x0000024b0af05410,0x0000024b0af0b328] = 24344
 relocation     [0x0000024b0af05570,0x0000024b0af05928] = 952
 main code      [0x0000024b0af05940,0x0000024b0af08e00] = 13504
 stub code      [0x0000024b0af08e00,0x0000024b0af08f60] = 352
 oops           [0x0000024b0af08f60,0x0000024b0af08f78] = 24
 metadata       [0x0000024b0af08f78,0x0000024b0af09248] = 720
 scopes data    [0x0000024b0af09248,0x0000024b0af0a5b0] = 4968
 scopes pcs     [0x0000024b0af0a5b0,0x0000024b0af0add0] = 2080
 dependencies   [0x0000024b0af0add0,0x0000024b0af0ae88] = 184
 handler table  [0x0000024b0af0ae88,0x0000024b0af0b260] = 984
 nul chk table  [0x0000024b0af0b260,0x0000024b0af0b328] = 200

[Constant Pool (empty)]

[MachCode]
[Entry Point]
  # {method} {0x0000024b1703d470} 'defineClass' '(Ljava/lang/String;[BIILjava/security/CodeSource;)Ljava/lang/Class;' in 'java/security/SecureClassLoader'
  # this:     rdx:rdx   = 'java/security/SecureClassLoader'
  # parm0:    r8:r8     = 'java/lang/String'
  # parm1:    r9:r9     = '[B'
  # parm2:    rdi       = int
  # parm3:    rsi       = int
  # parm4:    rcx:rcx   = 'java/security/CodeSource'
  #           [sp+0xd0]  (sp of caller)
  0x0000024b0af05940: 448b 5208 | 49c1 e203 

  0x0000024b0af05948: ;   {runtime_call ic_miss_stub}
  0x0000024b0af05948: 493b c20f | 852f 8e62 | ff66 6690 | 660f 1f44 | 0000 660f | 1f44 0000 
[Verified Entry Point]
  0x0000024b0af05960: 8984 2400 | 80ff ff55 | 4881 ecc0 | 0000 0090 | 4181 7f20 | 1d00 0000 | 0f85 7234 | 0000 8974 
  0x0000024b0af05980: 2448 897c | 242c 4c89 | 4c24 404c | 8944 2438 | 4889 5424 | 3048 8be9 | 4885 c90f | 8473 2400 
  0x0000024b0af059a0: 004d 8b87 | b801 0000 | 4d8b d049 | 83c2 104d | 3b97 c801 | 0000 0f83 | e01c 0000 | 4d89 97b8 
  0x0000024b0af059c0: 0100 0041 | 0f18 8200 | 0100 0049 | c700 0100 

  0x0000024b0af059d0: ;   {metadata('java/security/SecureClassLoader$CodeSourceKey')}
  0x0000024b0af059d0: 0000 41c7 | 4008 8f21 | 0120 4c8b | d545 8950 | 0c4d 8b8f | b801 0000 | 4c8b 5424 | 3041 8b6a 
  0x0000024b0af059f0: 504d 8bd1 | 4983 c210 | 4d3b 97c8 | 0100 000f | 83bb 1c00 | 004d 8997 | b801 0000 | 410f 1882 
  0x0000024b0af05a10: 0001 0000 | 49c7 0101 

  0x0000024b0af05a18: ;   {metadata('java/security/SecureClassLoader$1')}
  0x0000024b0af05a18: 0000 0041 | c741 08d3 | 2101 204c | 8b54 2430 | 4589 510c 

  0x0000024b0af05a2c: ; implicit exception: dispatches to 0x0000024b0af08960
  0x0000024b0af05a2c: 448b 5508 

  0x0000024b0af05a30: ;   {metadata('java/util/concurrent/ConcurrentHashMap')}
  0x0000024b0af05a30: 4181 fa11 | ab00 200f | 850f 2100 | 0048 8bd5 

  0x0000024b0af05a40: ;   {optimized virtual_call}
  0x0000024b0af05a40: c5f8 77e8 

  0x0000024b0af05a44: ; ImmutableOopMap {[48]=Oop [56]=Oop [64]=Oop }
                      ;*invokeinterface computeIfAbsent {reexecute=0 rethrow=0 return_oop=1}
                      ; - java.security.SecureClassLoader::getProtectionDomain@28
                      ; - java.security.SecureClassLoader::defineClass@9
  0x0000024b0af05a44: b8e4 2400 

  0x0000024b0af05a48: ;   {other}
  0x0000024b0af05a48: 0f1f 8400 | 3806 0000 

  0x0000024b0af05a50: ; implicit exception: dispatches to 0x0000024b0af08980
  0x0000024b0af05a50: 448b 5808 

  0x0000024b0af05a54: ;   {metadata('java/security/ProtectionDomain')}
  0x0000024b0af05a54: 4181 fb57 | 8800 200f | 8537 2e00 | 0048 8984 | 2488 0000 | 004c 8b54 | 2438 418b | 6a14 448b 
  0x0000024b0af05a74: 450c 4585 | c00f 8621 | 2100 0045 | 0fbe 5a10 | c4c2 22f7 | f848 8bd5 | 4585 db0f | 8597 0e00 
  0x0000024b0af05a94: 0041 3bf8 | 448b df45 | 0f4f d845 | 85db 0f8e | af0e 0000 | 453b c30f | 828b 2100 | 0048 8d7d 
  0x0000024b0af05ab4: 1041 8bd3 | b82f 0000 | 0048 8bdf | 83fa 100f | 8c79 0000 | 0083 fa20 | 0f8c 3600 | 0000 c5f9 
  0x0000024b0af05ad4: 6ed0 c4e2 | 7d78 d2c5 | fdef c08b | ca83 e1e0 | 83e2 1fc5 | fe6f 0bc5 | f574 cac4 | e27d 17c1 
  0x0000024b0af05af4: 0f83 6900 | 0000 4883 | c320 83e9 | 2075 e4e9 | 0d00 0000 | c5f9 6ed0 | c5f9 efc0 | c4e2 6900 
  0x0000024b0af05b14: d083 fa10 | 0f8c 2400 | 0000 8bca | 83e1 f083 | e20f c5fa | 6f0b c5f1 | 74ca c4e2 | 7917 c10f 
  0x0000024b0af05b34: 832a 0000 | 0048 83c3 | 1083 e910 | 75e4 85d2 | 0f84 1200 | 0000 0fb6 | 0b3b c174 

  0x0000024b0af05b50: ;   {no_reloc}
  0x0000024b0af05b50: 1c48 83c3 | 0183 ea01 | 7402 ebee | bbff ffff | ffeb 0dc5 | fdd7 c90f | bcc1 4803 | d848 2bdf 
  0x0000024b0af05b70: 83fb ff0f | 85c3 2100 | 004c 8b54 | 2438 458b | 5a14 4180 | 7a10 000f | 8510 1f00 | 0041 8b6b 
  0x0000024b0af05b90: 0c85 ed0f | 8637 2000 | 0045 0fb6 | 5310 4183 | fa5b 0f84 | 9c22 0000 | 4c8b 5424 | 3845 8b5a 
  0x0000024b0af05bb0: 1441 8b53 | 0c45 0fbe | 5210 c4e2 | 2af7 ea49 | 8bfb 4d8d | 4b10 448d | 45fb 4585 | c07c 1c45 
  0x0000024b0af05bd0: 85d2 0f85 | 6023 0000 | 83fa 040f | 869f 2000 | 0041 8039 | 6a0f 8497 | 0c00 0048 | 8b5c 2430 
  0x0000024b0af05bf0: 4c8b 8424 | 8800 0000 | 458b 7010 | 8d45 ff45 | 85d2 0f85 | 6821 0000 | 448d 52ff | 443b d044 
  0x0000024b0af05c10: 0f4f d045 | 85d2 0f8c | f100 0000 | 85d2 0f86 | ec1e 0000 | 443b d20f | 83e3 1e00 | 0045 85d2 
  0x0000024b0af05c30: 0f8e ca1f | 0000 458d | 42ff 430f | be4c 1310 | 83f9 2e0f | 84d3 0c00 | 0041 ffca | 453b d07f 
  0x0000024b0af05c50: ;   {no_reloc}
  0x0000024b0af05c50: e941 83fa | 020f 8e90 | 0000 0045 | 8d42 fe33 | c941 83fa | 0244 0f4c | c141 81f8 | a00f 0000 
  0x0000024b0af05c70: bea0 0f00 | 0044 0f47 | c641 8bc2 | 412b c090 | 4963 ca45 | 0fbe 440b | 1041 83f8 | 2e0f 8482 
  0x0000024b0af05c90: 0000 0045 | 0fbe 440b | 0f41 83f8 | 2e74 7b45 | 8d42 fe43 | 0fbe 4c03 | 1083 f92e | 7470 458d 
  0x0000024b0af05cb0: 42fd 430f | be4c 0310 | 83f9 2e74 | 6141 83c2 | fc44 3bd0 | 7fba 498b | 8750 0400 | 004c 8b44 
  0x0000024b0af05cd0: 2430 488b | 4c24 3848 | 8bb4 2488 

  0x0000024b0af05cdc: ; ImmutableOopMap {r11=NarrowOop r8=Oop rcx=Oop rbx=Oop rdi=Oop r9=Derived_oop_rdi rsi=Oop r14=NarrowOop [48]=Oop [56]=Oop [64]=Oop [136]=Oop }
                      ;*goto {reexecute=1 rethrow=0 return_oop=0}
                      ; - (reexecute) java.lang.StringLatin1::lastIndexOf@35
                      ; - java.lang.String::lastIndexOf@13
                      ; - java.lang.String::lastIndexOf@8
                      ; - java.lang.ClassLoader::checkCerts@3
                      ; - java.lang.ClassLoader::preDefineClass@113
                      ; - java.lang.ClassLoader::defineClass@4
                      ; - java.security.SecureClassLoader::defineClass@12
                      ;   {poll}
  0x0000024b0af05cdc: 0000 0085 | 0041 83fa | 020f 8f70 | ffff ff41 | 83fa ff7e | 1c66 6690 | 470f be44 | 1310 4183 
  0x0000024b0af05cfc: f82e 0f84 | 3020 0000 | 41ff ca41 | 83fa ff7f | e741 b8ff | ffff ffeb | 0945 8bc2 | eb04 458d 
  0x0000024b0af05d1c: 42ff 4183 | f8ff 0f84 | 390c 0000 | 4585 c00f | 8c93 2000 | 0044 3bc5 | 0f8f 3e21 | 0000 443b 
  0x0000024b0af05d3c: c50f 8435 | 0b00 0045 | 85c0 0f84 | 8018 0000 | 498b b7b8 | 0100 004c | 8bd6 4983 | c218 4d3b 
  0x0000024b0af05d5c: 97c8 0100 | 000f 8395 | 1900 004d | 8997 b801 | 0000 410f | 1882 0001 | 0000 48c7 | 0601 0000 
  0x0000024b0af05d7c: ;   {metadata('java/lang/String')}
  0x0000024b0af05d7c: 00c7 4608 | d683 0020 | 4489 660c | 4c89 6610 | 443b c20f | 84d9 0000 | 0041 81f8 | 0000 1000 
  0x0000024b0af05d9c: 0f87 cb23 | 0000 4d63 | d041 3bd0 | 8bea 410f | 4fe8 3bd5 | 0f82 2b24 | 0000 443b | c50f 8222 
  0x0000024b0af05dbc: 2400 0049 | 83c2 1749 | 8bc2 4883 | e0f8 4181 | f800 0010 | 000f 87c2 | 1b00 004d | 8baf b801 
  0x0000024b0af05ddc: 0000 4d8b | dd4c 03d8 | 4d3b 9fc8 | 0100 000f | 83a8 1b00 | 004d 899f | b801 0000 | 410f 1883 
  0x0000024b0af05dfc: 0001 0000 | 49c7 4500 | 0100 0000 | 410f 1883 | 4001 0000 

  0x0000024b0af05e10: ;   {metadata({type array byte})}
  0x0000024b0af05e10: 41c7 4508 | 4581 0020 | 4589 450c | 410f 1883 | 8001 0000 | 4d8b dd49 | 83c3 1049 | c1ea 0385 
  0x0000024b0af05e30: ed0f 843e | 2300 0041 | 3be8 0f8c | 4315 0000 | 4883 c0f0 | 48c1 e803 | 498b c949 | 8bd3 4c8b 
  0x0000024b0af05e50: c0c5 f877 | 49ba 6081 | 510a 4b02 | 0000 41ff 

  0x0000024b0af05e60: ;   {other}
  0x0000024b0af05e60: d20f 1f84 | 0000 0000 | 00e9 8b00 | 0000 4c63 | c281 fa00 | 0010 000f | 8758 1900 | 004d 8baf 
  0x0000024b0af05e80: b801 0000 | 4d8d 5017 | 4983 e2f8 | 498b cd49 | 03ca 493b | 8fc8 0100 | 000f 8336 | 1900 0049 
  0x0000024b0af05ea0: 898f b801 | 0000 0f18 | 8100 0100 | 0049 c745 | 0001 0000 | 000f 1881 | 4001 0000 

  0x0000024b0af05ebc: ;   {metadata({type array byte})}
  0x0000024b0af05ebc: 41c7 4508 | 4581 0020 | 4189 550c | 0f18 8180 | 0100 0049 | 8bd5 4883 | c210 4983 | c007 49c1 
  0x0000024b0af05edc: e803 498b | c9c5 f877 | 49ba 6081 | 510a 4b02 | 0000 41ff 

  0x0000024b0af05ef0: ;   {other}
  0x0000024b0af05ef0: d20f 1f84 | 0000 0000 | 0041 807f | 4000 0f85 | 6c0a 0000 | 4c8b d64d | 8bc5 4489 | 4614 4d8b 
  0x0000024b0af05f10: dd4d 33da | 49c1 eb14 | 4d85 db74 | 1a49 c1ea | 0948 b900 | 0071 7e4b | 0200 0049 | 03ca 8039 
  0x0000024b0af05f30: 020f 856c | 0a00 0044 | 8866 1048 | 8bfe 458b | 4e14 4585 | c90f 85a9 | 0a00 0045 | 8b5e 1045 
  0x0000024b0af05f50: 85db 0f85 | 4c0b 0000 

  0x0000024b0af05f58: ;   {oop(""{0x0000000080526dc0})}
  0x0000024b0af05f58: 49b8 c06d | 5280 0000 | 0000 49b9 | 0000 717e | 4b02 0000 

  0x0000024b0af05f6c: ;   {oop(a 'java/security/cert/Certificate'[0] {0x000000008050e470})}
  0x0000024b0af05f6c: 49ba 70e4 | 5080 0000 | 0000 448b | 5b2c 4585 | db0f 843d | 1b00 004c | 8954 2460 | 4c8b d74c 
  0x0000024b0af05f8c: 894c 2458 | 4c89 4424 | 5048 895c | 2420 498b | d3bf 0100 | 0000 4d8b | c24c 8b4c | 2460 6690 
  0x0000024b0af05fac: ;   {optimized virtual_call}
  0x0000024b0af05fac: c5f8 77e8 

  0x0000024b0af05fb0: ; ImmutableOopMap {[32]=Oop [48]=Oop [56]=Oop [64]=Oop [80]=Oop [96]=Oop [136]=Oop }
                      ;*invokevirtual putVal {reexecute=0 rethrow=0 return_oop=1}
                      ; - java.util.concurrent.ConcurrentHashMap::putIfAbsent@4
                      ; - java.lang.ClassLoader::checkCerts@62
                      ; - java.lang.ClassLoader::preDefineClass@113
                      ; - java.lang.ClassLoader::defineClass@4
                      ; - java.security.SecureClassLoader::defineClass@12
  0x0000024b0af05fb0: 0c85 8800 

  0x0000024b0af05fb4: ;   {other}
  0x0000024b0af05fb4: 0f1f 8400 | a40b 0002 | 4885 c074 | 3344 8b50 

  0x0000024b0af05fc4: ;   {metadata('java/security/cert/Certificate'[])}
  0x0000024b0af05fc4: 0841 81fa | 4253 0020 | 0f85 fa28 | 0000 488b | c848 8b7c | 2460 448b | 570c 448b | 490c 4585 
  0x0000024b0af05fe4: d20f 8736 | 1400 0045 | 85c9 0f87 | b01e 0000 | 4c8b 8c24 | 8800 0000 | 458b 5110 

  0x0000024b0af06000: ; implicit exception: dispatches to 0x0000024b0af08ad8
  0x0000024b0af06000: 418b 6a0c 

  0x0000024b0af06004: ; implicit exception: dispatches to 0x0000024b0af08b18
  0x0000024b0af06004: 448b 5538 | 4585 d20f | 84cf 1a00 | 0048 ffb4 | 2488 0000 | 0048 8f44 | 2460 498b | d24c 8bc5 
  0x0000024b0af06024: ;   {optimized virtual_call}
  0x0000024b0af06024: c5f8 77e8 

  0x0000024b0af06028: ; ImmutableOopMap {[48]=Oop [56]=Oop [64]=Oop [80]=Oop [96]=Oop [136]=Oop }
                      ;*invokevirtual toExternalForm {reexecute=0 rethrow=0 return_oop=1}
                      ; - java.net.URL::toExternalForm@5
                      ; - java.net.URL::toString@1
                      ; - java.lang.ClassLoader::defineClassSourceLocation@22
                      ; - java.lang.ClassLoader::defineClass@12
                      ; - java.security.SecureClassLoader::defineClass@12
  0x0000024b0af06028: 74c5 dcff 

  0x0000024b0af0602c: ;   {other}
  0x0000024b0af0602c: 0f1f 8400 | 1c0c 0003 | 488b 5424 | 304c 8b44 | 2438 4c8b | 4c24 408b | 7c24 2c8b | 7424 4848 
  0x0000024b0af0604c: 8b8c 2488 | 0000 0048 | 8904 2490 

  0x0000024b0af06058: ;   {static_call}
  0x0000024b0af06058: c5f8 77e8 

  0x0000024b0af0605c: ; ImmutableOopMap {[48]=Oop [80]=Oop [96]=Oop [136]=Oop }
                      ;*invokestatic defineClass1 {reexecute=0 rethrow=0 return_oop=1}
                      ; - java.lang.ClassLoader::defineClass@27
                      ; - java.security.SecureClassLoader::defineClass@12
  0x0000024b0af0605c: 7887 d8ff 

  0x0000024b0af06060: ;   {other}
  0x0000024b0af06060: 0f1f 8400 | 500c 0004 | 4889 4424 | 6844 8b50 | 3c45 85d2 | 7408 498b | dae9 cc03 | 0000 4c8b 
  0x0000024b0af06080: 5010 458b | 5a08 4585 | db0f 8c59 | 1c00 0044 | 8b50 2c45 | 85d2 0f84 | 3c08 0000 | 4d8b da41 
  0x0000024b0af060a0: 8b4b 148b | 790c 450f | be53 10c4 | 622a f7cf | 418d 59ff | 4585 d20f | 85e7 1e00 | 004c 8bd1 
  0x0000024b0af060c0: 4c89 9424 | 8800 0000 | 448d 57ff | 443b d344 | 0f4f d345 | 85d2 0f8c | d800 0000 | 85ff 0f86 
  0x0000024b0af060e0: c01b 0000 | 443b d70f | 83b7 1b00 | 0045 85d2 | 0f8e 121c | 0000 458d | 42ff 420f | be5c 1110 
  0x0000024b0af06100: 83fb 2e0f | 841b 0800 | 0041 ffca | 453b d07f | e941 83fa | 020f 8e79 | 0000 0041 | 8d52 fe33 
  0x0000024b0af06120: db41 83fa | 020f 4cd3 | 81fa a00f | 0000 41b8 | a00f 0000 | 410f 47d0 | 418b da2b | da66 6690 
  0x0000024b0af06140: 4963 d244 | 0fbe 4411 | 1041 83f8 | 2e74 6d0f | be54 110f | 83fa 2e74 | 6845 8d42 

  0x0000024b0af0615c: ;   {no_reloc}
  0x0000024b0af0615c: fe42 0fbe | 5401 1083 | fa2e 745d | 458d 42fd | 420f be74 | 0110 83fe | 2e74 4e41 | 83c2 fc44 
  0x0000024b0af0617c: 3bd3 7fc0 | 498b 8750 | 0400 004c 

  0x0000024b0af06188: ; ImmutableOopMap {r11=Oop r8=Oop rcx=NarrowOop [48]=Oop [80]=Oop [96]=Oop [104]=Oop [136]=Oop }
                      ;*goto {reexecute=1 rethrow=0 return_oop=0}
                      ; - (reexecute) java.lang.StringLatin1::lastIndexOf@35
                      ; - java.lang.String::lastIndexOf@13
                      ; - java.lang.String::lastIndexOf@8
                      ; - java.lang.Class::getPackageName@47
                      ; - java.lang.ClassLoader::postDefineClass@2
                      ; - java.lang.ClassLoader::defineClass@37
                      ; - java.security.SecureClassLoader::defineClass@12
  0x0000024b0af06188: 8b44 2468 

  0x0000024b0af0618c: ;   {poll}
  0x0000024b0af0618c: 8500 4183 | fa02 7f87 | 4183 faff | 7e1a 6690 | 420f be5c | 1110 83fb | 2e0f 84f1 | 1d00 0041 
  0x0000024b0af061ac: ffca 4183 | faff 7fe8 | 41b8 ffff | ffff eb09 | 458b c2eb | 0445 8d42 | ff41 83f8 | ff0f 842e 
  0x0000024b0af061cc: 0200 0045 | 85c0 0f8c | 201e 0000 | 453b c10f | 8f57 1e00 | 0045 3bc1 | 0f84 2a07 | 0000 4585 
  0x0000024b0af061ec: c00f 84fa | 1400 0049 | 8b9f b801 | 0000 4c8b | d349 83c2 | 184d 3b97 | c801 0000 | 0f83 5a16 
  0x0000024b0af0620c: 0000 4d89 | 97b8 0100 | 0041 0f18 | 8200 0100 | 0048 c703 | 0100 0000 

  0x0000024b0af06224: ;   {metadata('java/lang/String')}
  0x0000024b0af06224: c743 08d6 | 8300 2044 | 8963 0c4c | 8963 104c | 8d51 1044 | 3bc7 0f84 | d700 0000 | 4181 f800 
  0x0000024b0af06244: 0010 000f | 876f 2000 | 004d 63d8 | 413b f88b | ef41 0f4f | e83b fd0f | 82cf 2000 | 0044 3bc5 
  0x0000024b0af06264: 0f82 c620 | 0000 4983 | c317 498b | fb48 83e7 | f841 81f8 | 0000 1000 | 0f87 bb17 | 0000 498b 
  0x0000024b0af06284: b7b8 0100 | 004c 8bce | 4c03 cf4d | 3b8f c801 | 0000 0f83 | a117 0000 | 4d89 8fb8 | 0100 0041 
  0x0000024b0af062a4: 0f18 8100 | 0100 0048 | c706 0100 | 0000 410f | 1881 4001 

  0x0000024b0af062b8: ;   {metadata({type array byte})}
  0x0000024b0af062b8: 0000 c746 | 0845 8100 | 2044 8946 | 0c41 0f18 | 8180 0100 | 004c 8bce | 4983 c110 | 49c1 eb03 
  0x0000024b0af062d8: 85ed 0f84 | e41f 0000 | 413b e80f | 8c15 1300 | 0048 83c7 | f048 c1ef | 0349 8bca | 498b d14c 
  0x0000024b0af062f8: 8bc7 c5f8 | 7749 ba60 | 8151 0a4b | 0200 0041 

  0x0000024b0af06308: ;   {other}
  0x0000024b0af06308: ffd2 0f1f | 8400 0000 | 0000 e98b | 0000 004c | 63c7 81ff | 0000 1000 | 0f87 1716 | 0000 498b 
  0x0000024b0af06328: b7b8 0100 | 004d 8d58 | 1749 83e3 | f84c 8bce | 4d03 cb4d | 3b8f c801 | 0000 0f83 | f515 0000 
  0x0000024b0af06348: 4d89 8fb8 | 0100 0041 | 0f18 8100 | 0100 0048 | c706 0100 | 0000 410f | 1881 4001 

  0x0000024b0af06364: ;   {metadata({type array byte})}
  0x0000024b0af06364: 0000 c746 | 0845 8100 | 2089 7e0c | 410f 1881 | 8001 0000 | 488b d648 | 83c2 1049 | 83c0 0749 
  0x0000024b0af06384: c1e8 0349 | 8bca c5f8 | 7749 ba60 | 8151 0a4b | 0200 0041 

  0x0000024b0af06398: ;   {other}
  0x0000024b0af06398: ffd2 0f1f | 8400 0000 | 0000 4180 | 7f40 000f | 85fd 0a00 | 004c 8bd3 | 4c8b de44 | 895b 144c 
  0x0000024b0af063b8: 8bde 4d33 | da49 c1eb | 144d 85db | 741a 49c1 | ea09 48b9 | 0000 717e | 4b02 0000 | 4903 ca80 
  0x0000024b0af063d8: 3902 0f85 | fd0a 0000 | 4488 6310 | 488b d390 

  0x0000024b0af063e8: ;   {optimized virtual_call}
  0x0000024b0af063e8: c5f8 77e8 

  0x0000024b0af063ec: ; ImmutableOopMap {[48]=Oop [96]=Oop [104]=Oop }
                      ;*invokevirtual intern {reexecute=0 rethrow=0 return_oop=1}
                      ; - java.lang.Class::getPackageName@65
                      ; - java.lang.ClassLoader::postDefineClass@2
                      ; - java.lang.ClassLoader::defineClass@37
                      ; - java.security.SecureClassLoader::defineClass@12
  0x0000024b0af063ec: 680d d4ff 

  0x0000024b0af063f0: ;   {other}
  0x0000024b0af063f0: 0f1f 8400 | e00f 0006 | 4889 4424 | 5041 807f | 4000 0f85 | 190a 0000 | 488b 5c24 | 504c 8bd3 
  0x0000024b0af06410: 4c8b 5c24 | 6845 8953 | 3c4d 8bd3 | 4c8b db4d | 33da 49c1 | eb14 4d85 | db74 1f48 | 85db 741a 
  0x0000024b0af06430: 49c1 ea09 | 48b9 0000 | 717e 4b02 | 0000 4903 | ca80 3902 | 0f85 0f0a | 0000 4c8b | 5c24 3045 
  0x0000024b0af06450: 8b53 3845 | 85d2 0f84 | 9c16 0000 | 488b cb8b | 430c 4c8b | 4424 6845 | 8b48 3085 | c00f 8499 
  0x0000024b0af06470: 0300 0045 | 8b42 2845 | 85c0 0f84 | fa00 0000 | 418b 680c | 85ed 0f86 | 6419 0000 | 448b d041 
  0x0000024b0af06490: c1ea 1044 | 33d0 ffcd | 4181 e2ff | ffff 7f41 | 23ea 4863 | dd45 8b44 | 9810 4585 | c00f 84c7 
  0x0000024b0af064b0: 0000 0041 | 8b78 0c49 | 8bf0 413b | fa0f 8475 | 0200 0085 | ff0f 8cde | 1300 008b | 5e18 85db 
  0x0000024b0af064d0: 0f84 a400 | 0000 488b | f38b 7e0c | 498b 9750 

  0x0000024b0af064e0: ; ImmutableOopMap {r11=Oop r9=NarrowOop rcx=Oop rsi=Oop [96]=Oop [104]=Oop }
                      ;*if_icmpne {reexecute=1 rethrow=0 return_oop=0}
                      ; - (reexecute) java.util.concurrent.ConcurrentHashMap::get@127
                      ; - java.lang.ClassLoader::getNamedPackage@5
                      ; - java.lang.ClassLoader::postDefineClass@9
                      ; - java.lang.ClassLoader::defineClass@37
                      ; - java.security.SecureClassLoader::defineClass@12
                      ;   {poll}
  0x0000024b0af064e0: 0400 0085 | 0241 3bfa | 7412 448b | 4618 4585 | c00f 8483 | 0000 0049 | 8bf0 ebdd | 8b6e 104c 
  0x0000024b0af06500: 8bc5 4c3b | c174 6885 | ed0f 8447 | 1f00 0048 | 8974 2440 | 4489 5424 | 3c44 894c | 2438 4889 
  0x0000024b0af06520: 4c24 304c | 895c 2420 | 4c8b c548 | 8bd1 488b | 6c24 6890 

  0x0000024b0af06534: ;   {optimized virtual_call}
  0x0000024b0af06534: c5f8 77e8 

  0x0000024b0af06538: ; ImmutableOopMap {rbp=Oop [32]=Oop [48]=Oop [56]=NarrowOop [64]=Oop [96]=Oop }
                      ;*invokevirtual equals {reexecute=0 rethrow=0 return_oop=0}
                      ; - java.util.concurrent.ConcurrentHashMap::get@149
                      ; - java.lang.ClassLoader::getNamedPackage@5
                      ; - java.lang.ClassLoader::postDefineClass@9
                      ; - java.lang.ClassLoader::defineClass@37
                      ; - java.security.SecureClassLoader::defineClass@12
  0x0000024b0af06538: 845d d3ff 

  0x0000024b0af0653c: ;   {other}
  0x0000024b0af0653c: 0f1f 8400 | 2c11 0008 | 4d8b 9750 

  0x0000024b0af06548: ; ImmutableOopMap {rbp=Oop [32]=Oop [48]=Oop [56]=NarrowOop [64]=Oop [96]=Oop }
                      ;*ifeq {reexecute=1 rethrow=0 return_oop=0}
                      ; - (reexecute) java.util.concurrent.ConcurrentHashMap::get@152
                      ; - java.lang.ClassLoader::getNamedPackage@5
                      ; - java.lang.ClassLoader::postDefineClass@9
                      ; - java.lang.ClassLoader::defineClass@37
                      ; - java.security.SecureClassLoader::defineClass@12
                      ;   {poll}
  0x0000024b0af06548: 0400 0041 | 8502 85c0 | 0f84 8510 | 0000 4c8b | 5c24 2048 | 896c 2468 | 488b 4c24 | 3044 8b4c 
  0x0000024b0af06568: 2438 488b | 7424 408b | 6e14 85ed | 0f85 3002 | 0000 498b | 87b8 0100 | 004c 8bd0 | 4983 c218 
  0x0000024b0af06588: 4d3b 97c8 | 0100 000f | 8379 1300 | 004d 8997 | b801 0000 | 410f 1882 | 0001 0000 | 48c7 0001 
  0x0000024b0af065a8: ;   {metadata('java/lang/NamedPackage')}
  0x0000024b0af065a8: 0000 00c7 | 4008 8b1f | 0120 4489 | 600c 4c89 | 6010 4c89 | 5c24 2048 | 894c 2428 | 4489 4c24 
  0x0000024b0af065c8: 3048 8944 | 2438 488b | 5424 2890 

  0x0000024b0af065d4: ;   {optimized virtual_call}
  0x0000024b0af065d4: c5f8 77e8 

  0x0000024b0af065d8: ; ImmutableOopMap {[32]=Oop [40]=Oop [48]=NarrowOop [56]=Oop [96]=Oop [104]=Oop }
                      ;*invokevirtual isEmpty {reexecute=0 rethrow=0 return_oop=0}
                      ; - java.lang.NamedPackage::<init>@5
                      ; - java.lang.ClassLoader::getNamedPackage@22
                      ; - java.lang.ClassLoader::postDefineClass@9
                      ; - java.lang.ClassLoader::defineClass@37
                      ; - java.security.SecureClassLoader::defineClass@12
  0x0000024b0af065d8: e448 d9ff 

  0x0000024b0af065dc: ;   {other}
  0x0000024b0af065dc: 0f1f 8400 | cc11 000a | 85c0 742c | 448b 5424 | 3045 85d2 | 0f84 7619 | 0000 498b | d266 6690 
  0x0000024b0af065fc: ;   {optimized virtual_call}
  0x0000024b0af065fc: c5f8 77e8 

  0x0000024b0af06600: ; ImmutableOopMap {[32]=Oop [40]=Oop [48]=NarrowOop [56]=Oop [96]=Oop [104]=Oop }
                      ;*invokevirtual isNamed {reexecute=0 rethrow=0 return_oop=0}
                      ; - java.lang.NamedPackage::<init>@12
                      ; - java.lang.ClassLoader::getNamedPackage@22
                      ; - java.lang.ClassLoader::postDefineClass@9
                      ; - java.lang.ClassLoader::defineClass@37
                      ; - java.security.SecureClassLoader::defineClass@12
  0x0000024b0af06600: 7c84 62ff 

  0x0000024b0af06604: ;   {other}
  0x0000024b0af06604: 0f1f 8400 | f411 000b | 85c0 0f85 | 7019 0000 | 448b 5424 | 3049 8bea | 488b 5424 | 2866 6690 
  0x0000024b0af06624: ;   {optimized virtual_call}
  0x0000024b0af06624: c5f8 77e8 

  0x0000024b0af06628: ; ImmutableOopMap {rbp=Oop [32]=Oop [40]=Oop [48]=NarrowOop [56]=Oop [96]=Oop [104]=Oop }
                      ;*invokevirtual intern {reexecute=0 rethrow=0 return_oop=1}
                      ; - java.lang.NamedPackage::<init>@47
                      ; - java.lang.ClassLoader::getNamedPackage@22
                      ; - java.lang.ClassLoader::postDefineClass@9
                      ; - java.lang.ClassLoader::defineClass@37
                      ; - java.security.SecureClassLoader::defineClass@12
  0x0000024b0af06628: 2c0b d4ff 

  0x0000024b0af0662c: ;   {other}
  0x0000024b0af0662c: 0f1f 8400 | 1c12 000c | 488b d841 | 807f 4000 | 0f85 560c | 0000 488b | 7424 384c | 8bdb 4489 
  0x0000024b0af0664c: 5e0c 4c8b | d64c 8bdb | 4d33 da49 | c1eb 144d | 85db 741f | 4885 db74 | 1a49 c1ea | 0948 b900 
  0x0000024b0af0666c: 0071 7e4b | 0200 0049 | 03ca 8039 | 020f 85ac | 0c00 0041 | 807f 4000 | 0f85 db0b | 0000 8b7c 
  0x0000024b0af0668c: 2430 897e | 104c 8bd5 | 4c8b de4d | 33d3 49c1 | ea14 4d85 | d274 1e85 | ff74 1a49 | c1eb 0948 
  0x0000024b0af066ac: b900 0071 | 7e4b 0200 | 0049 03cb | 8039 020f | 8519 0c00 | 004c 8b54 | 2420 458b | 5a38 4585 
  0x0000024b0af066cc: db0f 8431 | 1800 0048 | 8974 2438 | 498b d34c | 8b44 2428 | 4c8b ce90 

  0x0000024b0af066e4: ;   {optimized virtual_call}
  0x0000024b0af066e4: c5f8 77e8 

  0x0000024b0af066e8: ; ImmutableOopMap {[32]=Oop [48]=NarrowOop [56]=Oop [96]=Oop [104]=Oop }
                      ;*invokevirtual putIfAbsent {reexecute=0 rethrow=0 return_oop=1}
                      ; - java.lang.ClassLoader::getNamedPackage@32
                      ; - java.lang.ClassLoader::postDefineClass@9
                      ; - java.lang.ClassLoader::defineClass@37
                      ; - java.security.SecureClassLoader::defineClass@12
  0x0000024b0af066e8: 5455 dfff 

  0x0000024b0af066ec: ;   {other}
  0x0000024b0af066ec: 0f1f 8400 | dc12 000d | 4885 c00f | 84d3 0b00 | 0044 8b58 | 084d 33d2 | 4f8d 14da | 4d8b 5238 
  0x0000024b0af0670c: ;   {metadata('java/lang/NamedPackage')}
  0x0000024b0af0670c: 49bb 58fc | 0800 0100 | 0000 4d3b | d30f 8401 | 1800 00ba | deff ffff | 488b e890 

  0x0000024b0af06728: ;   {runtime_call UncommonTrapBlob}
  0x0000024b0af06728: c5f8 77e8 

  0x0000024b0af0672c: ; ImmutableOopMap {rbp=Oop }
                      ;*checkcast {reexecute=0 rethrow=0 return_oop=0}
                      ; - java.lang.ClassLoader::getNamedPackage@35
                      ; - java.lang.ClassLoader::postDefineClass@9
                      ; - java.lang.ClassLoader::defineClass@37
                      ; - java.security.SecureClassLoader::defineClass@12
  0x0000024b0af0672c: d0de 62ff 

  0x0000024b0af06730: ;   {other}
  0x0000024b0af06730: 0f1f 8400 | 2013 000e | 418b 6810 | 488b dd48 | 3bd9 745a | 85ed 0f84 | 1c1c 0000 | 4489 4424 
  0x0000024b0af06750: 3844 8954 | 2434 4489 | 4c24 3048 | 894c 2428 | 4c89 5c24 | 204c 8bc5 | 488b d148 | 8be9 4889 
  0x0000024b0af06770: 7424 4890 

  0x0000024b0af06774: ;   {optimized virtual_call}
  0x0000024b0af06774: c5f8 77e8 

  0x0000024b0af06778: ; ImmutableOopMap {rbp=Oop [32]=Oop [40]=Oop [48]=NarrowOop [56]=NarrowOop [72]=Oop [96]=Oop [104]=Oop }
                      ;*invokevirtual equals {reexecute=0 rethrow=0 return_oop=0}
                      ; - java.util.concurrent.ConcurrentHashMap::get@73
                      ; - java.lang.ClassLoader::getNamedPackage@5
                      ; - java.lang.ClassLoader::postDefineClass@9
                      ; - java.lang.ClassLoader::defineClass@37
                      ; - java.security.SecureClassLoader::defineClass@12
  0x0000024b0af06778: 445b d3ff 

  0x0000024b0af0677c: ;   {other}
  0x0000024b0af0677c: 0f1f 8400 | 6c13 000f | 85c0 0f84 | 141c 0000 | 4c8b 5c24 | 2048 8bcd | 448b 4c24 | 3044 8b44 
  0x0000024b0af0679c: 2438 418b | 6814 85ed | 0f84 d0fd | ffff 448b | 4508 4d33 | d24f 8d14 | c24d 8b52 

  0x0000024b0af067b8: ;   {metadata('java/lang/NamedPackage')}
  0x0000024b0af067b8: 3849 b858 | fc08 0001 | 0000 004d | 3bd0 0f85 | 0415 0000 | 4c8b 5424 | 6045 8b4a | 1041 8b59 
  0x0000024b0af067d8: 1485 db0f | 854d 0700 | 0045 8b51 | 1045 85d2 | 0f85 df07 | 0000 488b | 4424 68c5 | f877 4881 
  0x0000024b0af067f8: c4c0 0000 

  0x0000024b0af067fc: ;   {poll_return}
  0x0000024b0af067fc: 005d 493b | a748 0400 | 000f 87cf | 2500 00c3 | 440f b643 | 1145 85c0 | 0f85 620b | 0000 448b 
  0x0000024b0af0681c: 4314 498b | ea49 8bd0 | 807b 1000 | 0f85 7e0f | 0000 4489 | 4c24 3444 | 8954 2430 | 4889 5c24 
  0x0000024b0af0683c: 284c 895c | 2420 6690 

  0x0000024b0af06844: ;   {static_call}
  0x0000024b0af06844: c5f8 77e8 

  0x0000024b0af06848: ; ImmutableOopMap {rbp=Oop [32]=Oop [40]=Oop [48]=NarrowOop [52]=NarrowOop [96]=Oop [104]=Oop }
                      ;*invokestatic hashCode {reexecute=0 rethrow=0 return_oop=0}
                      ; - java.lang.String::hashCode@27
                      ; - java.util.concurrent.ConcurrentHashMap::get@1
                      ; - java.lang.ClassLoader::getNamedPackage@5
                      ; - java.lang.ClassLoader::postDefineClass@9
                      ; - java.lang.ClassLoader::defineClass@37
                      ; - java.security.SecureClassLoader::defineClass@12
  0x0000024b0af06848: 7468 d5ff 

  0x0000024b0af0684c: ;   {other}
  0x0000024b0af0684c: 0f1f 8400 | 3c14 0010 | 85c0 0f84 | 310f 0000 | 488b 4c24 | 2889 410c | 4c8b 5c24 | 2044 8b54 
  0x0000024b0af0686c: 2430 448b | 4c24 34e9 | fbfb ffff | 488b 7424 | 38e9 b9f6 | ffff 4180 | 7b11 610f | 855e f3ff 
  0x0000024b0af0688c: ff41 807b | 1276 0f85 | 53f3 ffff | 4180 7b13 | 610f 8548 | f3ff ff41 | 0fbe 4b14 | 83f9 2e0f 
  0x0000024b0af068ac: 853a f3ff 

  0x0000024b0af068b0: ;   {oop(a 'jdk/internal/loader/ClassLoaders$PlatformClassLoader'{0x000000008051af78})}
  0x0000024b0af068b0: ff49 b878 | af51 8000 | 0000 0048 | 8b4c 2430 | 493b c80f | 854b 1f00 

  0x0000024b0af068c8: ;   {oop(a 'jdk/internal/loader/ClassLoaders$PlatformClassLoader'{0x000000008051af78})}
  0x0000024b0af068c8: 0048 bb78 | af51 8000 | 0000 00e9 | 18f3 ffff | 4889 4424 | 2048 8bd0 

  0x0000024b0af068e0: ;   {optimized virtual_call}
  0x0000024b0af068e0: c5f8 77e8 

  0x0000024b0af068e4: ; ImmutableOopMap {[32]=Oop [48]=Oop [80]=Oop [96]=Oop [104]=Oop [136]=Oop }
                      ;*invokevirtual initClassName {reexecute=0 rethrow=0 return_oop=1}
                      ; - java.lang.Class::getName@14
                      ; - java.lang.Class::getPackageName@40
                      ; - java.lang.ClassLoader::postDefineClass@2
                      ; - java.lang.ClassLoader::defineClass@37
                      ; - java.security.SecureClassLoader::defineClass@12
  0x0000024b0af068e4: 7062 d4ff 

  0x0000024b0af068e8: ;   {other}
  0x0000024b0af068e8: 0f1f 8400 | d814 0011 | 4c8b d848 | 85c0 0f85 | a3f7 ffff | baf6 ffff | ff66 6690 

  0x0000024b0af06904: ;   {runtime_call UncommonTrapBlob}
  0x0000024b0af06904: c5f8 77e8 

  0x0000024b0af06908: ; ImmutableOopMap {}
                      ;*invokevirtual lastIndexOf {reexecute=0 rethrow=0 return_oop=0}
                      ; - java.lang.Class::getPackageName@47
                      ; - java.lang.ClassLoader::postDefineClass@2
                      ; - java.lang.ClassLoader::defineClass@37
                      ; - java.security.SecureClassLoader::defineClass@12
  0x0000024b0af06908: f4dc 62ff 

  0x0000024b0af0690c: ;   {other}
  0x0000024b0af0690c: 0f1f 8400 | fc14 0012 | 498b dbe9 | c8fa ffff | 458b c2e9 | faf3 ffff | 458b c2e9 | 99f8 ffff 
  0x0000024b0af0692c: 41b8 2f00 | 0000 4533 | c948 8b6c | 2430 4c89 | 5424 2090 

  0x0000024b0af06940: ;   {static_call}
  0x0000024b0af06940: c5f8 77e8 

  0x0000024b0af06944: ; ImmutableOopMap {rbp=Oop [32]=Oop [48]=Oop [56]=Oop [64]=Oop [136]=Oop }
                      ;*invokestatic indexOf {reexecute=0 rethrow=0 return_oop=0}
                      ; - java.lang.String::indexOf@33
                      ; - java.lang.String::indexOf@3
                      ; - java.lang.ClassLoader::checkName@16
                      ; - java.lang.ClassLoader::preDefineClass@1
                      ; - java.lang.ClassLoader::defineClass@4
                      ; - java.security.SecureClassLoader::defineClass@12
  0x0000024b0af06944: 3887 62ff 

  0x0000024b0af06948: ;   {other}
  0x0000024b0af06948: 0f1f 8400 | 3815 0013 | 8bd8 e919 | f2ff ffbb | ffff ffff | e90f f2ff 

  0x0000024b0af06960: ;   {oop(""{0x0000000080526dc0})}
  0x0000024b0af06960: ff48 bfc0 | 6d52 8000 | 0000 00e9 | cef5 ffff | 448b 5614 | 4585 d20f | 8487 f5ff | ff4d 8b5f 
  0x0000024b0af06980: 2849 8bca | 4d85 db0f | 8457 1500 | 004d 8b57 | 384b 894c | 1af8 4983 | c3f8 4d89 | 5f28 e961 
  0x0000024b0af069a0: f5ff ff4d | 8b57 484d | 8b5f 58f0 | 8344 24c0 | 0080 3900 | 0f84 7df5 | ffff 4488 | 214d 85d2 
  0x0000024b0af069c0: 7520 498b | d7c5 f877 | 49ba 50ed | c400 fc7f | 0000 41ff 

  0x0000024b0af069d4: ;   {other}
  0x0000024b0af069d4: d20f 1f84 | 0000 0000 | 00e9 55f5 | ffff 4b89 | 4c13 f849 | 83c2 f84d | 8957 48e9 | 43f5 ffff 
  0x0000024b0af069f4: 458b 510c | 458b 5908 | 4d63 c249 | 8be9 49c1 | e002 4181 | fa00 0004 | 000f 87a9 | 1900 0049 
  0x0000024b0af06a14: 8bb7 b801 | 0000 498d | 4817 4883 | e1f8 488b | d648 03d1 | 493b 97c8 | 0100 000f | 8387 1900 
  0x0000024b0af06a34: 0049 8997 | b801 0000 | 0f18 8200 | 0100 0048 | c706 0100 | 0000 4489 | 5e08 4489 | 560c 0f18 
  0x0000024b0af06a54: 8240 0100 | 000f 1882 | 8001 0000 | 498d 4910 | 488b d648 | 83c2 1049 | 83c0 0749 | c1e8 03c5 
  0x0000024b0af06a74: f877 49ba | 6081 510a | 4b02 0000 

  0x0000024b0af06a80: ;   {other}
  0x0000024b0af06a80: 41ff d20f | 1f84 0000 

  0x0000024b0af06a88: ;   {oop(""{0x0000000080526dc0})}
  0x0000024b0af06a88: 0000 0049 | b8c0 6d52 | 8000 0000 | 0049 b900 | 0071 7e4b | 0200 00e9 | 7503 0000 | 498b 87b8 
  0x0000024b0af06aa8: 0100 004c | 8bd0 4983 | c218 498b | ce4d 3b97 | c801 0000 | 0f83 ce19 | 0000 4d89 | 97b8 0100 
  0x0000024b0af06ac8: 0041 0f18 | 8200 0100 | 0048 c700 | 0100 0000 

  0x0000024b0af06ad8: ;   {metadata('java/util/ArrayList')}
  0x0000024b0af06ad8: c740 0845 | ae00 2044 | 8960 0c44 

  0x0000024b0af06ae4: ;   {oop(a 'java/lang/Object'[0] {0x00000000807018d0})}
  0x0000024b0af06ae4: 8960 10c7 | 4014 d018 | 7080 4c8b | c845 8b53 | 0c45 85d2 

  0x0000024b0af06af8: ;   {oop(""{0x0000000080526dc0})}
  0x0000024b0af06af8: 7619 48ba | c06d 5280 | 0000 0000 | 48be 0000 | 717e 4b02 | 0000 4533 

  0x0000024b0af06b10: ;   {oop(""{0x0000000080526dc0})}
  0x0000024b0af06b10: c0eb 5a49 | bac0 6d52 | 8000 0000 | 0049 bb00 | 0071 7e4b | 0200 00e9 | 1d01 0000 | 0f1f 4000 
  0x0000024b0af06b30: 4889 6c24 | 304c 8b54 | 2420 4c89 | 5424 384c | 8b54 2450 | 4c89 9424 | 8800 0000 | 488b 5c24 
  0x0000024b0af06b50: 5848 8b54 | 2460 488b | 7424 6848 | 8b7c 2470 | 488b 4c24 | 784c 8b8c | 2480 0000 | 0045 8b53 
  0x0000024b0af06b70: 0c45 3bc2 | 0f83 8e1b | 0000 478b | 5c83 1045 | 8b53 1045 | 8b5a 1044 | 8944 244c | 4c89 8c24 
  0x0000024b0af06b90: 8000 0000 | 4889 4c24 | 7848 897c | 2470 4889 | 7424 6848 | 8954 2460 | 4489 7424 | 2848 895c 
  0x0000024b0af06bb0: 2458 4c8b | 9424 8800 | 0000 4c89 | 5424 504c | 8b54 2438 | 4c89 5424 | 2048 8b6c | 2430 4d8b 
  0x0000024b0af06bd0: c349 8bd1 

  0x0000024b0af06bd4: ;   {optimized virtual_call}
  0x0000024b0af06bd4: c5f8 77e8 

  0x0000024b0af06bd8: ; ImmutableOopMap {rbp=Oop [32]=Oop [40]=NarrowOop [64]=Oop [80]=Oop [88]=Oop [96]=Oop [112]=Oop [120]=Oop [128]=Oop }
                      ;*invokevirtual addAll {reexecute=0 rethrow=0 return_oop=0}
                      ; - java.security.CodeSource::getCertificates@57
                      ; - java.lang.ClassLoader::checkCerts@34
                      ; - java.lang.ClassLoader::preDefineClass@113
                      ; - java.lang.ClassLoader::defineClass@4
                      ; - java.security.SecureClassLoader::defineClass@12
  0x0000024b0af06bd8: a47e 62ff 

  0x0000024b0af06bdc: ;   {other}
  0x0000024b0af06bdc: 0f1f 8400 | cc17 0014 | 4d8b 9750 | 0400 0044 | 8b74 2428 | 458b 5e10 | 448b 4424 

  0x0000024b0af06bf8: ; ImmutableOopMap {r11=NarrowOop rbp=Oop r14=NarrowOop [32]=Oop [64]=Oop [80]=Oop [88]=Oop [96]=Oop [112]=Oop [120]=Oop [128]=Oop }
                      ;*goto {reexecute=1 rethrow=0 return_oop=0}
                      ; - (reexecute) java.security.CodeSource::getCertificates@64
                      ; - java.lang.ClassLoader::checkCerts@34
                      ; - java.lang.ClassLoader::preDefineClass@113
                      ; - java.lang.ClassLoader::defineClass@4
                      ; - java.security.SecureClassLoader::defineClass@12
  0x0000024b0af06bf8: 4c41 ffc0 

  0x0000024b0af06bfc: ;   {poll}
  0x0000024b0af06bfc: 4185 0245 | 8b53 0c45 | 3bc2 0f8c | 24ff ffff | 4889 6c24 | 304c 8b54 | 2420 4c89 | 5424 384c 
  0x0000024b0af06c1c: 8b54 2450 | 4c89 9424 | 8800 0000 | 488b 5c24 | 584c 8b54 | 2460 4c8b | 5c24 6848 | 8b7c 2470 
  0x0000024b0af06c3c: 488b 4c24 | 784c 8b8c | 2480 0000 | 0049 8b87 | b801 0000 | 4c8b c049 | 83c0 104d | 3b87 c801 
  0x0000024b0af06c5c: 0000 0f83 | 9d18 0000 | 4d89 87b8 | 0100 0041 | 0f18 8000 | 0100 0048 | c700 0100 | 0000 410f 
  0x0000024b0af06c7c: 1880 4001 

  0x0000024b0af06c80: ;   {metadata('java/security/cert/Certificate'[])}
  0x0000024b0af06c80: 0000 c740 | 0842 5300 | 2041 0f18 | 8080 0100 | 0044 8960 | 0c48 8b6c | 2430 4c8b | 4424 384c 
  0x0000024b0af06ca0: 8944 2420 | 4c8b 8424 | 8800 0000 | 4c89 4424 | 5048 895c | 2458 4489 | 7424 284c | 8954 2460 
  0x0000024b0af06cc0: 4c89 5c24 | 6848 897c | 2470 4889 | 4c24 784c | 898c 2480 | 0000 004c | 8bc0 488b | 9424 8000 
  0x0000024b0af06ce0: 0000 6690 

  0x0000024b0af06ce4: ;   {optimized virtual_call}
  0x0000024b0af06ce4: c5f8 77e8 

  0x0000024b0af06ce8: ; ImmutableOopMap {rbp=Oop [32]=Oop [40]=NarrowOop [64]=Oop [80]=Oop [88]=Oop [96]=Oop [112]=Oop [120]=Oop }
                      ;*invokevirtual toArray {reexecute=0 rethrow=0 return_oop=1}
                      ; - java.security.CodeSource::getCertificates@73
                      ; - java.lang.ClassLoader::checkCerts@34
                      ; - java.lang.ClassLoader::preDefineClass@113
                      ; - java.lang.ClassLoader::defineClass@4
                      ; - java.security.SecureClassLoader::defineClass@12
  0x0000024b0af06ce8: 947d 62ff 

  0x0000024b0af06cec: ;   {other}
  0x0000024b0af06cec: 0f1f 8400 | dc18 0016 | 488b d844 

  0x0000024b0af06cf8: ;   {metadata('java/security/cert/Certificate'[])}
  0x0000024b0af06cf8: 8b58 0841 | 81fb 4253 | 0020 0f85 | 141c 0000 | 4180 7f40 | 000f 8569 | 1300 008b | 7c24 284c 
  0x0000024b0af06d18: 8b54 2478 | 4d8b da4c | 8bd3 4489 | 5714 4c8b | d34d 33d3 | 49c1 ea14 | 4d85 d274 | 1a49 c1eb 
  0x0000024b0af06d38: 0948 b900 | 0071 7e4b | 0200 0049 | 03cb 8039 | 020f 8564 | 1300 0044 | 8b43 0c44 | 8b53 084d 
  0x0000024b0af06d58: 63d8 49c1 | e302 4181 | f800 0004 | 000f 87fa | 1700 0049 | 8bb7 b801 | 0000 4d8d | 4b17 4983 
  0x0000024b0af06d78: e1f8 488b | ce49 03c9 | 493b 8fc8 | 0100 000f | 83d8 1700 | 0049 898f | b801 0000 | 0f18 8100 
  0x0000024b0af06d98: 0100 0048 | c706 0100 | 0000 4489 | 5608 4489 | 460c 0f18 | 8140 0100 | 000f 1881 | 8001 0000 
  0x0000024b0af06db8: 488b cb48 | 83c1 1048 | 8bd6 4883 | c210 4983 | c307 49c1 | eb03 4d8b | c3c5 f877 | 49ba 6081 
  0x0000024b0af06dd8: 510a 4b02 | 0000 41ff 

  0x0000024b0af06de0: ;   {other}
  0x0000024b0af06de0: d20f 1f84 | 0000 0000 | 0048 896c | 2430 4c8b | 5424 204c | 8954 2438 | 4c8b 5424 | 504c 8994 
  0x0000024b0af06e00: 2488 0000 | 0048 8b5c | 2458 4c8b | 4424 604c | 8b4c 2468 | 488b 7c24 | 704c 8bd6 | e955 f1ff 
  0x0000024b0af06e20: ff4c 8b54 | 2468 458b | 5a3c 4585 | db0f 84d5 | f5ff ff4d | 8b57 2849 | 8bcb 4d85 | d20f 8495 
  0x0000024b0af06e40: 1100 004d | 8b5f 384b | 894c 13f8 | 4983 c2f8 | 4d89 5728 | e9af f5ff | ff4d 8b57 | 584d 8b5f 
  0x0000024b0af06e60: 48f0 8344 | 24c0 0080 | 3900 0f84 | daf5 ffff | 4488 214d | 85db 7520 | 498b d7c5 | f877 49ba 
  0x0000024b0af06e80: 50ed c400 | fc7f 0000 

  0x0000024b0af06e88: ;   {other}
  0x0000024b0af06e88: 41ff d20f | 1f84 0000 | 0000 00e9 | b2f5 ffff | 4b89 4c1a | f849 83c3 | f84d 895f | 48e9 a0f5 
  0x0000024b0af06ea8: ffff 448b | 5b14 4585 | db0f 84f6 | f4ff ff4d | 8b57 2849 | 8bcb 4d85 | d20f 8446 | 1200 004d 
  0x0000024b0af06ec8: 8b5f 384b | 894c 13f8 | 4983 c2f8 | 4d89 5728 | e9d0 f4ff | ff4d 8b57 | 484d 8b5f | 58f0 8344 
  0x0000024b0af06ee8: 24c0 0080 | 3900 0f84 | ecf4 ffff | 4488 214d | 85d2 7520 | 498b d7c5 | f877 49ba | 50ed c400 
  0x0000024b0af06f08: fc7f 0000 

  0x0000024b0af06f0c: ;   {other}
  0x0000024b0af06f0c: 41ff d20f | 1f84 0000 | 0000 00e9 | c4f4 ffff | 4b89 4c13 | f849 83c2 | f84d 8957 | 48e9 b2f4 
  0x0000024b0af06f2c: ffff 8b53 | 0c44 8b53 | 0848 8beb | 4c63 ca49 | c1e1 0281 | fa00 0004 | 000f 87cf | 1400 0049 
  0x0000024b0af06f4c: 8b87 b801 | 0000 4d8d | 4117 4983 | e0f8 488b | c849 03c8 | 493b 8fc8 | 0100 000f | 83ad 1400 
  0x0000024b0af06f6c: 0049 898f | b801 0000 | 0f18 8100 | 0100 0048 | c700 0100 | 0000 4489 | 5008 8950 | 0c0f 1881 
  0x0000024b0af06f8c: 4001 0000 | 0f18 8180 | 0100 0048 | 8bf8 488d | 4b10 488b | d748 83c2 | 1049 83c1 | 0749 c1e9 
  0x0000024b0af06fac: 034d 8bc1 | c5f8 7749 | ba60 8151 | 0a4b 0200 | 0041 ffd2 

  0x0000024b0af06fc0: ;   {other}
  0x0000024b0af06fc0: 0f1f 8400 | 0000 0000 | e978 0200 | 0049 8b87 | b801 0000 | 4c8b c049 | 83c0 1849 | 8bd9 4d3b 
  0x0000024b0af06fe0: 87c8 0100 | 000f 83af | 1500 004d | 8987 b801 | 0000 410f | 1880 0001 | 0000 48c7 | 0001 0000 
  0x0000024b0af07000: ;   {metadata('java/util/ArrayList')}
  0x0000024b0af07000: 00c7 4008 | 45ae 0020 | 4489 600c | 4489 6010 | 418b 520c 

  0x0000024b0af07014: ;   {oop(a 'java/lang/Object'[0] {0x00000000807018d0})}
  0x0000024b0af07014: c740 14d0 | 1870 8048 | 8bc8 85d2 | 0f86 8f00 | 0000 4533 | c0eb 120f | 1f44 0000 | 4c8b dd48 
  0x0000024b0af07034: 8b5c 2430 | 488b 4c24 | 3841 8b52 | 0c44 3bc2 | 0f83 1217 | 0000 438b | 7c82 1044 | 8b57 1045 
  0x0000024b0af07054: 8b52 1044 | 8944 242c | 4889 4c24 | 3848 895c | 2430 4489 | 4c24 2849 | 8beb 4d8b | c248 8bd1 
  0x0000024b0af07074: ;   {optimized virtual_call}
  0x0000024b0af07074: c5f8 77e8 

  0x0000024b0af07078: ; ImmutableOopMap {rbp=Oop [40]=NarrowOop [48]=Oop [56]=Oop [104]=Oop }
                      ;*invokevirtual addAll {reexecute=0 rethrow=0 return_oop=0}
                      ; - java.security.CodeSource::getCertificates@57
                      ; - java.lang.ClassLoader::postDefineClass@24
                      ; - java.lang.ClassLoader::defineClass@37
                      ; - java.security.SecureClassLoader::defineClass@12
  0x0000024b0af07078: 047a 62ff 

  0x0000024b0af0707c: ;   {other}
  0x0000024b0af0707c: 0f1f 8400 | 6c1c 0017 | 4d8b 9f50 | 0400 0044 | 8b4c 2428 | 458b 5110 | 448b 4424 

  0x0000024b0af07098: ; ImmutableOopMap {r10=NarrowOop r9=NarrowOop rbp=Oop [48]=Oop [56]=Oop [104]=Oop }
                      ;*goto {reexecute=1 rethrow=0 return_oop=0}
                      ; - (reexecute) java.security.CodeSource::getCertificates@64
                      ; - java.lang.ClassLoader::postDefineClass@24
                      ; - java.lang.ClassLoader::defineClass@37
                      ; - java.security.SecureClassLoader::defineClass@12
  0x0000024b0af07098: 2c41 ffc0 

  0x0000024b0af0709c: ;   {poll}
  0x0000024b0af0709c: 4185 0345 | 8b5a 0c45 | 3bc3 7c88 | 4c8b dd48 | 8b5c 2430 | 488b 4c24 | 3849 8b87 | b801 0000 
  0x0000024b0af070bc: 4c8b d049 | 83c2 104d | 3b97 c801 | 0000 0f83 | 0f15 0000 | 4d89 97b8 | 0100 0041 | 0f18 8200 
  0x0000024b0af070dc: 0100 0048 | c700 0100 | 0000 410f | 1882 4001 

  0x0000024b0af070ec: ;   {metadata('java/security/cert/Certificate'[])}
  0x0000024b0af070ec: 0000 c740 | 0842 5300 | 2041 0f18 | 8280 0100 | 0044 8960 | 0c4c 895c | 2420 4c8b | 5424 684c 
  0x0000024b0af0710c: 8954 2428 | 418b e948 | 895c 2430 | 4889 4c24 | 384c 8bc0 | 488b 5424 | 3866 6690 

  0x0000024b0af07128: ;   {optimized virtual_call}
  0x0000024b0af07128: c5f8 77e8 

  0x0000024b0af0712c: ; ImmutableOopMap {rbp=NarrowOop [32]=Oop [40]=Oop [48]=Oop }
                      ;*invokevirtual toArray {reexecute=0 rethrow=0 return_oop=1}
                      ; - java.security.CodeSource::getCertificates@73
                      ; - java.lang.ClassLoader::postDefineClass@24
                      ; - java.lang.ClassLoader::defineClass@37
                      ; - java.security.SecureClassLoader::defineClass@12
  0x0000024b0af0712c: 5079 62ff 

  0x0000024b0af07130: ;   {other}
  0x0000024b0af07130: 0f1f 8400 | 201d 0019 | 488b f844 

  0x0000024b0af0713c: ;   {metadata('java/security/cert/Certificate'[])}
  0x0000024b0af0713c: 8b58 0841 | 81fb 4253 | 0020 0f85 | b417 0000 | 4180 7f40 | 000f 85cd | 1000 008b | dd4c 8bd7 
  0x0000024b0af0715c: 4c89 5424 | 384c 8b54 | 2430 4c8b | 5c24 384d | 8bc3 4489 | 4314 4d33 | da49 c1eb | 144d 85db 
  0x0000024b0af0717c: 7416 49c1 | ea09 4c8b | 4424 584d | 03c2 4180 | 3802 0f85 | c510 0000 | 4c8b 5424 | 3845 8b5a 
  0x0000024b0af0719c: 0c45 8b52 | 0849 63eb | 48c1 e502 | 4181 fb00 | 0004 000f | 8768 1400 | 0049 8b87 | b801 0000 
  0x0000024b0af071bc: 4c8d 4517 | 4983 e0f8 | 4c8b c84d | 03c8 4d3b | 8fc8 0100 | 000f 8346 | 1400 004d | 898f b801 
  0x0000024b0af071dc: 0000 410f | 1881 0001 | 0000 48c7 | 0001 0000 | 0044 8950 | 0844 8958 | 0c41 0f18 | 8140 0100 
  0x0000024b0af071fc: 0041 0f18 | 8180 0100 | 0048 8bf8 | 488b 4c24 | 3848 83c1 | 1048 8bd7 | 4883 c210 | 4883 c507 
  0x0000024b0af0721c: 48c1 ed03 | 4c8b c5c5 | f877 49ba | 6081 510a | 4b02 0000 

  0x0000024b0af07230: ;   {other}
  0x0000024b0af07230: 41ff d20f | 1f84 0000 | 0000 004c | 8b54 2428 | 4c89 5424 | 6848 8b54 | 2468 4c8b | c766 6690 
  0x0000024b0af07250: ;   {optimized virtual_call}
  0x0000024b0af07250: c5f8 77e8 

  0x0000024b0af07254: ; ImmutableOopMap {[104]=Oop }
                      ;*invokevirtual setSigners {reexecute=0 rethrow=0 return_oop=0}
                      ; - java.lang.ClassLoader::setSigners@2
                      ; - java.lang.ClassLoader::postDefineClass@35
                      ; - java.lang.ClassLoader::defineClass@37
                      ; - java.security.SecureClassLoader::defineClass@12
  0x0000024b0af07254: 2878 62ff 

  0x0000024b0af07258: ;   {other}
  0x0000024b0af07258: 0f1f 8400 | 481e 001a | e989 f5ff | ff44 8b5e | 1045 85db | 0f84 18f4 | ffff 4d8b | 5728 498b 
  0x0000024b0af07278: cb4d 85d2 | 0f84 cb0e | 0000 4d8b | 5f38 4b89 | 4c13 f849 | 83c2 f84d | 8957 28e9 | f2f3 ffff 
  0x0000024b0af07298: 488b 7424 | 3844 8b56 | 0c45 85d2 | 0f84 9df3 | ffff 4d8b | 5f28 498b | ca4d 85db | 0f84 730e 
  0x0000024b0af072b8: 0000 4d8b | 5738 4b89 | 4c1a f849 | 83c3 f84d | 895f 28e9 | 77f3 ffff | 4c8b 5c24 | 20e9 f2f4 
  0x0000024b0af072d8: ffff 4d8b | 5748 4d8b | 5f58 f083 | 4424 c000 | 8039 000f | 84d0 f3ff | ff44 8821 | 4d85 d275 
  0x0000024b0af072f8: 2049 8bd7 | c5f8 7749 | ba50 edc4 | 00fc 7f00 | 0041 ffd2 

  0x0000024b0af0730c: ;   {other}
  0x0000024b0af0730c: 0f1f 8400 | 0000 0000 | e9a8 f3ff | ff4b 894c | 13f8 4983 | c2f8 4d89 | 5748 e996 | f3ff ff4d 
  0x0000024b0af0732c: 8b57 584d | 8b5f 48f0 | 8344 24c0 | 0080 3900 | 0f84 3df3 | ffff 4488 | 214d 85db | 7520 498b 
  0x0000024b0af0734c: d7c5 f877 | 49ba 50ed | c400 fc7f | 0000 41ff 

  0x0000024b0af0735c: ;   {other}
  0x0000024b0af0735c: d20f 1f84 | 0000 0000 | 00e9 15f3 | ffff 4b89 | 4c1a f849 | 83c3 f84d | 895f 48e9 | 03f3 ffff 
  0x0000024b0af0737c: 33c0 e9f0 | f0ff ff4c | 63c5 498d | 4810 488b | d148 83e2 | f849 8bfd | 4803 fa48 | c1e9 034c 
  0x0000024b0af0739c: 2bd1 498b | ca48 33c0 | 4883 f908 | 7f10 48ff | c978 4f48 | 8904 cf48 | ffc9 7df7 | eb44 c5fd 
  0x0000024b0af073bc: efc0 e90d | 0000 00c5 | fe7f 07c5 | fe7f 4720 | 4883 c740 | 4883 e908 | 7ded 4883 | c104 7c0c 
  0x0000024b0af073dc: c5fe 7f07 | 4883 c720 | 4883 e904 | 4883 c104 | 7e10 48ff | c9c5 f9d6 | 0748 83c7 | 0848 ffc9 
  0x0000024b0af073fc: 7df3 498b | c949 8bd3 | c5f8 7749 | bac0 7a51 | 0a4b 0200 | 0041 ffd2 

  0x0000024b0af07414: ;   {other}
  0x0000024b0af07414: 0f1f 8400 | 0000 0000 | e948 eaff | ff45 3bd1 | 0f85 e500 | 0000 418d | 5aff 413b | da0f 8355 
  0x0000024b0af07434: 1300 0045 | 85c9 0f86 | 4c13 0000 | 458d 41ff | 33db eb38 | 8b9c 2480 | 0000 00ff | c33b 9c24 
  0x0000024b0af07454: 9c00 0000 | 0f8d e200 | 0000 488b | 7c24 7048 | 8b4c 2420 | 448b 9424 | 9c00 0000 | 448b 8c24 
  0x0000024b0af07474: a000 0000 | 448b 8424 | a400 0000 | 8b74 9f10 | 453b c10f | 83c4 1100 | 0085 f60f | 84bc 1100 
  0x0000024b0af07494: 004c 8bde | 33ed 4889 | 7c24 7044 | 8994 249c | 0000 0044 | 898c 24a0 | 0000 0044 | 8984 24a4 
  0x0000024b0af074b4: 0000 0089 | 9c24 8000 | 0000 89b4 | 2484 0000 | 004c 899c | 24a8 0000 | 00eb 0690 | 488b 4c24 
  0x0000024b0af074d4: 2044 8b54 | a910 4889 | 4c24 204d | 8bc2 488b | 9424 a800 | 0000 6690 

  0x0000024b0af074ec: ;   {optimized virtual_call}
  0x0000024b0af074ec: c5f8 77e8 

  0x0000024b0af074f0: ; ImmutableOopMap {[32]=Oop [48]=Oop [56]=Oop [64]=Oop [80]=Oop [112]=Oop [132]=NarrowOop [136]=Oop [168]=Oop }
                      ;*invokevirtual equals {reexecute=0 rethrow=0 return_oop=0}
                      ; - java.lang.ClassLoader::compareCerts@81
                      ; - java.lang.ClassLoader::checkCerts@80
                      ; - java.lang.ClassLoader::preDefineClass@113
                      ; - java.lang.ClassLoader::defineClass@4
                      ; - java.security.SecureClassLoader::defineClass@12
  0x0000024b0af074f0: 8c75 62ff 

  0x0000024b0af074f4: ;   {other}
  0x0000024b0af074f4: 0f1f 8400 | e420 001b | 85c0 0f85 | 44ff ffff | ffc5 3bac | 24a0 0000 | 007c c1ba | 45ff ffff 
  0x0000024b0af07514: 488b 6c24 | 304c 8b54 | 2440 4c89 | 5424 3044 | 8b54 242c | 4489 5424 | 2866 6690 

  0x0000024b0af07530: ;   {runtime_call UncommonTrapBlob}
  0x0000024b0af07530: c5f8 77e8 

  0x0000024b0af07534: ; ImmutableOopMap {rbp=Oop [48]=Oop [56]=Oop [136]=Oop }
                      ;*ifne {reexecute=1 rethrow=0 return_oop=0}
                      ; - (reexecute) java.lang.ClassLoader::checkCerts@83
                      ; - java.lang.ClassLoader::preDefineClass@113
                      ; - java.lang.ClassLoader::defineClass@4
                      ; - java.security.SecureClassLoader::defineClass@12
  0x0000024b0af07534: c8d0 62ff 

  0x0000024b0af07538: ;   {other}
  0x0000024b0af07538: 0f1f 8400 | 2821 001c | 4533 dbeb | 1644 8b5c | 2478 41ff | c344 3b9c | 24a0 0000 | 000f 8d99 
  0x0000024b0af07558: eaff ff4c | 8b54 2420 | 478b 4c9a | 1045 85c9 | 0f84 3a11 | 0000 4d8b | c133 ed44 | 895c 2478 
  0x0000024b0af07578: 4489 4c24 | 7c4c 8984 | 24a8 0000 | 0066 6666 | 0f1f 8400 | 0000 0000 | 4c8b 5424 | 7045 8b54 
  0x0000024b0af07598: aa10 4d8b | c248 8b94 | 24a8 0000 | 0066 6690 

  0x0000024b0af075a8: ;   {optimized virtual_call}
  0x0000024b0af075a8: c5f8 77e8 

  0x0000024b0af075ac: ; ImmutableOopMap {[32]=Oop [48]=Oop [56]=Oop [64]=Oop [80]=Oop [112]=Oop [124]=NarrowOop [136]=Oop [168]=Oop }
                      ;*invokevirtual equals {reexecute=0 rethrow=0 return_oop=0}
                      ; - java.lang.ClassLoader::compareCerts@166
                      ; - java.lang.ClassLoader::checkCerts@80
                      ; - java.lang.ClassLoader::preDefineClass@113
                      ; - java.lang.ClassLoader::defineClass@4
                      ; - java.security.SecureClassLoader::defineClass@12
  0x0000024b0af075ac: d074 62ff 

  0x0000024b0af075b0: ;   {other}
  0x0000024b0af075b0: 0f1f 8400 | a021 001d | 85c0 7589 | ffc5 3bac | 249c 0000 | 007c c9e9 | 43ff ffff 

  0x0000024b0af075cc: ;   {oop(""{0x0000000080526dc0})}
  0x0000024b0af075cc: 48be c06d | 5280 0000 | 0000 e960 | e9ff ff4c | 8b5c 2420 | 4889 6c24 | 6848 8b4c | 2430 448b 
  0x0000024b0af075ec: 4c24 3844 | 8b54 243c | 488b 7424 | 40e9 cdee | ffff 4c63 | c549 8d48 | 1048 8bd1 | 4883 e2f8 
  0x0000024b0af0760c: 488b fe48 | 03fa 48c1 | e903 4c2b | d949 8bcb | 4833 c048 | 83f9 087f | 1048 ffc9 | 784f 4889 
  0x0000024b0af0762c: 04cf 48ff | c97d f7eb | 44c5 fdef | c0e9 0d00 | 0000 c5fe | 7f07 c5fe | 7f47 2048 | 83c7 4048 
  0x0000024b0af0764c: 83e9 087d | ed48 83c1 | 047c 0cc5 | fe7f 0748 | 83c7 2048 | 83e9 0448 | 83c1 047e | 1048 ffc9 
  0x0000024b0af0766c: c5f9 d607 | 4883 c708 | 48ff c97d | f349 8bca | 498b d1c5 | f877 49ba | c07a 510a | 4b02 0000 
  0x0000024b0af0768c: ;   {other}
  0x0000024b0af0768c: 41ff d20f | 1f84 0000 | 0000 00e9 | 76ec ffff 

  0x0000024b0af0769c: ;   {metadata('java/security/SecureClassLoader$CodeSourceKey')}
  0x0000024b0af0769c: 48ba 780c | 0900 0100 | 0000 6690 

  0x0000024b0af076a8: ;   {runtime_call _new_instance_Java}
  0x0000024b0af076a8: c5f8 77e8 

  0x0000024b0af076ac: ; ImmutableOopMap {rbp=Oop [48]=Oop [56]=Oop [64]=Oop }
                      ;*new {reexecute=0 rethrow=0 return_oop=1}
                      ; - java.security.SecureClassLoader::getProtectionDomain@6
                      ; - java.security.SecureClassLoader::defineClass@9
  0x0000024b0af076ac: 50e3 6eff 

  0x0000024b0af076b0: ;   {other}
  0x0000024b0af076b0: 0f1f 8400 | a022 001e | 4c8b c0e9 | 1ae3 ffff 

  0x0000024b0af076c0: ;   {metadata('java/security/SecureClassLoader$1')}
  0x0000024b0af076c0: 48ba 980e | 0900 0100 | 0000 4c89 | 4424 5890 

  0x0000024b0af076d0: ;   {runtime_call _new_instance_Java}
  0x0000024b0af076d0: c5f8 77e8 

  0x0000024b0af076d4: ; ImmutableOopMap {rbp=NarrowOop [48]=Oop [56]=Oop [64]=Oop [88]=Oop }
                      ;*new {reexecute=0 rethrow=0 return_oop=1}
                      ; - java.security.SecureClassLoader::getProtectionDomain@20
                      ; - java.security.SecureClassLoader::defineClass@9
  0x0000024b0af076d4: 28e3 6eff 

  0x0000024b0af076d8: ;   {other}
  0x0000024b0af076d8: 0f1f 8400 | c822 001f | 4c8b c84c | 8b44 2458 | e936 e3ff 

  0x0000024b0af076ec: ;   {oop(""{0x0000000080526dc0})}
  0x0000024b0af076ec: ff48 bbc0 | 6d52 8000 | 0000 00e9 | e8ec ffff | 4489 4424 | 7444 8974 | 2470 4889 | 5c24 684c 
  0x0000024b0af0770c: 894c 2460 | 4889 7c24 | 5889 5424 | 4c44 895c | 2428 4c8b | 9424 8800 | 0000 4c89 | 5424 504c 
  0x0000024b0af0772c: 8b54 2438 | 4c89 5424 | 2048 8b6c 

  0x0000024b0af07738: ;   {metadata('java/lang/String')}
  0x0000024b0af07738: 2430 48ba | b01e 0400 | 0100 0000 

  0x0000024b0af07744: ;   {runtime_call _new_instance_Java}
  0x0000024b0af07744: c5f8 77e8 

  0x0000024b0af07748: ; ImmutableOopMap {rbp=Oop [32]=Oop [40]=NarrowOop [64]=Oop [80]=Oop [88]=Oop [96]=Derived_oop_[88] [104]=Oop [112]=NarrowOop [136]=Oop }
                      ;*new {reexecute=0 rethrow=0 return_oop=1}
                      ; - java.lang.StringLatin1::newString@7
                      ; - java.lang.String::substring@41
                      ; - java.lang.ClassLoader::checkCerts@21
                      ; - java.lang.ClassLoader::preDefineClass@113
                      ; - java.lang.ClassLoader::defineClass@4
                      ; - java.security.SecureClassLoader::defineClass@12
  0x0000024b0af07748: b4e2 6eff 

  0x0000024b0af0774c: ;   {other}
  0x0000024b0af0774c: 0f1f 8400 | 3c23 0020 | 4889 6c24 | 304c 8b5c | 2420 4c89 | 5c24 3844 | 8b5c 2428 | 8b54 244c 
  0x0000024b0af0776c: 488b 7c24 | 584c 8b4c | 2460 488b | 5c24 6844 | 8b74 2470 | 448b 4424 | 7448 8bf0 | e9ff e5ff 
  0x0000024b0af0778c: ff48 8b4c | 2428 c641 | 1101 33c0 | 4c8b 5c24 | 2044 8b54 | 2430 448b | 4c24 34e9 | c7ec ffff 
  0x0000024b0af077ac: 4489 4c24 | 3444 8954 | 2430 4889 | 5c24 284c | 895c 2420 

  0x0000024b0af077c0: ;   {static_call}
  0x0000024b0af077c0: c5f8 77e8 

  0x0000024b0af077c4: ; ImmutableOopMap {rbp=Oop [32]=Oop [40]=Oop [48]=NarrowOop [52]=NarrowOop [96]=Oop [104]=Oop }
                      ;*invokestatic hashCode {reexecute=0 rethrow=0 return_oop=0}
                      ; - java.lang.String::hashCode@37
                      ; - java.util.concurrent.ConcurrentHashMap::get@1
                      ; - java.lang.ClassLoader::getNamedPackage@5
                      ; - java.lang.ClassLoader::postDefineClass@9
                      ; - java.lang.ClassLoader::defineClass@37
                      ; - java.security.SecureClassLoader::defineClass@12
  0x0000024b0af077c4: b878 62ff 

  0x0000024b0af077c8: ;   {other}
  0x0000024b0af077c8: 0f1f 8400 | b823 0021 | e97f f0ff | ff4c 8944 | 2478 4889 | 7424 7044 | 8974 2428 | 4889 5c24 
  0x0000024b0af077e8: 684c 894c | 2460 4889 | 7c24 5844 | 8bd2 418b | eb4c 8b9c | 2488 0000 | 004c 895c | 2450 4c8b 
  0x0000024b0af07808: 5c24 304c | 895c 2420 

  0x0000024b0af07810: ;   {metadata({type array byte})}
  0x0000024b0af07810: 48ba 280a | 0400 0100 | 0000 458b | c266 6690 

  0x0000024b0af07820: ;   {runtime_call _new_array_nozero_Java}
  0x0000024b0af07820: c5f8 77e8 

  0x0000024b0af07824: ; ImmutableOopMap {rbp=NarrowOop [32]=Oop [40]=NarrowOop [56]=Oop [64]=Oop [80]=Oop [88]=Oop [96]=Derived_oop_[88] [104]=Oop [112]=Oop }
                      ;*invokevirtual clone {reexecute=1 rethrow=0 return_oop=1}
                      ; - (reexecute) java.util.Arrays::copyOfRange@18
                      ; - java.lang.StringLatin1::newString@16
                      ; - java.lang.String::substring@41
                      ; - java.lang.ClassLoader::checkCerts@21
                      ; - java.lang.ClassLoader::preDefineClass@113
                      ; - java.lang.ClassLoader::defineClass@4
                      ; - java.security.SecureClassLoader::defineClass@12
  0x0000024b0af07824: d8e7 6eff 

  0x0000024b0af07828: ;   {other}
  0x0000024b0af07828: 0f1f 8400 | 1824 0022 | 4c8b 5c24 | 204c 895c | 2430 4c8b | 5c24 504c | 899c 2488 | 0000 004c 
  0x0000024b0af07848: 8b4c 2460 | 488b 5c24 | 6844 8b74 | 2428 488b | 7424 704c | 8b44 2478 | 4c8b e8e9 | 67e6 ffff 
  0x0000024b0af07868: 4489 4424 | 2889 7c24 | 2489 4c24 | 2048 8b6c 

  0x0000024b0af07878: ;   {metadata('java/lang/String')}
  0x0000024b0af07878: 2468 48ba | b01e 0400 | 0100 0000 

  0x0000024b0af07884: ;   {runtime_call _new_instance_Java}
  0x0000024b0af07884: c5f8 77e8 

  0x0000024b0af07888: ; ImmutableOopMap {rbp=Oop [32]=NarrowOop [48]=Oop [96]=Oop [104]=Oop [136]=Oop }
                      ;*new {reexecute=0 rethrow=0 return_oop=1}
                      ; - java.lang.StringLatin1::newString@7
                      ; - java.lang.String::substring@41
                      ; - java.lang.Class::getPackageName@62
                      ; - java.lang.ClassLoader::postDefineClass@2
                      ; - java.lang.ClassLoader::defineClass@37
                      ; - java.security.SecureClassLoader::defineClass@12
  0x0000024b0af07888: 74e1 6eff 

  0x0000024b0af0788c: ;   {other}
  0x0000024b0af0788c: 0f1f 8400 | 7c24 0023 | 8b4c 2420 | 8b7c 2424 | 448b 4424 | 2848 8bd8 | e98a e9ff | ff41 8b78 
  0x0000024b0af078ac: ;   {metadata('java/util/concurrent/ConcurrentHashMap$ReservationNode')}
  0x0000024b0af078ac: 0881 ffed | dd00 200f | 84c1 ecff 

  0x0000024b0af078b8: ;   {metadata('java/util/concurrent/ConcurrentHashMap$ForwardingNode')}
  0x0000024b0af078b8: ff81 ff00 | 2901 200f | 8573 0f00 | 0045 8bc2 | 4489 4c24 | 3848 894c | 2430 4c89 | 5c24 2048 
  0x0000024b0af078d8: 8bd6 4c8b | c966 6690 

  0x0000024b0af078e0: ;   {optimized virtual_call}
  0x0000024b0af078e0: c5f8 77e8 

  0x0000024b0af078e4: ; ImmutableOopMap {[32]=Oop [48]=Oop [56]=NarrowOop [96]=Oop [104]=Oop }
                      ;*invokevirtual find {reexecute=0 rethrow=0 return_oop=1}
                      ; - java.util.concurrent.ConcurrentHashMap::get@93
                      ; - java.lang.ClassLoader::getNamedPackage@5
                      ; - java.lang.ClassLoader::postDefineClass@9
                      ; - java.lang.ClassLoader::defineClass@37
                      ; - java.security.SecureClassLoader::defineClass@12
  0x0000024b0af078e4: 9871 62ff 

  0x0000024b0af078e8: ;   {other}
  0x0000024b0af078e8: 0f1f 8400 | d824 0024 | 4885 c00f | 8473 0300 | 008b 6814 | 85ed 0f84 | 390d 0000 | 4c8b 5c24 
  0x0000024b0af07908: 20e9 9cee | ffff 4489 | 4c24 3048 | 894c 2428 | 4c89 5c24 

  0x0000024b0af0791c: ;   {metadata('java/lang/NamedPackage')}
  0x0000024b0af0791c: 2048 ba58 | fc08 0001 | 0000 0090 

  0x0000024b0af07928: ;   {runtime_call _new_instance_Java}
  0x0000024b0af07928: c5f8 77e8 

  0x0000024b0af0792c: ; ImmutableOopMap {[32]=Oop [40]=Oop [48]=NarrowOop [96]=Oop [104]=Oop }
                      ;*new {reexecute=0 rethrow=0 return_oop=1}
                      ; - java.lang.ClassLoader::getNamedPackage@16
                      ; - java.lang.ClassLoader::postDefineClass@9
                      ; - java.lang.ClassLoader::defineClass@37
                      ; - java.security.SecureClassLoader::defineClass@12
  0x0000024b0af0792c: d0e0 6eff 

  0x0000024b0af07930: ;   {other}
  0x0000024b0af07930: 0f1f 8400 | 2025 0025 | e98c ecff | ff4c 8944 | 2440 4c89 | 5424 3848 | 895c 2428 | 8be9 4c8b 
  0x0000024b0af07950: 5424 684c | 8954 2420 

  0x0000024b0af07958: ;   {metadata({type array byte})}
  0x0000024b0af07958: 48ba 280a | 0400 0100 | 0000 448b | c766 6690 

  0x0000024b0af07968: ;   {runtime_call _new_array_nozero_Java}
  0x0000024b0af07968: c5f8 77e8 

  0x0000024b0af0796c: ; ImmutableOopMap {rbp=NarrowOop [32]=Oop [40]=Oop [48]=Oop [96]=Oop [136]=Oop [56]=Derived_oop_[136] }
                      ;*invokevirtual clone {reexecute=1 rethrow=0 return_oop=1}
                      ; - (reexecute) java.util.Arrays::copyOfRange@18
                      ; - java.lang.StringLatin1::newString@16
                      ; - java.lang.String::substring@41
                      ; - java.lang.Class::getPackageName@62
                      ; - java.lang.ClassLoader::postDefineClass@2
                      ; - java.lang.ClassLoader::defineClass@37
                      ; - java.security.SecureClassLoader::defineClass@12
  0x0000024b0af0796c: 90e6 6eff 

  0x0000024b0af07970: ;   {other}
  0x0000024b0af07970: 0f1f 8400 | 6025 0026 | 4c8b 5424 | 204c 8954 | 2468 488b | 5c24 284c | 8b54 2438 | 4c8b 4424 
  0x0000024b0af07990: 4048 8bf0 | e9df e9ff | ff48 8984 | 2480 0000 | 004c 8954 | 2478 4889 | 7424 7044 | 8944 244c 
  0x0000024b0af079b0: 4489 7424 | 2848 895c | 2468 4c89 | 4c24 6048 | 897c 2458 | 4c8b 9424 | 8800 0000 | 4c89 5424 
  0x0000024b0af079d0: 504c 8b54 | 2430 4c89 

  0x0000024b0af079d8: ;   {metadata({type array byte})}
  0x0000024b0af079d8: 5424 2048 | ba28 0a04 | 0001 0000 | 0066 6690 

  0x0000024b0af079e8: ;   {runtime_call _new_array_nozero_Java}
  0x0000024b0af079e8: c5f8 77e8 

  0x0000024b0af079ec: ; ImmutableOopMap {[32]=Oop [40]=NarrowOop [56]=Oop [64]=Oop [80]=Oop [88]=Oop [96]=Derived_oop_[88] [104]=Oop [112]=Oop }
                      ;*newarray {reexecute=0 rethrow=0 return_oop=1}
                      ; - java.util.Arrays::copyOfRangeByte@10
                      ; - java.util.Arrays::copyOfRange@13
                      ; - java.lang.StringLatin1::newString@16
                      ; - java.lang.String::substring@41
                      ; - java.lang.ClassLoader::checkCerts@21
                      ; - java.lang.ClassLoader::preDefineClass@113
                      ; - java.lang.ClassLoader::defineClass@4
                      ; - java.security.SecureClassLoader::defineClass@12
  0x0000024b0af079ec: 10e6 6eff 

  0x0000024b0af079f0: ;   {other}
  0x0000024b0af079f0: 0f1f 8400 | e025 0027 | 4c8b 5c24 | 204c 895c | 2430 4c8b | 5c24 504c | 899c 2488 | 0000 004c 
  0x0000024b0af07a10: 8b4c 2460 | 488b 5c24 | 6844 8b74 | 2428 448b | 4424 4c48 | 8b74 2470 | 4c8b e84c | 8b54 2478 
  0x0000024b0af07a30: 488b 8424 | 8000 0000 | e9e7 e3ff | ff48 897c | 2450 4c89 | 5c24 484c | 8954 2440 | 4889 5c24 
  0x0000024b0af07a50: 3844 8944 | 2428 4c8b | 5424 684c | 8954 2420 

  0x0000024b0af07a60: ;   {metadata({type array byte})}
  0x0000024b0af07a60: 48ba 280a | 0400 0100 | 0000 6690 

  0x0000024b0af07a6c: ;   {runtime_call _new_array_nozero_Java}
  0x0000024b0af07a6c: c5f8 77e8 

  0x0000024b0af07a70: ; ImmutableOopMap {[32]=Oop [48]=Oop [56]=Oop [96]=Oop [104]=Oop [136]=Oop [64]=Derived_oop_[136] }
                      ;*newarray {reexecute=0 rethrow=0 return_oop=1}
                      ; - java.util.Arrays::copyOfRangeByte@10
                      ; - java.util.Arrays::copyOfRange@13
                      ; - java.lang.StringLatin1::newString@16
                      ; - java.lang.String::substring@41
                      ; - java.lang.Class::getPackageName@62
                      ; - java.lang.ClassLoader::postDefineClass@2
                      ; - java.lang.ClassLoader::defineClass@37
                      ; - java.security.SecureClassLoader::defineClass@12
  0x0000024b0af07a70: 8ce5 6eff 

  0x0000024b0af07a74: ;   {other}
  0x0000024b0af07a74: 0f1f 8400 | 6426 0028 | 448b 4424 | 2848 8b5c | 2438 4c8b | 5424 4048 | 8bf0 4c8b | 5c24 4848 
  0x0000024b0af07a94: 8b7c 2450 | e930 e8ff | ff49 8bd3 | 4533 c048 | 8b6c 2430 

  0x0000024b0af07aa8: ;   {static_call}
  0x0000024b0af07aa8: c5f8 77e8 

  0x0000024b0af07aac: ; ImmutableOopMap {rbp=Oop [48]=Oop [56]=Oop [64]=Oop [136]=Oop }
                      ;*invokestatic charAt {reexecute=0 rethrow=0 return_oop=0}
                      ; - java.lang.String::charAt@21
                      ; - java.lang.ClassLoader::checkName@25
                      ; - java.lang.ClassLoader::preDefineClass@1
                      ; - java.lang.ClassLoader::defineClass@4
                      ; - java.security.SecureClassLoader::defineClass@12
  0x0000024b0af07aac: d075 62ff 

  0x0000024b0af07ab0: ;   {other}
  0x0000024b0af07ab0: 0f1f 8400 | a026 0029 | 448b d0e9 | dee0 ffff | baf6 ffff | ff48 8bef | 4c89 5424 | 2066 6690 
  0x0000024b0af07ad0: ;   {runtime_call UncommonTrapBlob}
  0x0000024b0af07ad0: c5f8 77e8 

  0x0000024b0af07ad4: ; ImmutableOopMap {rbp=Oop [32]=Oop }
                      ;*invokevirtual putIfAbsent {reexecute=0 rethrow=0 return_oop=0}
                      ; - java.lang.ClassLoader::checkCerts@62
                      ; - java.lang.ClassLoader::preDefineClass@113
                      ; - java.lang.ClassLoader::defineClass@4
                      ; - java.security.SecureClassLoader::defineClass@12
  0x0000024b0af07ad4: 28cb 62ff 

  0x0000024b0af07ad8: ;   {other}
  0x0000024b0af07ad8: 0f1f 8400 | c826 002a | baf6 ffff | ff66 6690 

  0x0000024b0af07ae8: ;   {runtime_call UncommonTrapBlob}
  0x0000024b0af07ae8: c5f8 77e8 

  0x0000024b0af07aec: ; ImmutableOopMap {rbp=NarrowOop }
                      ;*invokevirtual toExternalForm {reexecute=0 rethrow=0 return_oop=0}
                      ; - java.net.URL::toExternalForm@5
                      ; - java.net.URL::toString@1
                      ; - java.lang.ClassLoader::defineClassSourceLocation@22
                      ; - java.lang.ClassLoader::defineClass@12
                      ; - java.security.SecureClassLoader::defineClass@12
  0x0000024b0af07aec: 10cb 62ff 

  0x0000024b0af07af0: ;   {other}
  0x0000024b0af07af0: 0f1f 8400 | e026 002b | baf6 ffff | ff48 8beb 

  0x0000024b0af07b00: ;   {runtime_call UncommonTrapBlob}
  0x0000024b0af07b00: c5f8 77e8 

  0x0000024b0af07b04: ; ImmutableOopMap {rbp=Oop }
                      ;*invokevirtual get {reexecute=0 rethrow=0 return_oop=0}
                      ; - java.lang.ClassLoader::getNamedPackage@5
                      ; - java.lang.ClassLoader::postDefineClass@9
                      ; - java.lang.ClassLoader::defineClass@37
                      ; - java.security.SecureClassLoader::defineClass@12
  0x0000024b0af07b04: f8ca 62ff 

  0x0000024b0af07b08: ;   {other}
  0x0000024b0af07b08: 0f1f 8400 | f826 002c | ba76 ffff | ff41 8beb | 4489 5424 | 2444 8b54 | 242c 4489 | 5424 2844 
  0x0000024b0af07b28: 8b5c 2448 | 4489 5c24 | 2c48 895c | 2450 4489 | 7424 6090 

  0x0000024b0af07b3c: ;   {runtime_call UncommonTrapBlob}
  0x0000024b0af07b3c: c5f8 77e8 

  0x0000024b0af07b40: ; ImmutableOopMap {rbp=NarrowOop [48]=Oop [56]=Oop [64]=Oop [80]=Oop [96]=NarrowOop [136]=Oop }
                      ;*iflt {reexecute=1 rethrow=0 return_oop=0}
                      ; - (reexecute) java.lang.StringLatin1::lastIndexOf@19
                      ; - java.lang.String::lastIndexOf@13
                      ; - java.lang.String::lastIndexOf@8
                      ; - java.lang.ClassLoader::checkCerts@3
                      ; - java.lang.ClassLoader::preDefineClass@113
                      ; - java.lang.ClassLoader::defineClass@4
                      ; - java.security.SecureClassLoader::defineClass@12
  0x0000024b0af07b40: bcca 62ff 

  0x0000024b0af07b44: ;   {other}
  0x0000024b0af07b44: 0f1f 8400 | 3427 002d | bade ffff | ff4c 8b54 | 2430 4c89 | 5424 204c | 8b54 2438 | 4c89 5424 
  0x0000024b0af07b64: 304c 8b54 | 2440 4c89 | 5424 3844 | 8b5c 242c | 4489 5c24 | 2844 8b5c | 2448 4489 | 5c24 2c4c 
  0x0000024b0af07b84: 8944 2440 | 4c89 4c24 | 4866 6690 

  0x0000024b0af07b90: ;   {runtime_call UncommonTrapBlob}
  0x0000024b0af07b90: c5f8 77e8 

  0x0000024b0af07b94: ; ImmutableOopMap {rbp=NarrowOop [32]=Oop [48]=Oop [56]=Oop [64]=Oop [72]=Oop }
                      ;*invokeinterface computeIfAbsent {reexecute=0 rethrow=0 return_oop=0}
                      ; - java.security.SecureClassLoader::getProtectionDomain@28
                      ; - java.security.SecureClassLoader::defineClass@9
  0x0000024b0af07b94: 68ca 62ff 

  0x0000024b0af07b98: ;   {other}
  0x0000024b0af07b98: 0f1f 8400 | 8827 002e | ba45 ffff | ff48 8b6c | 2430 448b | 5c24 2c44 | 895c 2428 | 448b 5424 
  0x0000024b0af07bb8: 4844 8954 | 242c 6690 

  0x0000024b0af07bc0: ;   {runtime_call UncommonTrapBlob}
  0x0000024b0af07bc0: c5f8 77e8 

  0x0000024b0af07bc4: ; ImmutableOopMap {rbp=Oop [56]=Oop [64]=Oop [136]=Oop }
                      ;*ifeq {reexecute=1 rethrow=0 return_oop=0}
                      ; - (reexecute) java.lang.ClassLoader::checkName@8
                      ; - java.lang.ClassLoader::preDefineClass@1
                      ; - java.lang.ClassLoader::defineClass@4
                      ; - java.security.SecureClassLoader::defineClass@12
  0x0000024b0af07bc4: 38ca 62ff 

  0x0000024b0af07bc8: ;   {other}
  0x0000024b0af07bc8: 0f1f 8400 | b827 002f | bae4 ffff | ff44 8b44 | 242c 4489 | 4424 2844 | 8b54 2448 | 4489 5424 
  0x0000024b0af07be8: 2c44 895c | 2458 6690 

  0x0000024b0af07bf0: ;   {runtime_call UncommonTrapBlob}
  0x0000024b0af07bf0: c5f8 77e8 

  0x0000024b0af07bf4: ; ImmutableOopMap {[48]=Oop [56]=Oop [64]=Oop [88]=NarrowOop [136]=Oop }
                      ;*invokestatic checkIndex {reexecute=0 rethrow=0 return_oop=0}
                      ; - java.lang.String::checkIndex@5
                      ; - java.lang.StringLatin1::charAt@3
                      ; - java.lang.String::charAt@12
                      ; - java.lang.ClassLoader::checkName@25
                      ; - java.lang.ClassLoader::preDefineClass@1
                      ; - java.lang.ClassLoader::defineClass@4
                      ; - java.security.SecureClassLoader::defineClass@12
  0x0000024b0af07bf4: 08ca 62ff 

  0x0000024b0af07bf8: ;   {other}
  0x0000024b0af07bf8: 0f1f 8400 | e827 0030 | ba6e ffff | ff41 8beb | 4489 5424 | 2444 8b54 | 242c 4489 | 5424 2844 
  0x0000024b0af07c18: 8b5c 2448 | 4489 5c24 | 2c48 895c | 2450 4489 | 7424 6090 

  0x0000024b0af07c2c: ;   {runtime_call UncommonTrapBlob}
  0x0000024b0af07c2c: c5f8 77e8 

  0x0000024b0af07c30: ; ImmutableOopMap {rbp=NarrowOop [48]=Oop [56]=Oop [64]=Oop [80]=Oop [96]=NarrowOop [136]=Oop }
                      ;*iflt {reexecute=1 rethrow=0 return_oop=0}
                      ; - (reexecute) java.lang.StringLatin1::lastIndexOf@19
                      ; - java.lang.String::lastIndexOf@13
                      ; - java.lang.String::lastIndexOf@8
                      ; - java.lang.ClassLoader::checkCerts@3
                      ; - java.lang.ClassLoader::preDefineClass@113
                      ; - java.lang.ClassLoader::defineClass@4
                      ; - java.security.SecureClassLoader::defineClass@12
  0x0000024b0af07c30: ccc9 62ff 

  0x0000024b0af07c34: ;   {other}
  0x0000024b0af07c34: 0f1f 8400 | 2428 0031 | bace ffff | ff44 8b54 | 242c 4489 | 5424 2844 | 8b44 2448 | 4489 4424 
  0x0000024b0af07c54: 2c44 895c | 2460 6690 

  0x0000024b0af07c5c: ;   {runtime_call UncommonTrapBlob}
  0x0000024b0af07c5c: c5f8 77e8 

  0x0000024b0af07c60: ; ImmutableOopMap {rbp=NarrowOop [48]=Oop [56]=Oop [64]=Oop [136]=Oop }
                      ;*invokestatic indexOfChar {reexecute=0 rethrow=0 return_oop=0}
                      ; - java.lang.StringLatin1::indexOf@33
                      ; - java.lang.String::indexOf@17
                      ; - java.lang.String::indexOf@3
                      ; - java.lang.ClassLoader::checkName@16
                      ; - java.lang.ClassLoader::preDefineClass@1
                      ; - java.lang.ClassLoader::defineClass@4
                      ; - java.security.SecureClassLoader::defineClass@12
  0x0000024b0af07c60: 9cc9 62ff 

  0x0000024b0af07c64: ;   {other}
  0x0000024b0af07c64: 0f1f 8400 | 5428 0032 | 4c8b 5c24 | 2048 8b4c | 2430 448b | 4c24 38e9 | fae8 ffff | bae4 ffff 
  0x0000024b0af07c84: ff44 895c | 2420 448b | 5c24 4844 | 895c 2428 

  0x0000024b0af07c94: ;   {runtime_call UncommonTrapBlob}
  0x0000024b0af07c94: c5f8 77e8 

  0x0000024b0af07c98: ; ImmutableOopMap {[32]=NarrowOop [48]=Oop [56]=Oop [64]=Oop [136]=Oop }
                      ;*baload {reexecute=0 rethrow=0 return_oop=0}
                      ; - jdk.internal.util.ArraysSupport::mismatch@82
                      ; - java.lang.String::startsWith@70
                      ; - java.lang.String::startsWith@3
                      ; - java.lang.ClassLoader::preDefineClass@43
                      ; - java.lang.ClassLoader::defineClass@4
                      ; - java.security.SecureClassLoader::defineClass@12
  0x0000024b0af07c98: 64c9 62ff 

  0x0000024b0af07c9c: ;   {other}
  0x0000024b0af07c9c: 0f1f 8400 | 8c28 0033 | ba76 ffff | ff8b e944 | 8954 2424 | 4c8b 5424 | 684c 8954 | 2428 4c89 
  0x0000024b0af07cbc: 5c24 5890 

  0x0000024b0af07cc0: ;   {runtime_call UncommonTrapBlob}
  0x0000024b0af07cc0: c5f8 77e8 

  0x0000024b0af07cc4: ; ImmutableOopMap {rbp=NarrowOop [40]=Oop [48]=Oop [88]=Oop [96]=Oop }
                      ;*iflt {reexecute=1 rethrow=0 return_oop=0}
                      ; - (reexecute) java.lang.StringLatin1::lastIndexOf@19
                      ; - java.lang.String::lastIndexOf@13
                      ; - java.lang.String::lastIndexOf@8
                      ; - java.lang.Class::getPackageName@47
                      ; - java.lang.ClassLoader::postDefineClass@2
                      ; - java.lang.ClassLoader::defineClass@37
                      ; - java.security.SecureClassLoader::defineClass@12
  0x0000024b0af07cc4: 38c9 62ff 

  0x0000024b0af07cc8: ;   {other}
  0x0000024b0af07cc8: 0f1f 8400 | b828 0034 | bade ffff | ff66 6690 

  0x0000024b0af07cd8: ;   {runtime_call UncommonTrapBlob}
  0x0000024b0af07cd8: c5f8 77e8 

  0x0000024b0af07cdc: ; ImmutableOopMap {rbp=NarrowOop }
                      ;*checkcast {reexecute=0 rethrow=0 return_oop=0}
                      ; - java.lang.ClassLoader::getNamedPackage@8
                      ; - java.lang.ClassLoader::postDefineClass@9
                      ; - java.lang.ClassLoader::defineClass@37
                      ; - java.security.SecureClassLoader::defineClass@12
  0x0000024b0af07cdc: 20c9 62ff 

  0x0000024b0af07ce0: ;   {other}
  0x0000024b0af07ce0: 0f1f 8400 | d028 0035 | ba45 ffff | ff48 8944 | 2428 4889 | 4424 4090 

  0x0000024b0af07cf8: ;   {runtime_call UncommonTrapBlob}
  0x0000024b0af07cf8: c5f8 77e8 

  0x0000024b0af07cfc: ; ImmutableOopMap {[40]=Oop [48]=Oop [64]=Oop [136]=Oop }
                      ;*ifeq {reexecute=1 rethrow=0 return_oop=0}
                      ; - (reexecute) java.lang.Class::getPackageName@13
                      ; - java.lang.ClassLoader::postDefineClass@2
                      ; - java.lang.ClassLoader::defineClass@37
                      ; - java.security.SecureClassLoader::defineClass@12
  0x0000024b0af07cfc: 00c9 62ff 

  0x0000024b0af07d00: ;   {other}
  0x0000024b0af07d00: 0f1f 8400 | f028 0036 | ba6e ffff | ff8b e944 | 8954 2424 | 4c8b 5424 | 684c 8954 | 2428 4c89 
  0x0000024b0af07d20: 5c24 5890 

  0x0000024b0af07d24: ;   {runtime_call UncommonTrapBlob}
  0x0000024b0af07d24: c5f8 77e8 

  0x0000024b0af07d28: ; ImmutableOopMap {rbp=NarrowOop [40]=Oop [48]=Oop [88]=Oop [96]=Oop }
                      ;*iflt {reexecute=1 rethrow=0 return_oop=0}
                      ; - (reexecute) java.lang.StringLatin1::lastIndexOf@19
                      ; - java.lang.String::lastIndexOf@13
                      ; - java.lang.String::lastIndexOf@8
                      ; - java.lang.Class::getPackageName@47
                      ; - java.lang.ClassLoader::postDefineClass@2
                      ; - java.lang.ClassLoader::defineClass@37
                      ; - java.security.SecureClassLoader::defineClass@12
  0x0000024b0af07d28: d4c8 62ff 

  0x0000024b0af07d2c: ;   {other}
  0x0000024b0af07d2c: 0f1f 8400 | 1c29 0037 | 458b c2e9 | e2df ffff | ba45 ffff | ff48 8b6c | 2430 448b | 5424 2c44 
  0x0000024b0af07d4c: 8954 2428 | 448b 5c24 | 4844 895c | 242c 895c | 2450 6690 

  0x0000024b0af07d60: ;   {runtime_call UncommonTrapBlob}
  0x0000024b0af07d60: c5f8 77e8 

  0x0000024b0af07d64: ; ImmutableOopMap {rbp=Oop [56]=Oop [64]=Oop [136]=Oop }
                      ;*if_icmpne {reexecute=1 rethrow=0 return_oop=0}
                      ; - (reexecute) java.lang.ClassLoader::checkName@20
                      ; - java.lang.ClassLoader::preDefineClass@1
                      ; - java.lang.ClassLoader::defineClass@4
                      ; - java.security.SecureClassLoader::defineClass@12
  0x0000024b0af07d64: 98c8 62ff 

  0x0000024b0af07d68: ;   {other}
  0x0000024b0af07d68: 0f1f 8400 | 5829 0038 | 33ed 4585 | d240 0f94 | c5ba 45ff | ffff 4c8b | 5424 304c | 8954 2420 
  0x0000024b0af07d88: 4c8b 5424 | 384c 8954 | 2430 448b | 5424 2c44 | 8954 2428 | 448b 5c24 | 4844 895c | 242c 4889 
  0x0000024b0af07da8: 5c24 5044 | 8974 2458 | 8944 245c 

  0x0000024b0af07db4: ;   {runtime_call UncommonTrapBlob}
  0x0000024b0af07db4: c5f8 77e8 

  0x0000024b0af07db8: ; ImmutableOopMap {[32]=Oop [48]=Oop [64]=Oop [80]=Oop [88]=NarrowOop [136]=Oop }
                      ;*ifeq {reexecute=1 rethrow=0 return_oop=0}
                      ; - (reexecute) java.lang.String::lastIndexOf@4
                      ; - java.lang.String::lastIndexOf@8
                      ; - java.lang.ClassLoader::checkCerts@3
                      ; - java.lang.ClassLoader::preDefineClass@113
                      ; - java.lang.ClassLoader::defineClass@4
                      ; - java.security.SecureClassLoader::defineClass@12
  0x0000024b0af07db8: 44c8 62ff 

  0x0000024b0af07dbc: ;   {other}
  0x0000024b0af07dbc: 0f1f 8400 | ac29 0039 | ba45 ffff | ff44 8944 | 2424 4489 | 4424 2848 | 895c 2458 | 4489 7424 
  0x0000024b0af07ddc: 4c66 6690 

  0x0000024b0af07de0: ;   {runtime_call UncommonTrapBlob}
  0x0000024b0af07de0: c5f8 77e8 

  0x0000024b0af07de4: ; ImmutableOopMap {[48]=Oop [56]=Oop [64]=Oop [76]=NarrowOop [88]=Oop [136]=Oop }
                      ;*if_icmpgt {reexecute=1 rethrow=0 return_oop=0}
                      ; - (reexecute) jdk.internal.util.Preconditions::checkFromToIndex@6
                      ; - java.lang.String::checkBoundsBeginEnd@6
                      ; - java.lang.String::substring@8
                      ; - java.lang.ClassLoader::checkCerts@21
                      ; - java.lang.ClassLoader::preDefineClass@113
                      ; - java.lang.ClassLoader::defineClass@4
                      ; - java.security.SecureClassLoader::defineClass@12
  0x0000024b0af07de4: 18c8 62ff 

  0x0000024b0af07de8: ;   {other}
  0x0000024b0af07de8: 0f1f 8400 | d829 003a | ba45 ffff | ff4c 895c | 2440 4889 | 4c24 4844 | 894c 2450 

  0x0000024b0af07e04: ;   {runtime_call UncommonTrapBlob}
  0x0000024b0af07e04: c5f8 77e8 

  0x0000024b0af07e08: ; ImmutableOopMap {[64]=Oop [72]=Oop [80]=NarrowOop [96]=Oop [104]=Oop }
                      ;*ifle {reexecute=1 rethrow=0 return_oop=0}
                      ; - (reexecute) java.util.concurrent.ConcurrentHashMap::get@23
                      ; - java.lang.ClassLoader::getNamedPackage@5
                      ; - java.lang.ClassLoader::postDefineClass@9
                      ; - java.lang.ClassLoader::defineClass@37
                      ; - java.security.SecureClassLoader::defineClass@12
  0x0000024b0af07e08: f4c7 62ff 

  0x0000024b0af07e0c: ;   {other}
  0x0000024b0af07e0c: 0f1f 8400 | fc29 003b | ba45 ffff | ff4c 8b54 | 2430 4c89 | 5424 204c | 8944 2430 | 4c89 4c24 
  0x0000024b0af07e2c: 3889 7c24 | 2866 6690 

  0x0000024b0af07e34: ;   {runtime_call UncommonTrapBlob}
  0x0000024b0af07e34: c5f8 77e8 

  0x0000024b0af07e38: ; ImmutableOopMap {rbp=Oop [32]=Oop [48]=Oop [56]=Oop }
                      ;*ifnonnull {reexecute=1 rethrow=0 return_oop=0}
                      ; - (reexecute) java.security.SecureClassLoader::getProtectionDomain@1
                      ; - java.security.SecureClassLoader::defineClass@9
  0x0000024b0af07e38: c4c7 62ff 

  0x0000024b0af07e3c: ;   {other}
  0x0000024b0af07e3c: 0f1f 8400 | 2c2a 003c | ba45 ffff | ff48 8b6c | 2430 448b | 5c24 2c44 | 895c 2428 | 448b 4424 
  0x0000024b0af07e5c: 4844 8944 | 242c 4489 | 5424 5090 

  0x0000024b0af07e68: ;   {runtime_call UncommonTrapBlob}
  0x0000024b0af07e68: c5f8 77e8 

  0x0000024b0af07e6c: ; ImmutableOopMap {rbp=Oop [56]=Oop [64]=Oop [136]=Oop }
                      ;*if_icmpne {reexecute=1 rethrow=0 return_oop=0}
                      ; - (reexecute) java.lang.ClassLoader::checkName@30
                      ; - java.lang.ClassLoader::preDefineClass@1
                      ; - java.lang.ClassLoader::defineClass@4
                      ; - java.security.SecureClassLoader::defineClass@12
  0x0000024b0af07e6c: 90c7 62ff 

  0x0000024b0af07e70: ;   {other}
  0x0000024b0af07e70: 0f1f 8400 | 602a 003d | ba45 ffff | ff44 8944 | 2424 4489 | 4424 2848 | 895c 2458 | 4489 7424 
  0x0000024b0af07e90: 4c66 6690 

  0x0000024b0af07e94: ;   {runtime_call UncommonTrapBlob}
  0x0000024b0af07e94: c5f8 77e8 

  0x0000024b0af07e98: ; ImmutableOopMap {[48]=Oop [56]=Oop [64]=Oop [76]=NarrowOop [88]=Oop [136]=Oop }
                      ;*if_icmple {reexecute=1 rethrow=0 return_oop=0}
                      ; - (reexecute) jdk.internal.util.Preconditions::checkFromToIndex@11
                      ; - java.lang.String::checkBoundsBeginEnd@6
                      ; - java.lang.String::substring@8
                      ; - java.lang.ClassLoader::checkCerts@21
                      ; - java.lang.ClassLoader::preDefineClass@113
                      ; - java.lang.ClassLoader::defineClass@4
                      ; - java.security.SecureClassLoader::defineClass@12
  0x0000024b0af07e98: 64c7 62ff 

  0x0000024b0af07e9c: ;   {other}
  0x0000024b0af07e9c: 0f1f 8400 | 8c2a 003e | ba45 ffff | ff48 8b6c | 2430 4c8b | 5424 404c | 8954 2430 | 448b 5c24 
  0x0000024b0af07ebc: 2c44 895c | 2428 448b | 5424 4844 | 8954 242c | 4489 4c24 | 4866 6690 

  0x0000024b0af07ed4: ;   {runtime_call UncommonTrapBlob}
  0x0000024b0af07ed4: c5f8 77e8 

  0x0000024b0af07ed8: ; ImmutableOopMap {rbp=Oop [48]=Oop [56]=Oop [136]=Oop }
                      ;*ifne {reexecute=1 rethrow=0 return_oop=0}
                      ; - (reexecute) java.lang.ClassLoader::compareCerts@7
                      ; - java.lang.ClassLoader::checkCerts@80
                      ; - java.lang.ClassLoader::preDefineClass@113
                      ; - java.lang.ClassLoader::defineClass@4
                      ; - java.security.SecureClassLoader::defineClass@12
  0x0000024b0af07ed8: 24c7 62ff 

  0x0000024b0af07edc: ;   {other}
  0x0000024b0af07edc: 0f1f 8400 | cc2a 003f | 498b d7c5 | f877 49ba | 70ed c400 | fc7f 0000 

  0x0000024b0af07ef4: ;   {other}
  0x0000024b0af07ef4: 41ff d20f | 1f84 0000 | 0000 00e9 | 00e0 ffff | baf6 ffff | ff48 8974 | 2420 6690 

  0x0000024b0af07f10: ;   {runtime_call UncommonTrapBlob}
  0x0000024b0af07f10: c5f8 77e8 

  0x0000024b0af07f14: ; ImmutableOopMap {[32]=Oop [40]=Oop }
                      ;*invokevirtual putIfAbsent {reexecute=0 rethrow=0 return_oop=0}
                      ; - java.lang.ClassLoader::getNamedPackage@32
                      ; - java.lang.ClassLoader::postDefineClass@9
                      ; - java.lang.ClassLoader::defineClass@37
                      ; - java.security.SecureClassLoader::defineClass@12
  0x0000024b0af07f14: e8c6 62ff 

  0x0000024b0af07f18: ;   {other}
  0x0000024b0af07f18: 0f1f 8400 | 082b 0040 | 488b e8ba | 54ff ffff 

  0x0000024b0af07f28: ;   {runtime_call UncommonTrapBlob}
  0x0000024b0af07f28: c5f8 77e8 

  0x0000024b0af07f2c: ; ImmutableOopMap {rbp=Oop [32]=Oop [48]=NarrowOop [56]=Oop [96]=Oop [104]=Oop }
                      ;*ifnull {reexecute=1 rethrow=0 return_oop=0}
                      ; - (reexecute) java.lang.ClassLoader::getNamedPackage@42
                      ; - java.lang.ClassLoader::postDefineClass@9
                      ; - java.lang.ClassLoader::defineClass@37
                      ; - java.security.SecureClassLoader::defineClass@12
  0x0000024b0af07f2c: d0c6 62ff 

  0x0000024b0af07f30: ;   {other}
  0x0000024b0af07f30: 0f1f 8400 | 202b 0041 | ba45 ffff | ff41 8beb | 448b 5c24 | 2c44 895c | 2428 448b | 4424 4844 
  0x0000024b0af07f50: 8944 242c | 4489 5424 | 5c66 6690 

  0x0000024b0af07f5c: ;   {runtime_call UncommonTrapBlob}
  0x0000024b0af07f5c: c5f8 77e8 

  0x0000024b0af07f60: ; ImmutableOopMap {rbp=NarrowOop [48]=Oop [56]=Oop [64]=Oop [136]=Oop }
                      ;*if_icmpne {reexecute=1 rethrow=0 return_oop=0}
                      ; - (reexecute) java.lang.String::startsWith@50
                      ; - java.lang.String::startsWith@3
                      ; - java.lang.ClassLoader::preDefineClass@43
                      ; - java.lang.ClassLoader::defineClass@4
                      ; - java.security.SecureClassLoader::defineClass@12
  0x0000024b0af07f60: 9cc6 62ff 

  0x0000024b0af07f64: ;   {other}
  0x0000024b0af07f64: 0f1f 8400 | 542b 0042 | baf6 ffff | ff66 6690 

  0x0000024b0af07f74: ;   {runtime_call UncommonTrapBlob}
  0x0000024b0af07f74: c5f8 77e8 

  0x0000024b0af07f78: ; ImmutableOopMap {}
                      ;*invokevirtual isNamed {reexecute=0 rethrow=0 return_oop=0}
                      ; - java.lang.NamedPackage::<init>@12
                      ; - java.lang.ClassLoader::getNamedPackage@22
                      ; - java.lang.ClassLoader::postDefineClass@9
                      ; - java.lang.ClassLoader::defineClass@37
                      ; - java.security.SecureClassLoader::defineClass@12
  0x0000024b0af07f78: 84c6 62ff 

  0x0000024b0af07f7c: ;   {other}
  0x0000024b0af07f7c: 0f1f 8400 | 6c2b 0043 | ba12 0000 | 0066 6690 

  0x0000024b0af07f8c: ;   {runtime_call UncommonTrapBlob}
  0x0000024b0af07f8c: c5f8 77e8 

  0x0000024b0af07f90: ; ImmutableOopMap {[32]=Oop [40]=Oop [48]=NarrowOop [56]=Oop [96]=Oop [104]=Oop }
                      ;*new {reexecute=0 rethrow=0 return_oop=0}
                      ; - java.lang.NamedPackage::<init>@18
                      ; - java.lang.ClassLoader::getNamedPackage@22
                      ; - java.lang.ClassLoader::postDefineClass@9
                      ; - java.lang.ClassLoader::defineClass@37
                      ; - java.security.SecureClassLoader::defineClass@12
  0x0000024b0af07f90: 6cc6 62ff 

  0x0000024b0af07f94: ;   {other}
  0x0000024b0af07f94: 0f1f 8400 | 842b 0044 | 458b c2e9 | 21e2 ffff | 33ed 4585 | d240 0f94 | c5ba 45ff | ffff 4c8b 
  0x0000024b0af07fb4: 5424 684c | 8954 2420 | 4c89 5c24 | 5889 5c24 | 6066 6690 

  0x0000024b0af07fc8: ;   {runtime_call UncommonTrapBlob}
  0x0000024b0af07fc8: c5f8 77e8 

  0x0000024b0af07fcc: ; ImmutableOopMap {[32]=Oop [48]=Oop [88]=Oop [136]=Oop }
                      ;*ifeq {reexecute=1 rethrow=0 return_oop=0}
                      ; - (reexecute) java.lang.String::lastIndexOf@4
                      ; - java.lang.String::lastIndexOf@8
                      ; - java.lang.Class::getPackageName@47
                      ; - java.lang.ClassLoader::postDefineClass@2
                      ; - java.lang.ClassLoader::defineClass@37
                      ; - java.security.SecureClassLoader::defineClass@12
  0x0000024b0af07fcc: 30c6 62ff 

  0x0000024b0af07fd0: ;   {other}
  0x0000024b0af07fd0: 0f1f 8400 | c02b 0045 | 498b d7c5 | f877 49ba | 70ed c400 | fc7f 0000 

  0x0000024b0af07fe8: ;   {other}
  0x0000024b0af07fe8: 41ff d20f | 1f84 0000 | 0000 00e9 | 10e4 ffff | ba45 ffff | ff44 8944 | 2420 4489 | 4424 244c 
  0x0000024b0af08008: 8b54 2468 | 4c89 5424 | 284c 8b54 | 2460 4c89 | 5424 404c | 895c 2458 | 4489 4c24 | 6466 6690 
  0x0000024b0af08028: ;   {runtime_call UncommonTrapBlob}
  0x0000024b0af08028: c5f8 77e8 

  0x0000024b0af0802c: ; ImmutableOopMap {[40]=Oop [48]=Oop [64]=Oop [88]=Oop }
                      ;*if_icmpgt {reexecute=1 rethrow=0 return_oop=0}
                      ; - (reexecute) jdk.internal.util.Preconditions::checkFromToIndex@6
                      ; - java.lang.String::checkBoundsBeginEnd@6
                      ; - java.lang.String::substring@8
                      ; - java.lang.Class::getPackageName@62
                      ; - java.lang.ClassLoader::postDefineClass@2
                      ; - java.lang.ClassLoader::defineClass@37
                      ; - java.security.SecureClassLoader::defineClass@12
  0x0000024b0af0802c: d0c5 62ff 

  0x0000024b0af08030: ;   {other}
  0x0000024b0af08030: 0f1f 8400 | 202c 0046 | ba45 ffff | ff44 8944 | 2420 4489 | 4424 244c | 8b54 2468 | 4c89 5424 
  0x0000024b0af08050: 284c 8b54 | 2460 4c89 | 5424 404c | 895c 2458 | 4489 4c24 | 6444 894c | 2468 6690 

  0x0000024b0af0806c: ;   {runtime_call UncommonTrapBlob}
  0x0000024b0af0806c: c5f8 77e8 

  0x0000024b0af08070: ; ImmutableOopMap {[40]=Oop [48]=Oop [64]=Oop [88]=Oop }
                      ;*if_icmple {reexecute=1 rethrow=0 return_oop=0}
                      ; - (reexecute) jdk.internal.util.Preconditions::checkFromToIndex@11
                      ; - java.lang.String::checkBoundsBeginEnd@6
                      ; - java.lang.String::substring@8
                      ; - java.lang.Class::getPackageName@62
                      ; - java.lang.ClassLoader::postDefineClass@2
                      ; - java.lang.ClassLoader::defineClass@37
                      ; - java.security.SecureClassLoader::defineClass@12
  0x0000024b0af08070: 8cc5 62ff 

  0x0000024b0af08074: ;   {other}
  0x0000024b0af08074: 0f1f 8400 | 642c 0047 | 8b7c 2428 | 448b 5714 | 4585 d20f | 848a ecff | ff4d 8b5f | 2849 8bca 
  0x0000024b0af08094: 4d85 db0f | 8437 0700 | 004d 8b57 | 384b 894c | 1af8 4983 | c3f8 4d89 | 5f28 e964 | ecff ff4d 
  0x0000024b0af080b4: 8b57 484d | 8b5f 58f0 | 8344 24c0 | 0080 3900 | 7432 4488 | 214d 85d2 | 740f 4b89 | 4c13 f849 
  0x0000024b0af080d4: 83c2 f84d | 8957 48eb | 1b49 8bd7 | c5f8 7749 | ba50 edc4 | 00fc 7f00 | 0041 ffd2 

  0x0000024b0af080f0: ;   {other}
  0x0000024b0af080f0: 0f1f 8400 | 0000 0000 | 448b 5f14 | 4585 db0f | 8463 0700 | 0049 8bdb | e942 ecff | ff49 8bd7 
  0x0000024b0af08110: c5f8 7749 | ba70 edc4 | 00fc 7f00 | 0041 ffd2 

  0x0000024b0af08120: ;   {other}
  0x0000024b0af08120: 0f1f 8400 | 0000 0000 | e980 e2ff | ff49 8bd7 | c5f8 7749 | ba70 edc4 | 00fc 7f00 | 0041 ffd2 
  0x0000024b0af08140: ;   {other}
  0x0000024b0af08140: 0f1f 8400 | 0000 0000 | e9fa e4ff | ff49 8bd7 | c5f8 7749 | ba70 edc4 | 00fc 7f00 | 0041 ffd2 
  0x0000024b0af08160: ;   {other}
  0x0000024b0af08160: 0f1f 8400 | 0000 0000 | e91d e5ff | ff4d 63d0 | e930 dcff | ff49 83c2 | fe49 8bca | 498b fb48 
  0x0000024b0af08180: 33c0 4883 | f908 7f10 | 48ff c978 | 4f48 8904 | cf48 ffc9 | 7df7 eb44 | c5fd efc0 | e90d 0000 
  0x0000024b0af081a0: 00c5 fe7f | 07c5 fe7f | 4720 4883 | c740 4883 | e908 7ded | 4883 c104 | 7c0c c5fe | 7f07 4883 
  0x0000024b0af081c0: c720 4883 | e904 4883 | c104 7e10 | 48ff c9c5 | f9d6 0748 | 83c7 0848 | ffc9 7df3 | e988 dcff 
  0x0000024b0af081e0: ffba ccff | ffff 418b | eb44 8944 | 2424 448b | 5424 2c44 | 8954 2428 | 448b 5c24 | 4844 895c 
  0x0000024b0af08200: 242c 4889 | 5c24 5044 | 8974 2460 | 4889 7424 | 7066 6690 

  0x0000024b0af08214: ;   {runtime_call UncommonTrapBlob}
  0x0000024b0af08214: c5f8 77e8 

  0x0000024b0af08218: ; ImmutableOopMap {rbp=NarrowOop [48]=Oop [56]=Oop [64]=Oop [80]=Oop [96]=NarrowOop [112]=Oop [136]=Oop }
                      ;*newarray {reexecute=1 rethrow=0 return_oop=0}
                      ; - (reexecute) java.util.Arrays::copyOfRangeByte@10
                      ; - java.util.Arrays::copyOfRange@13
                      ; - java.lang.StringLatin1::newString@16
                      ; - java.lang.String::substring@41
                      ; - java.lang.ClassLoader::checkCerts@21
                      ; - java.lang.ClassLoader::preDefineClass@113
                      ; - java.lang.ClassLoader::defineClass@4
                      ; - java.security.SecureClassLoader::defineClass@12
  0x0000024b0af08218: e4c3 62ff 

  0x0000024b0af0821c: ;   {other}
  0x0000024b0af0821c: 0f1f 8400 | 0c2e 0048 | 8bdd 448b | 5514 4585 | d20f 8426 | efff ff4d | 8b5f 2849 | 8bca 4d85 
  0x0000024b0af0823c: db0f 84b1 | 0500 004d | 8b57 384b | 894c 1af8 | 4983 c3f8 | 4d89 5f28 | e900 efff | ff4d 8b57 
  0x0000024b0af0825c: 484d 8b5f | 58f0 8344 | 24c0 0041 | 8038 0074 | 3545 8820 | 4d85 d274 | 0f4f 8944 | 13f8 4983 
  0x0000024b0af0827c: c2f8 4d89 | 5748 eb1e | 498b c849 | 8bd7 c5f8 | 7749 ba50 | edc4 00fc | 7f00 0041 

  0x0000024b0af08298: ;   {other}
  0x0000024b0af08298: ffd2 0f1f | 8400 0000 | 0000 448b | 5b14 4585 | db0f 84d1 | 0500 004d | 8bd3 4c89 | 5424 38e9 
  0x0000024b0af082b8: d8ee ffff | 4d63 d8e9 | 8cdf ffff | 4983 c3fe | 498b cb49 | 8bf9 4833 | c048 83f9 | 087f 1048 
  0x0000024b0af082d8: ffc9 784f | 4889 04cf | 48ff c97d | f7eb 44c5 | fdef c0e9 | 0d00 0000 | c5fe 7f07 | c5fe 7f47 
  0x0000024b0af082f8: 2048 83c7 | 4048 83e9 | 087d ed48 | 83c1 047c | 0cc5 fe7f | 0748 83c7 | 2048 83e9 | 0448 83c1 
  0x0000024b0af08318: 047e 1048 | ffc9 c5f9 | d607 4883 | c708 48ff | c97d f3e9 | e2df ffff | bacc ffff | ff8b e944 
  0x0000024b0af08338: 8944 2424 | 4c8b 5424 | 684c 8954 | 2428 4c8b | 5424 604c | 8954 2440 | 4889 5c24 | 6066 6690 
  0x0000024b0af08358: ;   {runtime_call UncommonTrapBlob}
  0x0000024b0af08358: c5f8 77e8 

  0x0000024b0af0835c: ; ImmutableOopMap {rbp=NarrowOop [40]=Oop [48]=Oop [64]=Oop [96]=Oop }
                      ;*newarray {reexecute=1 rethrow=0 return_oop=0}
                      ; - (reexecute) java.util.Arrays::copyOfRangeByte@10
                      ; - java.util.Arrays::copyOfRange@13
                      ; - java.lang.StringLatin1::newString@16
                      ; - java.lang.String::substring@41
                      ; - java.lang.Class::getPackageName@62
                      ; - java.lang.ClassLoader::postDefineClass@2
                      ; - java.lang.ClassLoader::defineClass@37
                      ; - java.security.SecureClassLoader::defineClass@12
  0x0000024b0af0835c: a0c2 62ff 

  0x0000024b0af08360: ;   {other}
  0x0000024b0af08360: 0f1f 8400 | 502f 0049 | ba45 ffff | ff48 8b5c | 2460 4889 | 5c24 384c | 895c 2440 | 4489 4c24 
  0x0000024b0af08380: 5048 894c | 2458 4489 | 4424 5444 | 8954 2460 

  0x0000024b0af08390: ;   {runtime_call UncommonTrapBlob}
  0x0000024b0af08390: c5f8 77e8 

  0x0000024b0af08394: ; ImmutableOopMap {rbp=NarrowOop [56]=Oop [64]=Oop [80]=NarrowOop [84]=NarrowOop [88]=Oop [104]=Oop }
                      ;*ifnull {reexecute=1 rethrow=0 return_oop=0}
                      ; - (reexecute) java.util.concurrent.ConcurrentHashMap::get@67
                      ; - java.lang.ClassLoader::getNamedPackage@5
                      ; - java.lang.ClassLoader::postDefineClass@9
                      ; - java.lang.ClassLoader::defineClass@37
                      ; - java.security.SecureClassLoader::defineClass@12
  0x0000024b0af08394: 68c2 62ff 

  0x0000024b0af08398: ;   {other}
  0x0000024b0af08398: 0f1f 8400 | 882f 004a | ba45 ffff | ff89 4424 | 3c66 6690 

  0x0000024b0af083ac: ;   {runtime_call UncommonTrapBlob}
  0x0000024b0af083ac: c5f8 77e8 

  0x0000024b0af083b0: ; ImmutableOopMap {[32]=Oop [40]=Oop [48]=NarrowOop [56]=NarrowOop [96]=Oop [104]=Oop }
                      ;*ifeq {reexecute=1 rethrow=0 return_oop=0}
                      ; - (reexecute) java.util.concurrent.ConcurrentHashMap::get@76
                      ; - java.lang.ClassLoader::getNamedPackage@5
                      ; - java.lang.ClassLoader::postDefineClass@9
                      ; - java.lang.ClassLoader::defineClass@37
                      ; - java.security.SecureClassLoader::defineClass@12
  0x0000024b0af083b0: 4cc2 62ff 

  0x0000024b0af083b4: ;   {other}
  0x0000024b0af083b4: 0f1f 8400 | a42f 004b | 4c89 4424 | 6844 894c | 2428 4889 | 7c24 6048 | 895c 2458 | 4c8b 4424 
  0x0000024b0af083d4: 304c 8944 | 2420 4833 | d24a 8d14 | da45 8bc2 

  0x0000024b0af083e4: ;   {runtime_call _new_array_Java}
  0x0000024b0af083e4: c5f8 77e8 

  0x0000024b0af083e8: ; ImmutableOopMap {rbp=Oop [32]=Oop [40]=NarrowOop [56]=Oop [64]=Oop [88]=Oop [96]=Oop [136]=Oop }
                      ;*invokevirtual clone {reexecute=1 rethrow=0 return_oop=1}
                      ; - (reexecute) java.security.CodeSource::getCertificates@11
                      ; - java.lang.ClassLoader::checkCerts@34
                      ; - java.lang.ClassLoader::preDefineClass@113
                      ; - java.lang.ClassLoader::defineClass@4
                      ; - java.security.SecureClassLoader::defineClass@12
  0x0000024b0af083e8: 14d9 6eff 

  0x0000024b0af083ec: ;   {other}
  0x0000024b0af083ec: 0f1f 8400 | dc2f 004c | 4c8b 5c24 | 204c 895c | 2430 488b | 5c24 5848 | 8b7c 2460 | 448b 4c24 
  0x0000024b0af0840c: 284c 8b44 | 2468 488b | f0e9 46e6 | ffff 4c89 | 4c24 3844 | 8bca 895c | 2430 4c89 | 5c24 2048 
  0x0000024b0af0842c: 33d2 4a8d | 14d2 458b | c166 6690 

  0x0000024b0af08438: ;   {runtime_call _new_array_Java}
  0x0000024b0af08438: c5f8 77e8 

  0x0000024b0af0843c: ; ImmutableOopMap {rbp=Oop [32]=Oop [48]=NarrowOop [104]=Oop }
                      ;*invokevirtual clone {reexecute=1 rethrow=0 return_oop=1}
                      ; - (reexecute) java.security.CodeSource::getCertificates@11
                      ; - java.lang.ClassLoader::postDefineClass@24
                      ; - java.lang.ClassLoader::defineClass@37
                      ; - java.security.SecureClassLoader::defineClass@12
  0x0000024b0af0843c: c0d8 6eff 

  0x0000024b0af08440: ;   {other}
  0x0000024b0af08440: 0f1f 8400 | 3030 004d | 8b5c 2430 | 4c8b 4c24 | 38e9 41eb | ffff ba45 | ffff ff4c | 8b44 2460 
  0x0000024b0af08460: 4c89 4424 | 384c 895c | 2440 4489 | 4c24 5048 | 894c 2458 | 4889 7424 | 6044 8954 | 2454 6690 
  0x0000024b0af08480: ;   {runtime_call UncommonTrapBlob}
  0x0000024b0af08480: c5f8 77e8 

  0x0000024b0af08484: ; ImmutableOopMap {rbp=NarrowOop [56]=Oop [64]=Oop [80]=NarrowOop [88]=Oop [96]=Oop [104]=Oop }
                      ;*ifnull {reexecute=1 rethrow=0 return_oop=0}
                      ; - (reexecute) java.util.concurrent.ConcurrentHashMap::get@143
                      ; - java.lang.ClassLoader::getNamedPackage@5
                      ; - java.lang.ClassLoader::postDefineClass@9
                      ; - java.lang.ClassLoader::defineClass@37
                      ; - java.security.SecureClassLoader::defineClass@12
  0x0000024b0af08484: 78c1 62ff 

  0x0000024b0af08488: ;   {other}
  0x0000024b0af08488: 0f1f 8400 | 7830 004e | 4889 4c24 | 6844 895c | 244c 4889 | 7c24 6044 | 8974 2428 | 4889 5c24 
  0x0000024b0af084a8: 584c 8b54 | 2438 4c89 | 5424 2048 | 8b6c 2430 

  0x0000024b0af084b8: ;   {metadata('java/util/ArrayList')}
  0x0000024b0af084b8: 48ba 2872 | 0500 0100 | 0000 6690 

  0x0000024b0af084c4: ;   {runtime_call _new_instance_Java}
  0x0000024b0af084c4: c5f8 77e8 

  0x0000024b0af084c8: ; ImmutableOopMap {rbp=Oop [32]=Oop [40]=NarrowOop [64]=Oop [76]=NarrowOop [88]=Oop [96]=Oop [104]=Oop [136]=Oop }
                      ;*new {reexecute=0 rethrow=0 return_oop=1}
                      ; - java.security.CodeSource::getCertificates@25
                      ; - java.lang.ClassLoader::checkCerts@34
                      ; - java.lang.ClassLoader::preDefineClass@113
                      ; - java.lang.ClassLoader::defineClass@4
                      ; - java.security.SecureClassLoader::defineClass@12
  0x0000024b0af084c8: 34d5 6eff 

  0x0000024b0af084cc: ;   {other}
  0x0000024b0af084cc: 0f1f 8400 | bc30 004f | 4889 6c24 | 304c 8b54 | 2420 4c89 | 5424 3848 | 8b5c 2458 | 448b 7424 
  0x0000024b0af084ec: 2848 8b7c | 2460 448b | 5c24 4c48 | 8b4c 2468 | e9e6 e5ff | ff4c 898c | 2480 0000 | 0048 894c 
  0x0000024b0af0850c: 2478 4889 | 7c24 704c | 895c 2468 | 4c89 5424 | 6044 8974 | 2428 4889 | 5c24 584c | 8b94 2488 
  0x0000024b0af0852c: 0000 004c | 8954 2450 | 4c8b 5424 | 384c 8954 | 2420 488b 

  0x0000024b0af08540: ;   {metadata('java/security/cert/Certificate'[])}
  0x0000024b0af08540: 6c24 3048 | ba10 9a02 | 0001 0000 | 0045 33c0 

  0x0000024b0af08550: ;   {runtime_call _new_array_Java}
  0x0000024b0af08550: c5f8 77e8 

  0x0000024b0af08554: ; ImmutableOopMap {rbp=Oop [32]=Oop [40]=NarrowOop [64]=Oop [80]=Oop [88]=Oop [96]=Oop [112]=Oop [120]=Oop [128]=Oop }
                      ;*anewarray {reexecute=0 rethrow=0 return_oop=1}
                      ; - java.security.CodeSource::getCertificates@70
                      ; - java.lang.ClassLoader::checkCerts@34
                      ; - java.lang.ClassLoader::preDefineClass@113
                      ; - java.lang.ClassLoader::defineClass@4
                      ; - java.security.SecureClassLoader::defineClass@12
  0x0000024b0af08554: a8d7 6eff 

  0x0000024b0af08558: ;   {other}
  0x0000024b0af08558: 0f1f 8400 | 4831 0050 | e972 e7ff | ff4c 895c | 2438 4889 | 5c24 3048 | 33d2 4a8d | 14d2 6690 
  0x0000024b0af08578: ;   {runtime_call _new_array_Java}
  0x0000024b0af08578: c5f8 77e8 

  0x0000024b0af0857c: ; ImmutableOopMap {rbp=Oop [32]=Oop [48]=Oop [64]=Oop [80]=Oop [88]=Oop [96]=Oop [112]=Oop }
                      ;*invokevirtual clone {reexecute=1 rethrow=0 return_oop=1}
                      ; - (reexecute) java.security.CodeSource::getCertificates@86
                      ; - java.lang.ClassLoader::checkCerts@34
                      ; - java.lang.ClassLoader::preDefineClass@113
                      ; - java.lang.ClassLoader::defineClass@4
                      ; - java.security.SecureClassLoader::defineClass@12
  0x0000024b0af0857c: 80d7 6eff 

  0x0000024b0af08580: ;   {other}
  0x0000024b0af08580: 0f1f 8400 | 7031 0051 | 488b 5c24 | 304c 8b5c | 2438 488b | f0e9 1ee8 | ffff 4889 | 5c24 3044 
  0x0000024b0af085a0: 8954 242c | 4489 4c24 | 2849 8beb 

  0x0000024b0af085ac: ;   {metadata('java/util/ArrayList')}
  0x0000024b0af085ac: 48ba 2872 | 0500 0100 | 0000 6690 

  0x0000024b0af085b8: ;   {runtime_call _new_instance_Java}
  0x0000024b0af085b8: c5f8 77e8 

  0x0000024b0af085bc: ; ImmutableOopMap {rbp=Oop [40]=NarrowOop [44]=NarrowOop [48]=Oop [104]=Oop }
                      ;*new {reexecute=0 rethrow=0 return_oop=1}
                      ; - java.security.CodeSource::getCertificates@25
                      ; - java.lang.ClassLoader::postDefineClass@24
                      ; - java.lang.ClassLoader::defineClass@37
                      ; - java.security.SecureClassLoader::defineClass@12
  0x0000024b0af085bc: 40d4 6eff 

  0x0000024b0af085c0: ;   {other}
  0x0000024b0af085c0: 0f1f 8400 | b031 0052 | 4c8b dd44 | 8b4c 2428 | 448b 5424 | 2c48 8b5c | 2430 e931 | eaff ff48 
  0x0000024b0af085e0: 894c 2438 | 4889 5c24 | 3041 8be9 | 4c8b 5424 | 684c 8954 | 2428 4c89 

  0x0000024b0af085f8: ;   {metadata('java/security/cert/Certificate'[])}
  0x0000024b0af085f8: 5c24 2048 | ba10 9a02 | 0001 0000 | 0045 33c0 

  0x0000024b0af08608: ;   {runtime_call _new_array_Java}
  0x0000024b0af08608: c5f8 77e8 

  0x0000024b0af0860c: ; ImmutableOopMap {rbp=NarrowOop [32]=Oop [40]=Oop [48]=Oop [56]=Oop [104]=Oop }
                      ;*anewarray {reexecute=0 rethrow=0 return_oop=1}
                      ; - java.security.CodeSource::getCertificates@70
                      ; - java.lang.ClassLoader::postDefineClass@24
                      ; - java.lang.ClassLoader::defineClass@37
                      ; - java.security.SecureClassLoader::defineClass@12
  0x0000024b0af0860c: f0d6 6eff 

  0x0000024b0af08610: ;   {other}
  0x0000024b0af08610: 0f1f 8400 | 0032 0053 | e900 ebff | ff48 33d2 | 4a8d 14d2 | 458b c390 

  0x0000024b0af08628: ;   {runtime_call _new_array_Java}
  0x0000024b0af08628: c5f8 77e8 

  0x0000024b0af0862c: ; ImmutableOopMap {[32]=Oop [40]=Oop [56]=Oop }
                      ;*invokevirtual clone {reexecute=1 rethrow=0 return_oop=1}
                      ; - (reexecute) java.security.CodeSource::getCertificates@86
                      ; - java.lang.ClassLoader::postDefineClass@24
                      ; - java.lang.ClassLoader::defineClass@37
                      ; - java.security.SecureClassLoader::defineClass@12
  0x0000024b0af0862c: d0d6 6eff 

  0x0000024b0af08630: ;   {other}
  0x0000024b0af08630: 0f1f 8400 | 2032 0054 | e9c8 ebff | ff4c 8b5c | 2420 488b | 4c24 3044 | 8b4c 2438 | e929 dfff 
  0x0000024b0af08650: ffba 76ff | ffff 488b | 6c24 304c | 8b5c 2440 | 4c89 5c24 | 3044 8b44 | 242c 4489 | 4424 2844 
  0x0000024b0af08670: 8b5c 2448 | 4489 5c24 | 2c48 897c | 2458 4489 | 5424 6089 | 5c24 6489 | 7424 6848 | 894c 2470 
  0x0000024b0af08690: 4489 4c24 | 7866 6690 

  0x0000024b0af08698: ;   {runtime_call UncommonTrapBlob}
  0x0000024b0af08698: c5f8 77e8 

  0x0000024b0af0869c: ; ImmutableOopMap {rbp=Oop [48]=Oop [56]=Oop [88]=Oop [104]=NarrowOop [112]=Oop [136]=Oop }
                      ;*if_icmpge {reexecute=1 rethrow=0 return_oop=0}
                      ; - (reexecute) java.lang.ClassLoader::compareCerts@67
                      ; - java.lang.ClassLoader::checkCerts@80
                      ; - java.lang.ClassLoader::preDefineClass@113
                      ; - java.lang.ClassLoader::defineClass@4
                      ; - java.security.SecureClassLoader::defineClass@12
  0x0000024b0af0869c: 60bf 62ff 

  0x0000024b0af086a0: ;   {other}
  0x0000024b0af086a0: 0f1f 8400 | 9032 0055 | ba76 ffff | ff48 8b6c | 2430 4c8b | 4424 404c | 8944 2430 | 448b 4424 
  0x0000024b0af086c0: 2c44 8944 | 2428 8b4c | 2448 894c | 242c 4c8b | 4424 704c | 8954 2450 | 4489 5c24 | 5c44 894c 
  0x0000024b0af086e0: 2460 4c89 | 4424 6844 | 8b9c 249c | 0000 0045 | 8bd3 4489 | 5424 7090 

  0x0000024b0af086f8: ;   {runtime_call UncommonTrapBlob}
  0x0000024b0af086f8: c5f8 77e8 

  0x0000024b0af086fc: ; ImmutableOopMap {rbp=Oop [48]=Oop [56]=Oop [80]=Oop [96]=NarrowOop [104]=Oop [136]=Oop }
                      ;*if_icmpge {reexecute=1 rethrow=0 return_oop=0}
                      ; - (reexecute) java.lang.ClassLoader::compareCerts@152
                      ; - java.lang.ClassLoader::checkCerts@80
                      ; - java.lang.ClassLoader::preDefineClass@113
                      ; - java.lang.ClassLoader::defineClass@4
                      ; - java.security.SecureClassLoader::defineClass@12
  0x0000024b0af086fc: 00bf 62ff 

  0x0000024b0af08700: ;   {other}
  0x0000024b0af08700: 0f1f 8400 | f032 0056 | bae4 ffff | ff48 8b6c | 2430 4c8b | 5424 404c | 8954 2430 | 448b 5424 
  0x0000024b0af08720: 2c44 8954 | 2428 8b4c | 2448 894c | 242c 4889 | 5c24 4848 | 897c 2450 | 4489 7424 | 584c 894c 
  0x0000024b0af08740: 2468 4489 | 5c24 7044 | 8944 2474 

  0x0000024b0af0874c: ;   {runtime_call UncommonTrapBlob}
  0x0000024b0af0874c: c5f8 77e8 

  0x0000024b0af08750: ; ImmutableOopMap {rbp=Oop [48]=Oop [56]=Oop [72]=Oop [80]=Oop [88]=NarrowOop [104]=Oop [112]=NarrowOop [136]=Oop }
                      ;*aaload {reexecute=0 rethrow=0 return_oop=0}
                      ; - java.security.CodeSource::getCertificates@50
                      ; - java.lang.ClassLoader::checkCerts@34
                      ; - java.lang.ClassLoader::preDefineClass@113
                      ; - java.lang.ClassLoader::defineClass@4
                      ; - java.security.SecureClassLoader::defineClass@12
  0x0000024b0af08750: acbe 62ff 

  0x0000024b0af08754: ;   {other}
  0x0000024b0af08754: 0f1f 8400 | 4433 0057 | bae4 ffff | ff4c 895c | 2420 4489 | 4c24 3048 | 894c 2440 | 4489 5424 
  0x0000024b0af08774: 4844 8944 | 244c 6690 

  0x0000024b0af0877c: ;   {runtime_call UncommonTrapBlob}
  0x0000024b0af0877c: c5f8 77e8 

  0x0000024b0af08780: ; ImmutableOopMap {[32]=Oop [48]=NarrowOop [64]=Oop [72]=NarrowOop [104]=Oop }
                      ;*aaload {reexecute=0 rethrow=0 return_oop=0}
                      ; - java.security.CodeSource::getCertificates@50
                      ; - java.lang.ClassLoader::postDefineClass@24
                      ; - java.lang.ClassLoader::defineClass@37
                      ; - java.security.SecureClassLoader::defineClass@12
  0x0000024b0af08780: 7cbe 62ff 

  0x0000024b0af08784: ;   {other}
  0x0000024b0af08784: 0f1f 8400 | 7433 0058 | ba76 ffff | ff48 8b6c | 2430 4c8b | 5c24 404c | 895c 2430 | 448b 5c24 
  0x0000024b0af087a4: 2c44 895c | 2428 448b | 5c24 4844 | 895c 242c | 4889 4c24 | 4848 897c | 2458 4489 | 5424 6490 
  0x0000024b0af087c4: ;   {runtime_call UncommonTrapBlob}
  0x0000024b0af087c4: c5f8 77e8 

  0x0000024b0af087c8: ; ImmutableOopMap {rbp=Oop [48]=Oop [56]=Oop [72]=Oop [88]=Oop [136]=Oop }
                      ;*if_icmpge {reexecute=1 rethrow=0 return_oop=0}
                      ; - (reexecute) java.lang.ClassLoader::compareCerts@40
                      ; - java.lang.ClassLoader::checkCerts@80
                      ; - java.lang.ClassLoader::preDefineClass@113
                      ; - java.lang.ClassLoader::defineClass@4
                      ; - java.security.SecureClassLoader::defineClass@12
  0x0000024b0af087c8: 34be 62ff 

  0x0000024b0af087cc: ;   {other}
  0x0000024b0af087cc: 0f1f 8400 | bc33 0059 | 498b d7c5 | f877 49ba | 70ed c400 | fc7f 0000 

  0x0000024b0af087e4: ;   {other}
  0x0000024b0af087e4: 41ff d20f | 1f84 0000 | 0000 00e9 | 23e5 ffff | 498b d7c5 | f877 49ba | 70ed c400 | fc7f 0000 
  0x0000024b0af08804: ;   {other}
  0x0000024b0af08804: 41ff d20f | 1f84 0000 | 0000 00e9 | 45e9 ffff | ba37 0100 | 0048 8be9 | 448b 5424 | 2c44 8954 
  0x0000024b0af08824: 2428 6690 

  0x0000024b0af08828: ;   {runtime_call UncommonTrapBlob}
  0x0000024b0af08828: c5f8 77e8 

  0x0000024b0af0882c: ; ImmutableOopMap {rbp=Oop [56]=Oop [64]=Oop }
                      ;*new {reexecute=0 rethrow=0 return_oop=0}
                      ; - java.lang.ClassLoader::preDefineClass@56
                      ; - java.lang.ClassLoader::defineClass@4
                      ; - java.security.SecureClassLoader::defineClass@12
  0x0000024b0af0882c: d0bd 62ff 

  0x0000024b0af08830: ;   {other}
  0x0000024b0af08830: 0f1f 8400 | 2034 005a | bac6 ffff | ff4c 895c | 2438 4489 | 4c24 4844 | 8944 244c | 4489 5424 
  0x0000024b0af08850: 5048 894c | 2458 6690 

  0x0000024b0af08858: ;   {runtime_call UncommonTrapBlob}
  0x0000024b0af08858: c5f8 77e8 

  0x0000024b0af0885c: ; ImmutableOopMap {[56]=Oop [72]=NarrowOop [76]=NarrowOop [88]=Oop [96]=Oop [104]=Oop }
                      ;*invokevirtual find {reexecute=0 rethrow=0 return_oop=0}
                      ; - java.util.concurrent.ConcurrentHashMap::get@93
                      ; - java.lang.ClassLoader::getNamedPackage@5
                      ; - java.lang.ClassLoader::postDefineClass@9
                      ; - java.lang.ClassLoader::defineClass@37
                      ; - java.security.SecureClassLoader::defineClass@12
  0x0000024b0af0885c: a0bd 62ff 

  0x0000024b0af08860: ;   {other}
  0x0000024b0af08860: 0f1f 8400 | 5034 005b | baf6 ffff | ff66 6690 

  0x0000024b0af08870: ;   {runtime_call UncommonTrapBlob}
  0x0000024b0af08870: c5f8 77e8 

  0x0000024b0af08874: ; ImmutableOopMap {}
                      ;*invokevirtual clone {reexecute=1 rethrow=0 return_oop=0}
                      ; - (reexecute) java.security.CodeSource::getCertificates@86
                      ; - java.lang.ClassLoader::checkCerts@34
                      ; - java.lang.ClassLoader::preDefineClass@113
                      ; - java.lang.ClassLoader::defineClass@4
                      ; - java.security.SecureClassLoader::defineClass@12
  0x0000024b0af08874: 88bd 62ff 

  0x0000024b0af08878: ;   {other}
  0x0000024b0af08878: 0f1f 8400 | 6834 005c | baf6 ffff | ff66 6690 

  0x0000024b0af08888: ;   {runtime_call UncommonTrapBlob}
  0x0000024b0af08888: c5f8 77e8 

  0x0000024b0af0888c: ; ImmutableOopMap {}
                      ;*invokevirtual clone {reexecute=1 rethrow=0 return_oop=0}
                      ; - (reexecute) java.security.CodeSource::getCertificates@86
                      ; - java.lang.ClassLoader::postDefineClass@24
                      ; - java.lang.ClassLoader::defineClass@37
                      ; - java.security.SecureClassLoader::defineClass@12
  0x0000024b0af0888c: 70bd 62ff 

  0x0000024b0af08890: ;   {other}
  0x0000024b0af08890: 0f1f 8400 | 8034 005d | bade ffff | ff48 8b6c | 2430 4c8b | 5424 384c | 8954 2420 | 448b 5424 
  0x0000024b0af088b0: 2c44 8954 | 2428 4889 | 4424 3890 

  0x0000024b0af088bc: ;   {runtime_call UncommonTrapBlob}
  0x0000024b0af088bc: c5f8 77e8 

  0x0000024b0af088c0: ; ImmutableOopMap {rbp=Oop [32]=Oop [56]=Oop [64]=Oop }
                      ;*checkcast {reexecute=0 rethrow=0 return_oop=0}
                      ; - java.security.SecureClassLoader::getProtectionDomain@33
                      ; - java.security.SecureClassLoader::defineClass@9
  0x0000024b0af088c0: 3cbd 62ff 

  0x0000024b0af088c4: ;   {other}
  0x0000024b0af088c4: 0f1f 8400 | b434 005e | bade ffff | ff48 8b6c | 2430 448b | 5424 2c44 | 8954 2428 | 448b 5c24 
  0x0000024b0af088e4: 4844 895c | 242c 4889 | 4424 5890 

  0x0000024b0af088f0: ;   {runtime_call UncommonTrapBlob}
  0x0000024b0af088f0: c5f8 77e8 

  0x0000024b0af088f4: ; ImmutableOopMap {rbp=Oop [32]=Oop [56]=Oop [64]=Oop [88]=Oop [96]=Oop [136]=Oop }
                      ;*checkcast {reexecute=0 rethrow=0 return_oop=0}
                      ; - java.lang.ClassLoader::checkCerts@65
                      ; - java.lang.ClassLoader::preDefineClass@113
                      ; - java.lang.ClassLoader::defineClass@4
                      ; - java.security.SecureClassLoader::defineClass@12
  0x0000024b0af088f4: 08bd 62ff 

  0x0000024b0af088f8: ;   {other}
  0x0000024b0af088f8: 0f1f 8400 | e834 005f | bade ffff | ff48 8944 | 2440 6690 

  0x0000024b0af0890c: ;   {runtime_call UncommonTrapBlob}
  0x0000024b0af0890c: c5f8 77e8 

  0x0000024b0af08910: ; ImmutableOopMap {rbp=NarrowOop [32]=Oop [40]=Oop [64]=Oop }
                      ;*checkcast {reexecute=0 rethrow=0 return_oop=0}
                      ; - java.security.CodeSource::getCertificates@76
                      ; - java.lang.ClassLoader::postDefineClass@24
                      ; - java.lang.ClassLoader::defineClass@37
                      ; - java.security.SecureClassLoader::defineClass@12
  0x0000024b0af08910: ecbc 62ff 

  0x0000024b0af08914: ;   {other}
  0x0000024b0af08914: 0f1f 8400 | 0435 0060 | bade ffff | ff4c 8b54 | 2440 4c89 | 5424 3044 | 8b54 2448 | 4489 5424 
  0x0000024b0af08934: 384c 8b54 | 2450 4c89 | 5424 404c | 8b54 2458 | 4c89 5424 | 4848 8944 | 2460 6690 

  0x0000024b0af08950: ;   {runtime_call UncommonTrapBlob}
  0x0000024b0af08950: c5f8 77e8 

  0x0000024b0af08954: ; ImmutableOopMap {rbp=Oop [32]=Oop [40]=NarrowOop [48]=Oop [64]=Oop [72]=Oop [96]=Oop [112]=Oop }
                      ;*checkcast {reexecute=0 rethrow=0 return_oop=0}
                      ; - java.security.CodeSource::getCertificates@76
                      ; - java.lang.ClassLoader::checkCerts@34
                      ; - java.lang.ClassLoader::preDefineClass@113
                      ; - java.lang.ClassLoader::defineClass@4
                      ; - java.security.SecureClassLoader::defineClass@12
  0x0000024b0af08954: a8bc 62ff 

  0x0000024b0af08958: ;   {other}
  0x0000024b0af08958: 0f1f 8400 | 4835 0061 | baf6 ffff | ff49 8be8 | 4c89 4c24 | 2066 6690 

  0x0000024b0af08970: ;   {runtime_call UncommonTrapBlob}
  0x0000024b0af08970: c5f8 77e8 

  0x0000024b0af08974: ; ImmutableOopMap {rbp=Oop [32]=Oop }
                      ;*invokeinterface computeIfAbsent {reexecute=0 rethrow=0 return_oop=0}
                      ; - java.security.SecureClassLoader::getProtectionDomain@28
                      ; - java.security.SecureClassLoader::defineClass@9
  0x0000024b0af08974: 88bc 62ff 

  0x0000024b0af08978: ;   {other}
  0x0000024b0af08978: 0f1f 8400 | 6835 0062 | baf4 ffff | ff48 8b6c | 2430 448b | 5c24 2c44 | 895c 2428 

  0x0000024b0af08994: ;   {runtime_call UncommonTrapBlob}
  0x0000024b0af08994: c5f8 77e8 

  0x0000024b0af08998: ; ImmutableOopMap {rbp=Oop [56]=Oop [64]=Oop }
                      ;*checkcast {reexecute=0 rethrow=0 return_oop=0}
                      ; - java.security.SecureClassLoader::getProtectionDomain@33
                      ; - java.security.SecureClassLoader::defineClass@9
  0x0000024b0af08998: 64bc 62ff 

  0x0000024b0af0899c: ;   {other}
  0x0000024b0af0899c: 0f1f 8400 | 8c35 0063 | baf6 ffff | ff66 6690 

  0x0000024b0af089ac: ;   {runtime_call UncommonTrapBlob}
  0x0000024b0af089ac: c5f8 77e8 

  0x0000024b0af089b0: ; ImmutableOopMap {}
                      ;*arraylength {reexecute=0 rethrow=0 return_oop=0}
                      ; - java.lang.String::isEmpty@4
                      ; - java.lang.ClassLoader::checkName@5
                      ; - java.lang.ClassLoader::preDefineClass@1
                      ; - java.lang.ClassLoader::defineClass@4
                      ; - java.security.SecureClassLoader::defineClass@12
  0x0000024b0af089b0: 4cbc 62ff 

  0x0000024b0af089b4: ;   {other}
  0x0000024b0af089b4: 0f1f 8400 | a435 0064 | baf6 ffff | ff66 6690 

  0x0000024b0af089c4: ;   {runtime_call UncommonTrapBlob}
  0x0000024b0af089c4: c5f8 77e8 

  0x0000024b0af089c8: ; ImmutableOopMap {}
                      ;*arraylength {reexecute=0 rethrow=0 return_oop=0}
                      ; - java.lang.StringLatin1::charAt@2
                      ; - java.lang.String::charAt@12
                      ; - java.lang.ClassLoader::checkName@25
                      ; - java.lang.ClassLoader::preDefineClass@1
                      ; - java.lang.ClassLoader::defineClass@4
                      ; - java.security.SecureClassLoader::defineClass@12
  0x0000024b0af089c8: 34bc 62ff 

  0x0000024b0af089cc: ;   {other}
  0x0000024b0af089cc: 0f1f 8400 | bc35 0065 | baf6 ffff | ff66 6690 

  0x0000024b0af089dc: ;   {runtime_call UncommonTrapBlob}
  0x0000024b0af089dc: c5f8 77e8 

  0x0000024b0af089e0: ; ImmutableOopMap {}
                      ;*arraylength {reexecute=0 rethrow=0 return_oop=0}
                      ; - java.lang.String::length@4
                      ; - java.lang.String::startsWith@6
                      ; - java.lang.String::startsWith@3
                      ; - java.lang.ClassLoader::preDefineClass@43
                      ; - java.lang.ClassLoader::defineClass@4
                      ; - java.security.SecureClassLoader::defineClass@12
  0x0000024b0af089e0: 1cbc 62ff 

  0x0000024b0af089e4: ;   {other}
  0x0000024b0af089e4: 0f1f 8400 | d435 0066 | baf6 ffff | ff66 6690 

  0x0000024b0af089f4: ;   {runtime_call UncommonTrapBlob}
  0x0000024b0af089f4: c5f8 77e8 

  0x0000024b0af089f8: ; ImmutableOopMap {}
                      ;*invokevirtual getPackageName {reexecute=0 rethrow=0 return_oop=0}
                      ; - java.lang.ClassLoader::postDefineClass@2
                      ; - java.lang.ClassLoader::defineClass@37
                      ; - java.security.SecureClassLoader::defineClass@12
  0x0000024b0af089f8: 04bc 62ff 

  0x0000024b0af089fc: ;   {other}
  0x0000024b0af089fc: 0f1f 8400 | ec35 0067 | baf6 ffff | ff66 6690 

  0x0000024b0af08a0c: ;   {runtime_call UncommonTrapBlob}
  0x0000024b0af08a0c: c5f8 77e8 

  0x0000024b0af08a10: ; ImmutableOopMap {}
                      ;*invokevirtual hashCode {reexecute=0 rethrow=0 return_oop=0}
                      ; - java.util.concurrent.ConcurrentHashMap::get@1
                      ; - java.lang.ClassLoader::getNamedPackage@5
                      ; - java.lang.ClassLoader::postDefineClass@9
                      ; - java.lang.ClassLoader::defineClass@37
                      ; - java.security.SecureClassLoader::defineClass@12
  0x0000024b0af08a10: ecbb 62ff 

  0x0000024b0af08a14: ;   {other}
  0x0000024b0af08a14: 0f1f 8400 | 0436 0068 | 33ed 4d85 | d240 0f94 | c5ba 45ff | ffff 4889 | 4424 3848 | 8944 2448 
  0x0000024b0af08a34: ;   {runtime_call UncommonTrapBlob}
  0x0000024b0af08a34: c5f8 77e8 

  0x0000024b0af08a38: ; ImmutableOopMap {[48]=Oop [56]=Oop [72]=Oop [136]=Oop }
                      ;*ifeq {reexecute=1 rethrow=0 return_oop=0}
                      ; - (reexecute) java.lang.Class::getPackageName@29
                      ; - java.lang.ClassLoader::postDefineClass@2
                      ; - java.lang.ClassLoader::defineClass@37
                      ; - java.security.SecureClassLoader::defineClass@12
  0x0000024b0af08a38: c4bb 62ff 

  0x0000024b0af08a3c: ;   {other}
  0x0000024b0af08a3c: 0f1f 8400 | 2c36 0069 | baf6 ffff | ff66 6690 

  0x0000024b0af08a4c: ;   {runtime_call UncommonTrapBlob}
  0x0000024b0af08a4c: c5f8 77e8 

  0x0000024b0af08a50: ; ImmutableOopMap {}
                      ;*arraylength {reexecute=0 rethrow=0 return_oop=0}
                      ; - java.lang.String::length@4
                      ; - java.lang.String::lastIndexOf@3
                      ; - java.lang.Class::getPackageName@47
                      ; - java.lang.ClassLoader::postDefineClass@2
                      ; - java.lang.ClassLoader::defineClass@37
                      ; - java.security.SecureClassLoader::defineClass@12
  0x0000024b0af08a50: acbb 62ff 

  0x0000024b0af08a54: ;   {other}
  0x0000024b0af08a54: 0f1f 8400 | 4436 006a | ba45 ffff | ff48 8b6c | 2430 4c89 | 5424 2044 | 8b54 242c | 4489 5424 
  0x0000024b0af08a74: 2844 8b5c | 2448 4489 | 5c24 2c90 

  0x0000024b0af08a80: ;   {runtime_call UncommonTrapBlob}
  0x0000024b0af08a80: c5f8 77e8 

  0x0000024b0af08a84: ; ImmutableOopMap {rbp=Oop [32]=Oop [64]=Oop [136]=Oop }
                      ;*ifnull {reexecute=1 rethrow=0 return_oop=0}
                      ; - (reexecute) java.lang.ClassLoader::checkName@1
                      ; - java.lang.ClassLoader::preDefineClass@1
                      ; - java.lang.ClassLoader::defineClass@4
                      ; - java.security.SecureClassLoader::defineClass@12
  0x0000024b0af08a84: 78bb 62ff 

  0x0000024b0af08a88: ;   {other}
  0x0000024b0af08a88: 0f1f 8400 | 7836 006b | ba45 ffff | ff48 8b6c | 2430 4c8b | 5424 404c | 8954 2430 | 448b 5c24 
  0x0000024b0af08aa8: 2c44 895c | 2428 448b | 5424 4844 | 8954 242c | 4889 5c24 | 4848 897c | 2458 4489 | 7424 5490 
  0x0000024b0af08ac8: ;   {runtime_call UncommonTrapBlob}
  0x0000024b0af08ac8: c5f8 77e8 

  0x0000024b0af08acc: ; ImmutableOopMap {rbp=Oop [48]=Oop [56]=Oop [72]=Oop [84]=NarrowOop [88]=Oop [136]=Oop }
                      ;*ifnull {reexecute=1 rethrow=0 return_oop=0}
                      ; - (reexecute) java.lang.ClassLoader::checkCerts@30
                      ; - java.lang.ClassLoader::preDefineClass@113
                      ; - java.lang.ClassLoader::defineClass@4
                      ; - java.security.SecureClassLoader::defineClass@12
  0x0000024b0af08acc: 30bb 62ff 

  0x0000024b0af08ad0: ;   {other}
  0x0000024b0af08ad0: 0f1f 8400 | c036 006c | ba45 ffff | ff48 8b6c | 2430 4c8b | 5c24 384c | 895c 2420 | 4c8b 5c24 
  0x0000024b0af08af0: 404c 895c | 2430 448b | 4424 2c44 | 8944 2428 | 4489 5424 | 4466 6690 

  0x0000024b0af08b08: ;   {runtime_call UncommonTrapBlob}
  0x0000024b0af08b08: c5f8 77e8 

  0x0000024b0af08b0c: ; ImmutableOopMap {rbp=Oop [32]=Oop [48]=Oop [68]=NarrowOop [136]=Oop }
                      ;*ifnull {reexecute=1 rethrow=0 return_oop=0}
                      ; - (reexecute) java.lang.ClassLoader::defineClassSourceLocation@8
                      ; - java.lang.ClassLoader::defineClass@12
                      ; - java.security.SecureClassLoader::defineClass@12
  0x0000024b0af08b0c: f0ba 62ff 

  0x0000024b0af08b10: ;   {other}
  0x0000024b0af08b10: 0f1f 8400 | 0037 006d | ba45 ffff | ff4c 8b54 | 2430 4c89 | 5424 204c | 8b54 2438 | 4c89 5424 
  0x0000024b0af08b30: 304c 8b54 | 2440 4c89 | 5424 3844 | 8b54 242c | 4489 5424 | 2866 6690 

  0x0000024b0af08b48: ;   {runtime_call UncommonTrapBlob}
  0x0000024b0af08b48: c5f8 77e8 

  0x0000024b0af08b4c: ; ImmutableOopMap {rbp=NarrowOop [32]=Oop [48]=Oop [56]=Oop [136]=Oop }
                      ;*ifnull {reexecute=1 rethrow=0 return_oop=0}
                      ; - (reexecute) java.lang.ClassLoader::defineClassSourceLocation@15
                      ; - java.lang.ClassLoader::defineClass@12
                      ; - java.security.SecureClassLoader::defineClass@12
  0x0000024b0af08b4c: b0ba 62ff 

  0x0000024b0af08b50: ;   {other}
  0x0000024b0af08b50: 0f1f 8400 | 4037 006e | ba45 ffff | ff44 894c | 2420 6690 

  0x0000024b0af08b64: ;   {runtime_call UncommonTrapBlob}
  0x0000024b0af08b64: c5f8 77e8 

  0x0000024b0af08b68: ; ImmutableOopMap {[32]=NarrowOop [104]=Oop }
                      ;*ifnull {reexecute=1 rethrow=0 return_oop=0}
                      ; - (reexecute) java.lang.ClassLoader::postDefineClass@17
                      ; - java.lang.ClassLoader::defineClass@37
                      ; - java.security.SecureClassLoader::defineClass@12
  0x0000024b0af08b68: 94ba 62ff 

  0x0000024b0af08b6c: ;   {other}
  0x0000024b0af08b6c: 0f1f 8400 | 5c37 006f | baf6 ffff | ff41 8be8 

  0x0000024b0af08b7c: ;   {runtime_call UncommonTrapBlob}
  0x0000024b0af08b7c: c5f8 77e8 

  0x0000024b0af08b80: ; ImmutableOopMap {}
                      ;*aaload {reexecute=0 rethrow=0 return_oop=0}
                      ; - java.security.CodeSource::getCertificates@50
                      ; - java.lang.ClassLoader::checkCerts@34
                      ; - java.lang.ClassLoader::preDefineClass@113
                      ; - java.lang.ClassLoader::defineClass@4
                      ; - java.security.SecureClassLoader::defineClass@12
  0x0000024b0af08b80: 7cba 62ff 

  0x0000024b0af08b84: ;   {other}
  0x0000024b0af08b84: 0f1f 8400 | 7437 0070 | baf6 ffff | ff66 6690 

  0x0000024b0af08b94: ;   {runtime_call UncommonTrapBlob}
  0x0000024b0af08b94: c5f8 77e8 

  0x0000024b0af08b98: ; ImmutableOopMap {}
                      ;*invokevirtual getSignerCertPath {reexecute=0 rethrow=0 return_oop=0}
                      ; - java.security.CodeSource::getCertificates@51
                      ; - java.lang.ClassLoader::checkCerts@34
                      ; - java.lang.ClassLoader::preDefineClass@113
                      ; - java.lang.ClassLoader::defineClass@4
                      ; - java.security.SecureClassLoader::defineClass@12
  0x0000024b0af08b98: 64ba 62ff 

  0x0000024b0af08b9c: ;   {other}
  0x0000024b0af08b9c: 0f1f 8400 | 8c37 0071 | baf6 ffff | ff66 6690 

  0x0000024b0af08bac: ;   {runtime_call UncommonTrapBlob}
  0x0000024b0af08bac: c5f8 77e8 

  0x0000024b0af08bb0: ; ImmutableOopMap {}
                      ;*invokevirtual getCertificates {reexecute=0 rethrow=0 return_oop=0}
                      ; - java.security.CodeSource::getCertificates@54
                      ; - java.lang.ClassLoader::checkCerts@34
                      ; - java.lang.ClassLoader::preDefineClass@113
                      ; - java.lang.ClassLoader::defineClass@4
                      ; - java.security.SecureClassLoader::defineClass@12
  0x0000024b0af08bb0: 4cba 62ff 

  0x0000024b0af08bb4: ;   {other}
  0x0000024b0af08bb4: 0f1f 8400 | a437 0072 | baf6 ffff | ff66 6690 

  0x0000024b0af08bc4: ;   {runtime_call UncommonTrapBlob}
  0x0000024b0af08bc4: c5f8 77e8 

  0x0000024b0af08bc8: ; ImmutableOopMap {}
                      ;*arraylength {reexecute=0 rethrow=0 return_oop=0}
                      ; - java.security.CodeSource::getCertificates@40
                      ; - java.lang.ClassLoader::checkCerts@34
                      ; - java.lang.ClassLoader::preDefineClass@113
                      ; - java.lang.ClassLoader::defineClass@4
                      ; - java.security.SecureClassLoader::defineClass@12
  0x0000024b0af08bc8: 34ba 62ff 

  0x0000024b0af08bcc: ;   {other}
  0x0000024b0af08bcc: 0f1f 8400 | bc37 0073 | baf6 ffff | ff41 8be8 

  0x0000024b0af08bdc: ;   {runtime_call UncommonTrapBlob}
  0x0000024b0af08bdc: c5f8 77e8 

  0x0000024b0af08be0: ; ImmutableOopMap {}
                      ;*aaload {reexecute=0 rethrow=0 return_oop=0}
                      ; - java.security.CodeSource::getCertificates@50
                      ; - java.lang.ClassLoader::postDefineClass@24
                      ; - java.lang.ClassLoader::defineClass@37
                      ; - java.security.SecureClassLoader::defineClass@12
  0x0000024b0af08be0: 1cba 62ff 

  0x0000024b0af08be4: ;   {other}
  0x0000024b0af08be4: 0f1f 8400 | d437 0074 | baf6 ffff | ff66 6690 

  0x0000024b0af08bf4: ;   {runtime_call UncommonTrapBlob}
  0x0000024b0af08bf4: c5f8 77e8 

  0x0000024b0af08bf8: ; ImmutableOopMap {}
                      ;*invokevirtual getSignerCertPath {reexecute=0 rethrow=0 return_oop=0}
                      ; - java.security.CodeSource::getCertificates@51
                      ; - java.lang.ClassLoader::postDefineClass@24
                      ; - java.lang.ClassLoader::defineClass@37
                      ; - java.security.SecureClassLoader::defineClass@12
  0x0000024b0af08bf8: 04ba 62ff 

  0x0000024b0af08bfc: ;   {other}
  0x0000024b0af08bfc: 0f1f 8400 | ec37 0075 | baf6 ffff | ff66 6690 

  0x0000024b0af08c0c: ;   {runtime_call UncommonTrapBlob}
  0x0000024b0af08c0c: c5f8 77e8 

  0x0000024b0af08c10: ; ImmutableOopMap {}
                      ;*invokevirtual getCertificates {reexecute=0 rethrow=0 return_oop=0}
                      ; - java.security.CodeSource::getCertificates@54
                      ; - java.lang.ClassLoader::postDefineClass@24
                      ; - java.lang.ClassLoader::defineClass@37
                      ; - java.security.SecureClassLoader::defineClass@12
  0x0000024b0af08c10: ecb9 62ff 

  0x0000024b0af08c14: ;   {other}
  0x0000024b0af08c14: 0f1f 8400 | 0438 0076 | baf6 ffff | ff66 6690 

  0x0000024b0af08c24: ;   {runtime_call UncommonTrapBlob}
  0x0000024b0af08c24: c5f8 77e8 

  0x0000024b0af08c28: ; ImmutableOopMap {}
                      ;*arraylength {reexecute=0 rethrow=0 return_oop=0}
                      ; - java.security.CodeSource::getCertificates@40
                      ; - java.lang.ClassLoader::postDefineClass@24
                      ; - java.lang.ClassLoader::defineClass@37
                      ; - java.security.SecureClassLoader::defineClass@12
  0x0000024b0af08c28: d4b9 62ff 

  0x0000024b0af08c2c: ;   {other}
  0x0000024b0af08c2c: 0f1f 8400 | 1c38 0077 | ba97 ffff | ff4c 8b54 | 2468 4c89 | 5424 584c | 8b54 2470 | 4c89 5424 
  0x0000024b0af08c4c: 6866 6690 

  0x0000024b0af08c50: ;   {runtime_call UncommonTrapBlob}
  0x0000024b0af08c50: c5f8 77e8 

  0x0000024b0af08c54: ; ImmutableOopMap {rbp=NarrowOop [32]=Oop [40]=NarrowOop [56]=Oop [64]=Oop [80]=Oop [88]=Oop [104]=Oop [112]=Oop }
                      ;*invokevirtual clone {reexecute=1 rethrow=0 return_oop=0}
                      ; - (reexecute) java.util.Arrays::copyOfRange@18
                      ; - java.lang.StringLatin1::newString@16
                      ; - java.lang.String::substring@41
                      ; - java.lang.ClassLoader::checkCerts@21
                      ; - java.lang.ClassLoader::preDefineClass@113
                      ; - java.lang.ClassLoader::defineClass@4
                      ; - java.security.SecureClassLoader::defineClass@12
  0x0000024b0af08c54: a8b9 62ff 

  0x0000024b0af08c58: ;   {other}
  0x0000024b0af08c58: 0f1f 8400 | 4838 0078 | ba97 ffff | ff66 6690 

  0x0000024b0af08c68: ;   {runtime_call UncommonTrapBlob}
  0x0000024b0af08c68: c5f8 77e8 

  0x0000024b0af08c6c: ; ImmutableOopMap {rbp=NarrowOop [32]=Oop [40]=Oop [48]=Oop [96]=Oop }
                      ;*invokevirtual clone {reexecute=1 rethrow=0 return_oop=0}
                      ; - (reexecute) java.util.Arrays::copyOfRange@18
                      ; - java.lang.StringLatin1::newString@16
                      ; - java.lang.String::substring@41
                      ; - java.lang.Class::getPackageName@62
                      ; - java.lang.ClassLoader::postDefineClass@2
                      ; - java.lang.ClassLoader::defineClass@37
                      ; - java.security.SecureClassLoader::defineClass@12
  0x0000024b0af08c6c: 90b9 62ff 

  0x0000024b0af08c70: ;   {other}
  0x0000024b0af08c70: 0f1f 8400 | 6038 0079 | baf4 ffff | ff4c 8b54 | 2440 4c89 | 5424 3044 | 8b5c 2448 | 4489 5c24 
  0x0000024b0af08c90: 384c 8b54 | 2450 4c89 | 5424 404c | 8b54 2458 | 4c89 5424 | 4866 6690 

  0x0000024b0af08ca8: ;   {runtime_call UncommonTrapBlob}
  0x0000024b0af08ca8: c5f8 77e8 

  0x0000024b0af08cac: ; ImmutableOopMap {rbp=Oop [32]=Oop [40]=NarrowOop [48]=Oop [64]=Oop [72]=Oop [112]=Oop }
                      ;*checkcast {reexecute=0 rethrow=0 return_oop=0}
                      ; - java.security.CodeSource::getCertificates@76
                      ; - java.lang.ClassLoader::checkCerts@34
                      ; - java.lang.ClassLoader::preDefineClass@113
                      ; - java.lang.ClassLoader::defineClass@4
                      ; - java.security.SecureClassLoader::defineClass@12
  0x0000024b0af08cac: 50b9 62ff 

  0x0000024b0af08cb0: ;   {other}
  0x0000024b0af08cb0: 0f1f 8400 | a038 007a | baf4 ffff | ff66 6690 

  0x0000024b0af08cc0: ;   {runtime_call UncommonTrapBlob}
  0x0000024b0af08cc0: c5f8 77e8 

  0x0000024b0af08cc4: ; ImmutableOopMap {rbp=NarrowOop [32]=Oop [40]=Oop }
                      ;*checkcast {reexecute=0 rethrow=0 return_oop=0}
                      ; - java.security.CodeSource::getCertificates@76
                      ; - java.lang.ClassLoader::postDefineClass@24
                      ; - java.lang.ClassLoader::defineClass@37
                      ; - java.security.SecureClassLoader::defineClass@12
  0x0000024b0af08cc4: 38b9 62ff 

  0x0000024b0af08cc8: ;   {other}
  0x0000024b0af08cc8: 0f1f 8400 | b838 007b | ba97 ffff | ff48 8b6c | 2420 4c8b | 5424 404c | 8954 2430 | 448b 5c24 
  0x0000024b0af08ce8: 4844 895c | 2440 4c8b | 5424 584c | 8954 2450 

  0x0000024b0af08cf8: ;   {runtime_call UncommonTrapBlob}
  0x0000024b0af08cf8: c5f8 77e8 

  0x0000024b0af08cfc: ; ImmutableOopMap {rbp=Oop [40]=NarrowOop [48]=Oop [56]=Oop [80]=Oop [96]=Oop [136]=Oop }
                      ;*invokevirtual clone {reexecute=1 rethrow=0 return_oop=0}
                      ; - (reexecute) java.security.CodeSource::getCertificates@11
                      ; - java.lang.ClassLoader::checkCerts@34
                      ; - java.lang.ClassLoader::preDefineClass@113
                      ; - java.lang.ClassLoader::defineClass@4
                      ; - java.security.SecureClassLoader::defineClass@12
  0x0000024b0af08cfc: 00b9 62ff 

  0x0000024b0af08d00: ;   {other}
  0x0000024b0af08d00: 0f1f 8400 | f038 007c | ba97 ffff | ff66 6690 

  0x0000024b0af08d10: ;   {runtime_call UncommonTrapBlob}
  0x0000024b0af08d10: c5f8 77e8 

  0x0000024b0af08d14: ; ImmutableOopMap {[32]=Oop [48]=NarrowOop [104]=Oop }
                      ;*invokevirtual clone {reexecute=1 rethrow=0 return_oop=0}
                      ; - (reexecute) java.security.CodeSource::getCertificates@11
                      ; - java.lang.ClassLoader::postDefineClass@24
                      ; - java.lang.ClassLoader::defineClass@37
                      ; - java.security.SecureClassLoader::defineClass@12
  0x0000024b0af08d14: e8b8 62ff 

  0x0000024b0af08d18: ;   {other}
  0x0000024b0af08d18: 0f1f 8400 | 0839 007d | ba97 ffff | ff4c 8b54 | 2440 4c89 | 5424 3844 | 8b54 242c | 4489 5424 
  0x0000024b0af08d38: 2844 8b5c | 2448 4489 | 5c24 2c4c | 8b54 2450 | 4c89 5424 | 404c 8b54 | 2458 4c89 | 5424 4890 
  0x0000024b0af08d58: ;   {runtime_call UncommonTrapBlob}
  0x0000024b0af08d58: c5f8 77e8 

  0x0000024b0af08d5c: ; ImmutableOopMap {rbp=Oop [32]=Oop [48]=Oop [56]=Oop [64]=Oop [72]=Oop [112]=Oop }
                      ;*invokevirtual clone {reexecute=1 rethrow=0 return_oop=0}
                      ; - (reexecute) java.security.CodeSource::getCertificates@86
                      ; - java.lang.ClassLoader::checkCerts@34
                      ; - java.lang.ClassLoader::preDefineClass@113
                      ; - java.lang.ClassLoader::defineClass@4
                      ; - java.security.SecureClassLoader::defineClass@12
  0x0000024b0af08d5c: a0b8 62ff 

  0x0000024b0af08d60: ;   {other}
  0x0000024b0af08d60: 0f1f 8400 | 5039 007e | ba97 ffff | ff66 6690 

  0x0000024b0af08d70: ;   {runtime_call UncommonTrapBlob}
  0x0000024b0af08d70: c5f8 77e8 

  0x0000024b0af08d74: ; ImmutableOopMap {[32]=Oop [40]=Oop [56]=Oop }
                      ;*invokevirtual clone {reexecute=1 rethrow=0 return_oop=0}
                      ; - (reexecute) java.security.CodeSource::getCertificates@86
                      ; - java.lang.ClassLoader::postDefineClass@24
                      ; - java.lang.ClassLoader::defineClass@37
                      ; - java.security.SecureClassLoader::defineClass@12
  0x0000024b0af08d74: 88b8 62ff 

  0x0000024b0af08d78: ;   {other}
  0x0000024b0af08d78: 0f1f 8400 | 6839 007f | eb45 eb43 | eb41 eb3f | eb3d eb3b | eb39 eb37 | eb35 eb33 | eb31 eb2f 
  0x0000024b0af08d98: eb28 eb26 | eb29 eb27 | eb25 eb23 | eb21 eb1f | eb1d eb1b | eb19 eb17 | eb15 eb13 | eb11 eb0f 
  0x0000024b0af08db8: eb0d eb0b | eb09 eb07 | eb05 488b | d0eb 0348 | 8bd0 c5f8 | 7748 81c4 | c000 0000 

  0x0000024b0af08dd4: ;   {runtime_call _rethrow_Java}
  0x0000024b0af08dd4: 5de9 2621 

  0x0000024b0af08dd8: ;   {internal_word}
  0x0000024b0af08dd8: 6fff 49ba | fe67 f00a | 4b02 0000 | 4d89 9760 

  0x0000024b0af08de8: ;   {runtime_call SafepointBlob}
  0x0000024b0af08de8: 0400 00e9 | 10c9 62ff 

  0x0000024b0af08df0: ;   {runtime_call StubRoutines (final stubs)}
  0x0000024b0af08df0: e82b 0d61 | ffe9 84cb | ffff f4f4 | f4f4 f4f4 
[Stub Code]
  0x0000024b0af08e00: ;   {no_reloc}
  0x0000024b0af08e00: 48bb 0000 | 0000 0000 

  0x0000024b0af08e08: ;   {runtime_call nmethod}
  0x0000024b0af08e08: 0000 e9fb 

  0x0000024b0af08e0c: ;   {static_stub}
  0x0000024b0af08e0c: ffff ff48 | bb00 0000 | 0000 0000 

  0x0000024b0af08e18: ;   {runtime_call nmethod}
  0x0000024b0af08e18: 00e9 fbff 

  0x0000024b0af08e1c: ;   {static_stub}
  0x0000024b0af08e1c: ffff 48bb | 0000 0000 | 0000 0000 

  0x0000024b0af08e28: ;   {runtime_call nmethod}
  0x0000024b0af08e28: e9fb ffff 

  0x0000024b0af08e2c: ;   {static_stub}
  0x0000024b0af08e2c: ff48 bb00 | 0000 0000 

  0x0000024b0af08e34: ;   {runtime_call nmethod}
  0x0000024b0af08e34: 0000 00e9 | fbff ffff 

  0x0000024b0af08e3c: ;   {static_stub}
  0x0000024b0af08e3c: 48bb 0000 | 0000 0000 

  0x0000024b0af08e44: ;   {runtime_call nmethod}
  0x0000024b0af08e44: 0000 e9fb 

  0x0000024b0af08e48: ;   {static_stub}
  0x0000024b0af08e48: ffff ff48 | bb00 0000 | 0000 0000 

  0x0000024b0af08e54: ;   {runtime_call nmethod}
  0x0000024b0af08e54: 00e9 fbff 

  0x0000024b0af08e58: ;   {static_stub}
  0x0000024b0af08e58: ffff 48bb | 0000 0000 | 0000 0000 

  0x0000024b0af08e64: ;   {runtime_call nmethod}
  0x0000024b0af08e64: e9fb ffff 

  0x0000024b0af08e68: ;   {static_stub}
  0x0000024b0af08e68: ff48 bb00 | 0000 0000 

  0x0000024b0af08e70: ;   {runtime_call nmethod}
  0x0000024b0af08e70: 0000 00e9 | fbff ffff 

  0x0000024b0af08e78: ;   {static_stub}
  0x0000024b0af08e78: 48bb 0000 | 0000 0000 

  0x0000024b0af08e80: ;   {runtime_call nmethod}
  0x0000024b0af08e80: 0000 e9fb 

  0x0000024b0af08e84: ;   {static_stub}
  0x0000024b0af08e84: ffff ff48 | bb40 d410 | 174b 0200 

  0x0000024b0af08e90: ;   {runtime_call I2C/C2I adapters}
  0x0000024b0af08e90: 00e9 cfef 

  0x0000024b0af08e94: ;   {static_stub}
  0x0000024b0af08e94: 5fff 48bb | 0000 0000 | 0000 0000 

  0x0000024b0af08ea0: ;   {runtime_call nmethod}
  0x0000024b0af08ea0: e9fb ffff 

  0x0000024b0af08ea4: ;   {static_stub}
  0x0000024b0af08ea4: ff48 bb00 | 0000 0000 

  0x0000024b0af08eac: ;   {runtime_call nmethod}
  0x0000024b0af08eac: 0000 00e9 | fbff ffff 

  0x0000024b0af08eb4: ;   {static_stub}
  0x0000024b0af08eb4: 48bb 0000 | 0000 0000 

  0x0000024b0af08ebc: ;   {runtime_call nmethod}
  0x0000024b0af08ebc: 0000 e9fb 

  0x0000024b0af08ec0: ;   {static_stub}
  0x0000024b0af08ec0: ffff ff48 | bb00 0000 | 0000 0000 

  0x0000024b0af08ecc: ;   {runtime_call nmethod}
  0x0000024b0af08ecc: 00e9 fbff 

  0x0000024b0af08ed0: ;   {static_stub}
  0x0000024b0af08ed0: ffff 48bb | 0000 0000 | 0000 0000 

  0x0000024b0af08edc: ;   {runtime_call nmethod}
  0x0000024b0af08edc: e9fb ffff 

  0x0000024b0af08ee0: ;   {static_stub}
  0x0000024b0af08ee0: ff48 bb00 | 0000 0000 

  0x0000024b0af08ee8: ;   {runtime_call nmethod}
  0x0000024b0af08ee8: 0000 00e9 | fbff ffff 

  0x0000024b0af08ef0: ;   {static_stub}
  0x0000024b0af08ef0: 48bb 0000 | 0000 0000 

  0x0000024b0af08ef8: ;   {runtime_call nmethod}
  0x0000024b0af08ef8: 0000 e9fb 

  0x0000024b0af08efc: ;   {static_stub}
  0x0000024b0af08efc: ffff ff48 | bb00 0000 | 0000 0000 

  0x0000024b0af08f08: ;   {runtime_call nmethod}
  0x0000024b0af08f08: 00e9 fbff 

  0x0000024b0af08f0c: ;   {static_stub}
  0x0000024b0af08f0c: ffff 48bb | 0000 0000 | 0000 0000 

  0x0000024b0af08f18: ;   {runtime_call nmethod}
  0x0000024b0af08f18: e9fb ffff 

  0x0000024b0af08f1c: ;   {static_stub}
  0x0000024b0af08f1c: ff48 bb00 | 0000 0000 

  0x0000024b0af08f24: ;   {runtime_call nmethod}
  0x0000024b0af08f24: 0000 00e9 | fbff ffff 

  0x0000024b0af08f2c: ;   {static_stub}
  0x0000024b0af08f2c: 48bb 0000 | 0000 0000 

  0x0000024b0af08f34: ;   {runtime_call nmethod}
  0x0000024b0af08f34: 0000 e9fb 

  0x0000024b0af08f38: ;   {static_stub}
  0x0000024b0af08f38: ffff ff48 | bb00 0000 | 0000 0000 

  0x0000024b0af08f44: ;   {runtime_call nmethod}
  0x0000024b0af08f44: 00e9 fbff 

  0x0000024b0af08f48: ;   {runtime_call ExceptionBlob}
  0x0000024b0af08f48: ffff e9b1 | 916e ffe8 | 0000 0000 | 4883 2c24 

  0x0000024b0af08f58: ;   {runtime_call DeoptimizationBlob}
  0x0000024b0af08f58: 05e9 42ba | 62ff f4f4 
[/MachCode]


Compiled method (c2) 78838 15677   !   4       java.net.URLClassLoader::defineClass (224 bytes)
 total in heap  [0x0000024b0b48a490,0x0000024b0b494d48] = 43192
 relocation     [0x0000024b0b48a5f0,0x0000024b0b48abc0] = 1488
 main code      [0x0000024b0b48abc0,0x0000024b0b491830] = 27760
 stub code      [0x0000024b0b491830,0x0000024b0b4919b0] = 384
 oops           [0x0000024b0b4919b0,0x0000024b0b4919f0] = 64
 metadata       [0x0000024b0b4919f0,0x0000024b0b491e88] = 1176
 scopes data    [0x0000024b0b491e88,0x0000024b0b493b08] = 7296
 scopes pcs     [0x0000024b0b493b08,0x0000024b0b4945e8] = 2784
 dependencies   [0x0000024b0b4945e8,0x0000024b0b494730] = 328
 handler table  [0x0000024b0b494730,0x0000024b0b494c10] = 1248
 nul chk table  [0x0000024b0b494c10,0x0000024b0b494d48] = 312

[Constant Pool (empty)]

[MachCode]
[Entry Point]
  # {method} {0x0000024b170fa200} 'defineClass' '(Ljava/lang/String;Ljdk/internal/loader/Resource;)Ljava/lang/Class;' in 'java/net/URLClassLoader'
  # this:     rdx:rdx   = 'java/net/URLClassLoader'
  # parm0:    r8:r8     = 'java/lang/String'
  # parm1:    r9:r9     = 'jdk/internal/loader/Resource'
  #           [sp+0x100]  (sp of caller)
  0x0000024b0b48abc0: 448b 5208 | 49c1 e203 

  0x0000024b0b48abc8: ;   {runtime_call ic_miss_stub}
  0x0000024b0b48abc8: 493b c20f | 85af 3b0a | ff66 6690 | 660f 1f44 | 0000 660f | 1f44 0000 
[Verified Entry Point]
  0x0000024b0b48abe0: 8984 2400 | 80ff ff55 | 4881 ecf0 | 0000 0090 | 4181 7f20 | 1d00 0000 | 0f85 216c | 0000 498b 
  0x0000024b0b48ac00: f148 8954 | 2430 4c89 | 4424 28c5 | f877 49ba | 30a7 ff00 | fc7f 0000 

  0x0000024b0b48ac18: ;   {other}
  0x0000024b0b48ac18: 41ff d20f | 1f84 0000 | 0000 0048 | 8944 2438 | 4c8b 5424 | 2845 8b4a | 1441 8b51 | 0c45 0fbe 
  0x0000024b0b48ac38: 5a10 c462 | 22f7 d245 | 8d42 ff45 | 85db 0f85 | 7746 0000 | 8d42 ff41 | 3bc0 410f | 4fc0 498b 
  0x0000024b0b48ac58: c985 c00f | 8ca1 2600 | 0041 b8ff | ffff ff44 | 8944 2440 | 0f1f 4000 | 3bc2 0f83 | 0030 0000 
  0x0000024b0b48ac78: 4180 7c01 | 102e 7415 | 4d8b 9f50 | 0400 00ff 

  0x0000024b0b48ac88: ; ImmutableOopMap {r9=NarrowOop rcx=Oop rsi=Oop [40]=Oop [48]=Oop }
                      ;*goto {reexecute=1 rethrow=0 return_oop=0}
                      ; - (reexecute) java.lang.StringLatin1::lastIndexOf@35
                      ; - java.lang.String::lastIndexOf@13
                      ; - java.lang.String::lastIndexOf@8
                      ; - java.net.URLClassLoader::defineClass@7
                      ;   {poll}
  0x0000024b0b48ac88: c841 8503 | 85c0 7de0 | b8ff ffff | ff44 8b5e 

  0x0000024b0b48ac98: ;   {metadata('jdk/internal/loader/URLClassPath$JarLoader$2')}
  0x0000024b0b48ac98: 0841 81fb | 3c1f 0120 | 0f85 f61a | 0000 4c8b | de45 8b43 | 2045 8b70 | 1c4d 8b9f | 8003 0000 
  0x0000024b0b48acb8: 4d8b 2b83 | f8ff 0f84 | 7b04 0000 | 85c0 0f8c | 4c46 0000 | 413b c20f | 8fb7 4600 | 0041 3bc2 
  0x0000024b0b48acd8: 0f84 b309 | 0000 85c0 | 0f84 250b | 0000 498b | 9fb8 0100 | 004c 8bd3 | 4983 c218 | 4d3b 97c8 
  0x0000024b0b48acf8: 0100 000f | 83fc 2c00 | 004d 8997 | b801 0000 | 410f 1882 | 0001 0000 | 48c7 0301 

  0x0000024b0b48ad14: ;   {metadata('java/lang/String')}
  0x0000024b0b48ad14: 0000 00c7 | 4308 d683 | 0020 4489 | 630c 4c89 | 6310 4d8d | 5110 3bc2 | 0f84 d300 | 0000 3d00 
  0x0000024b0b48ad34: 0010 000f | 87df 4800 | 004c 63d8 | 3bd0 8bea | 0f4f e83b | d50f 8241 | 4900 003b | c50f 8239 
  0x0000024b0b48ad54: 4900 0049 | 83c3 174d | 8bc3 4983 | e0f8 3d00 | 0010 000f | 8742 2f00 | 004c 896c | 2420 4d8b 
  0x0000024b0b48ad74: afb8 0100 | 004d 8bcd | 4d03 c84d | 3b8f c801 | 0000 0f83 | 1e2f 0000 | 4d89 8fb8 | 0100 0041 
  0x0000024b0b48ad94: 0f18 8100 | 0100 0049 | c745 0001 | 0000 0041 | 0f18 8140 

  0x0000024b0b48ada8: ;   {metadata({type array byte})}
  0x0000024b0b48ada8: 0100 0041 | c745 0845 | 8100 2041 | 8945 0c41 | 0f18 8180 | 0100 004d | 8bcd 4983 | c110 49c1 
  0x0000024b0b48adc8: eb03 85ed | 0f84 5248 | 0000 3be8 | 0f8c 5629 | 0000 4983 | c0f0 49c1 | e803 498b | ca49 8bd1 
  0x0000024b0b48ade8: c5f8 7749 | ba60 8151 | 0a4b 0200 | 0041 ffd2 

  0x0000024b0b48adf8: ;   {other}
  0x0000024b0b48adf8: 0f1f 8400 | 0000 0000 | e990 0000 | 004c 63c2 | 81fa 0000 | 1000 0f87 | 842c 0000 | 4c89 6c24 
  0x0000024b0b48ae18: 204d 8baf | b801 0000 | 4d8d 5817 | 4983 e3f8 | 498b fd49 | 03fb 493b | bfc8 0100 | 000f 8358 
  0x0000024b0b48ae38: 2c00 0049 | 89bf b801 | 0000 0f18 | 8700 0100 | 0049 c745 | 0001 0000 | 000f 1887 | 4001 0000 
  0x0000024b0b48ae58: ;   {metadata({type array byte})}
  0x0000024b0b48ae58: 41c7 4508 | 4581 0020 | 4189 550c | 0f18 8780 | 0100 0049 | 8bd5 4883 | c210 4983 | c007 49c1 
  0x0000024b0b48ae78: e803 498b | cac5 f877 | 49ba 6081 | 510a 4b02 | 0000 41ff 

  0x0000024b0b48ae8c: ;   {other}
  0x0000024b0b48ae8c: d20f 1f84 | 0000 0000 | 0041 807f | 4000 0f85 | f624 0000 | 4d8b dd44 | 895b 144c | 8bd3 4d8b 
  0x0000024b0b48aeac: dd4d 33da | 49c1 eb14 | 4d85 db74 | 1a49 c1ea | 0948 b900 | 0071 7e4b | 0200 0049 | 03ca 8039 
  0x0000024b0b48aecc: 020f 85f6 | 2400 0044 | 8863 104c | 8b6c 2420 | 4889 9c24 | 9000 0000 | 448b 5e08 

  0x0000024b0b48aee8: ;   {metadata('jdk/internal/loader/URLClassPath$JarLoader$2')}
  0x0000024b0b48aee8: 4181 fb3c | 1f01 200f | 85c4 1800 | 0048 8bfe 

  0x0000024b0b48aef8: ;   {oop(a 'java/lang/Class'{0x000000008161f348} = 'jdk/internal/access/SharedSecrets')}
  0x0000024b0b48aef8: 49ba 48f3 | 6181 0000 | 0000 458b | 82d4 0000 | 0045 8b48 | 0844 8b57 | 2045 8b52 

  0x0000024b0b48af14: ;   {metadata('java/util/jar/JavaUtilJarAccessImpl')}
  0x0000024b0b48af14: 1841 81f9 | 840f 0020 | 0f85 f441 | 0000 418b | 6a08 4d8b | c248 8d9c | 24d0 0000 | 0049 8b00 
  0x0000024b0b48af34: a802 0f85 | 2300 0000 | 4883 c801 | 4889 03f0 | 490f b118 | 0f84 3700 | 0000 482b | c448 2507 
  0x0000024b0b48af54: f0ff ff48 | 8903 e924 | 0000 004c | 8bd8 4833 | c0f0 4d0f | b17b 3e48 | c703 0300 | 0000 7411 
  0x0000024b0b48af74: 4c3b f875 | 1549 ff83 | 8600 0000 | 4833 c075 | 0949 ff87 | 4805 0000 | 33c0 0f85 | c841 0000 
  0x0000024b0b48af94: 453b 6230 | 750e 450f | b65a 1245 | 85db 0f85 | 5807 0000 | 453b 6230 | 0f85 5e25 | 0000 488d 
  0x0000024b0b48afb4: 8424 d000 | 0000 4883 | 3800 0f84 | 7900 0000 | 4d8b 1041 | f6c2 020f | 8462 0000 | 0049 83ba 
  0x0000024b0b48afd4: 8600 0000 | 0074 0949 | ff8a 8600 | 0000 eb4b | 498b 8296 | 0000 0049 | 0b82 8e00 | 0000 750a 
  0x0000024b0b48aff4: 49c7 423e | 0000 0000 | eb3d 4983 | ba9e 0000 | 0000 7422 | 4833 c049 | c742 3e00 | 0000 00f0 
  0x0000024b0b48b014: ;   {no_reloc}
  0x0000024b0b48b014: 8304 2400 | 4983 ba9e | 0000 0000 | 750d f04d | 0fb1 7a3e | 7505 83c8 | 01eb 0ca8 | 00eb 084c 
  0x0000024b0b48b034: 8b10 f04d | 0fb1 1075 | 0a49 ff8f | 4805 0000 | 4533 d20f | 85a6 4100 | 0044 8b5f | 2041 8b6b 
  0x0000024b0b48b054: 1844 8b55 

  0x0000024b0b48b058: ;   {metadata('java/util/jar/JarFile')}
  0x0000024b0b48b058: 0841 81fa | e80e 0020 | 0f85 b841 | 0000 4889 | 7c24 504c | 896c 2448 | 4489 7424 | 4448 8974 
  0x0000024b0b48b078: 2420 488b | d566 6690 

  0x0000024b0b48b080: ;   {optimized virtual_call}
  0x0000024b0b48b080: c5f8 77e8 

  0x0000024b0b48b084: ; ImmutableOopMap {[32]=Oop [40]=Oop [48]=Oop [68]=NarrowOop [72]=Oop [80]=Oop [144]=Oop }
                      ;*invokevirtual getManifestFromReference {reexecute=0 rethrow=0 return_oop=1}
                      ; - java.util.jar.JarFile::getManifest@1
                      ; - jdk.internal.loader.URLClassPath$JarLoader$2::getManifest@22
                      ; - java.net.URLClassLoader::defineClass@34
  0x0000024b0b48b084: 98eb c5ff 

  0x0000024b0b48b088: ;   {other}
  0x0000024b0b48b088: 0f1f 8400 | f80b 0001 | 488b 7424 | 2044 8b74 | 2444 4889 | 4424 5044 | 8974 2444 | 4889 7424 
  0x0000024b0b48b0a8: 2048 8b54 | 2430 4c8b | 8424 9000 | 0000 418b | ee66 6690 

  0x0000024b0b48b0bc: ;   {optimized virtual_call}
  0x0000024b0b48b0bc: c5f8 77e8 

  0x0000024b0b48b0c0: ; ImmutableOopMap {rbp=NarrowOop [32]=Oop [40]=Oop [48]=Oop [68]=NarrowOop [72]=Oop [80]=Oop [144]=Oop }
                      ;*invokevirtual getDefinedPackage {reexecute=0 rethrow=0 return_oop=1}
                      ; - java.net.URLClassLoader::getAndVerifyPackage@2
                      ; - java.net.URLClassLoader::defineClass@46
  0x0000024b0b48b0c0: 5cd0 abff 

  0x0000024b0b48b0c4: ;   {other}
  0x0000024b0b48b0c4: 0f1f 8400 | 340c 0002 | 4885 c00f | 84ce 0500 | 0044 8b50 | 1045 8b5a | 1c45 85db | 0f85 da42 
  0x0000024b0b48b0e4: 0000 448b | 5814 418b | 6b24 85ed | 0f85 ee42 | 0000 4c8b | 5424 504d | 85d2 7430 | 488b 5424 
  0x0000024b0b48b104: 304c 8b84 | 2490 0000 | 004d 8bca | 4889 4424 | 5866 6690 

  0x0000024b0b48b118: ;   {optimized virtual_call}
  0x0000024b0b48b118: c5f8 77e8 

  0x0000024b0b48b11c: ; ImmutableOopMap {[32]=Oop [40]=Oop [48]=Oop [68]=NarrowOop [72]=Oop [80]=Oop [88]=Oop [144]=Oop }
                      ;*invokevirtual isSealed {reexecute=0 rethrow=0 return_oop=0}
                      ; - java.net.URLClassLoader::getAndVerifyPackage@68
                      ; - java.net.URLClassLoader::defineClass@46
  0x0000024b0b48b11c: 2043 94ff 

  0x0000024b0b48b120: ;   {other}
  0x0000024b0b48b120: 0f1f 8400 | 900c 0003 | 85c0 0f85 | a343 0000 | 488b 7424 | 2044 8b74 | 2444 4c8b | 6c24 4848 
  0x0000024b0b48b140: 8d9c 24d0 | 0000 0048 | 8b06 a802 | 0f85 2300 | 0000 4883 | c801 4889 | 03f0 480f | b11e 0f84 
  0x0000024b0b48b160: 3700 0000 | 482b c448 | 2507 f0ff | ff48 8903 | e924 0000 | 004c 8bd0 | 4833 c0f0 | 4d0f b17a 
  0x0000024b0b48b180: 3e48 c703 | 0300 0000 | 7411 4c3b | f875 1549 | ff82 8600 | 0000 4833 | c075 0949 | ff87 4805 
  0x0000024b0b48b1a0: 0000 33c0 | 0f85 6a3e | 0000 448b | 4608 443b | 660c 0f85 | b900 0000 

  0x0000024b0b48b1b8: ;   {metadata('jdk/internal/loader/URLClassPath$JarLoader$2')}
  0x0000024b0b48b1b8: 4181 f83c | 1f01 200f | 850d 1600 | 004c 8bce | 458b 5920 

  0x0000024b0b48b1cc: ; implicit exception: dispatches to 0x0000024b0b490b04
  0x0000024b0b48b1cc: 458b 5318 | 4489 4424 | 504c 896c | 2448 4489 | 7424 4448 | 8974 2420 | 418b 691c | 4585 d20f 
  0x0000024b0b48b1ec: 848b 4000 | 0049 8bd2 | 4c8b c54c | 894c 2458 | 4c89 4c24 | 6066 6690 

  0x0000024b0b48b204: ;   {optimized virtual_call}
  0x0000024b0b48b204: c5f8 77e8 

  0x0000024b0b48b208: ; ImmutableOopMap {[32]=Oop [40]=Oop [48]=Oop [68]=NarrowOop [72]=Oop [88]=Oop [96]=Oop }
                      ;*invokevirtual getInputStream {reexecute=0 rethrow=0 return_oop=1}
                      ; - jdk.internal.loader.URLClassPath$JarLoader$2::getInputStream@11
                      ; - jdk.internal.loader.Resource::cachedInputStream@9
                      ; - jdk.internal.loader.Resource::getByteBuffer@1
                      ; - java.net.URLClassLoader::defineClass@132
  0x0000024b0b48b208: b49d 91ff 

  0x0000024b0b48b20c: ;   {other}
  0x0000024b0b48b20c: 0f1f 8400 | 7c0d 0004 | 488b d841 | 807f 4000 | 0f85 f821 | 0000 488b | 7c24 204c | 8bd7 4c8b 
  0x0000024b0b48b22c: c344 8947 | 0c4c 8bdb | 4d33 da49 | c1eb 144d | 85db 741f | 4885 db74 | 1a49 c1ea | 0948 b900 
  0x0000024b0b48b24c: 0071 7e4b | 0200 0049 | 03ca 8039 | 020f 85f3 | 2100 0048 | 8bf7 448b | 7424 4444 | 8b44 2450 
  0x0000024b0b48b26c: 4c8b 6c24 | 488b 6e0c | 488d 8424 | d000 0000 | 4883 3800 | 0f84 7900 | 0000 4c8b | 1641 f6c2 
  0x0000024b0b48b28c: 020f 8462 | 0000 0049 | 83ba 8600 | 0000 0074 | 0949 ff8a | 8600 0000 | eb4b 498b | 8296 0000 
  0x0000024b0b48b2ac: 0049 0b82 | 8e00 0000 | 750a 49c7 | 423e 0000 | 0000 eb3d | 4983 ba9e | 0000 0000 | 7422 4833 
  0x0000024b0b48b2cc: c049 c742 | 3e00 0000 | 00f0 8304 | 2400 4983 | ba9e 0000 | 0000 750d | f04d 0fb1 | 7a3e 7505 
  0x0000024b0b48b2ec: 83c8 01eb | 0ca8 00eb | 084c 8b10 | f04c 0fb1 | 1675 0a49 | ff8f 4805 | 0000 4533 

  0x0000024b0b48b308: ;   {no_reloc}
  0x0000024b0b48b308: d20f 854e | 3d00 0044 | 8b5d 084c | 896c 2448 | 4489 7424 | 4448 8974 

  0x0000024b0b48b320: ;   {metadata('sun/nio/ByteBuffered')}
  0x0000024b0b48b320: 2420 48b8 | b803 0900 | 0100 0000 | 4833 f64a | 8d34 de4c | 8b5e 204c | 3bd8 0f84 | a03c 0000 
  0x0000024b0b48b340: 488b 7e28 | 8b0f 4883 | c708 4885 | c0f2 48af | 0f85 0400 | 0000 4889 | 4620 0f84 | 803c 0000 
  0x0000024b0b48b360: ;   {metadata('jdk/internal/loader/URLClassPath$JarLoader$2')}
  0x0000024b0b48b360: 4181 f83c | 1f01 200f | 8524 0500 | 0048 8b54 | 2420 488b | ea66 6690 

  0x0000024b0b48b378: ;   {optimized virtual_call}
  0x0000024b0b48b378: c5f8 77e8 

  0x0000024b0b48b37c: ; ImmutableOopMap {rbp=Oop [32]=Oop [40]=Oop [48]=Oop [68]=NarrowOop }
                      ;*invokevirtual getBytes {reexecute=0 rethrow=0 return_oop=1}
                      ; - java.net.URLClassLoader::defineClass@179
  0x0000024b0b48b37c: 60c3 c7ff 

  0x0000024b0b48b380: ;   {other}
  0x0000024b0b48b380: 0f1f 8400 | f00e 0005 | 4889 4424 | 6849 ba00 | 0071 7e4b | 0200 0045 | 33db 4c89 | 5424 584c 
  0x0000024b0b48b3a0: 895c 2460 | 4c8b 5424 | 2045 8b5a 

  0x0000024b0b48b3ac: ;   {metadata('jdk/internal/loader/URLClassPath$JarLoader$2')}
  0x0000024b0b48b3ac: 0841 81fb | 3c1f 0120 | 0f85 6004 | 0000 418b | 6a1c 448b 

  0x0000024b0b48b3c0: ;   {metadata('java/util/jar/JarFile$JarFileEntry')}
  0x0000024b0b48b3c0: 5508 4181 | fa61 1901 | 200f 8579 | 3e00 004c | 8bcd 418b | 6964 440f | b65d 1244 | 3b65 3075 
  0x0000024b0b48b3e0: 0945 85db | 0f85 b903 | 0000 458b | 415c 4585 | c00f 8541 | 2500 0045 | 8b51 6441 | 8b6a 3085 
  0x0000024b0b48b400: ed0f 8587 | 2400 0049 | 8b87 b801 | 0000 4c8b | d049 83c2 | 284d 3b97 | c801 0000 | 0f83 ba25 
  0x0000024b0b48b420: 0000 4d89 | 97b8 0100 | 0041 0f18 | 8200 0100 | 0048 c700 | 0100 0000 

  0x0000024b0b48b438: ;   {metadata('java/security/CodeSource')}
  0x0000024b0b48b438: c740 0812 | aa00 2044 | 8960 0c4c | 8960 104c | 8960 184c | 8960 2048 | 8944 2420 | 448b 5c24 
  0x0000024b0b48b458: 4444 8958 | 0c45 85db | 0f84 de3e | 0000 498b | d348 8be8 | 4889 4424 | 4066 6690 

  0x0000024b0b48b474: ;   {static_call}
  0x0000024b0b48b474: c5f8 77e8 

  0x0000024b0b48b478: ; ImmutableOopMap {rbp=Oop [32]=Oop [40]=Oop [48]=Oop [64]=Oop [96]=Oop [104]=Oop }
                      ;*invokestatic urlNoFragString {reexecute=0 rethrow=0 return_oop=1}
                      ; - java.security.CodeSource::<init>@30
                      ; - java.net.URLClassLoader::defineClass@198
  0x0000024b0b48b478: c4cb 87ff 

  0x0000024b0b48b47c: ;   {other}
  0x0000024b0b48b47c: 0f1f 8400 | ec0f 0006 | 488b d841 | 807f 4000 | 0f85 801e | 0000 4c8b | db44 895d | 204c 8bd3 
  0x0000024b0b48b49c: 4c8b dd4d | 33d3 49c1 | ea14 4d85 | d274 1f48 | 85db 741a | 49c1 eb09 | 48b9 0000 | 717e 4b02 
  0x0000024b0b48b4bc: 0000 4903 | cb80 3902 | 0f85 7b1e | 0000 4c8b | 5424 604d | 85d2 0f85 | 1d21 0000 | c5f8 7749 
  0x0000024b0b48b4dc: ba30 a7ff | 00fc 7f00 | 0041 ffd2 

  0x0000024b0b48b4e8: ;   {other}
  0x0000024b0b48b4e8: 0f1f 8400 | 0000 0000 | 482b 4424 | 3848 8944 

  0x0000024b0b48b4f8: ;   {oop(a 'jdk/internal/perf/PerfCounter'{0x000000008161f6d0})}
  0x0000024b0b48b4f8: 2440 49bb | d0f6 6181 | 0000 0000 | 488d 9c24 | d000 0000 | 498b 03a8 | 020f 8523 | 0000 0048 
  0x0000024b0b48b518: 83c8 0148 | 8903 f049 | 0fb1 1b0f | 8437 0000 | 0048 2bc4 | 4825 07f0 | ffff 4889 | 03e9 2400 
  0x0000024b0b48b538: 0000 4c8b | d048 33c0 | f04d 0fb1 | 7a3e 48c7 | 0303 0000 | 0074 114c | 3bf8 7515 | 49ff 8286 
  0x0000024b0b48b558: 0000 0048 | 33c0 7509 | 49ff 8748 | 0500 0033 | c00f 852d 

  0x0000024b0b48b56c: ;   {oop(a 'jdk/internal/perf/PerfCounter'{0x000000008161f6d0})}
  0x0000024b0b48b56c: 3b00 0049 | bad0 f661 | 8100 0000 | 0045 8b42 | 1041 8b68 | 2485 ed0f | 85e7 3d00 | 0041 8b68 
  0x0000024b0b48b58c: 1c85 ed0f | 8c34 3b00 | 0085 ed0f | 845b 3a00 | 004d 8b50 | 104c 8b5c | 2440 4d01 

  0x0000024b0b48b5a8: ;   {oop(a 'jdk/internal/perf/PerfCounter'{0x000000008161f6d0})}
  0x0000024b0b48b5a8: 1a49 bbd0 | f661 8100 | 0000 0048 | 8d84 24d0 | 0000 0048 | 8338 000f | 8479 0000 | 004d 8b13 
  0x0000024b0b48b5c8: 41f6 c202 | 0f84 6200 | 0000 4983 | ba86 0000 | 0000 7409 | 49ff 8a86 | 0000 00eb | 4b49 8b82 
  0x0000024b0b48b5e8: 9600 0000 | 490b 828e | 0000 0075 | 0a49 c742 | 3e00 0000 | 00eb 3d49 | 83ba 9e00 | 0000 0074 
  0x0000024b0b48b608: 2248 33c0 | 49c7 423e | 0000 0000 | f083 0424 | 0049 83ba | 9e00 0000 | 0075 0df0 | 4d0f b17a 
  0x0000024b0b48b628: 3e75 0583 | c801 eb0c | a800 eb08 | 4c8b 10f0 | 4d0f b113 | 750a 49ff | 8f48 0500 | 0045 33d2 
  0x0000024b0b48b648: 0f85 963a | 0000 4c8b | 4c24 6841 | 8b71 0c48 | 8b54 2430 | 4c8b 4424 | 2833 ff48 | 8b4c 2420 
  0x0000024b0b48b668: ;   {optimized virtual_call}
  0x0000024b0b48b668: c5f8 77e8 

  0x0000024b0b48b66c: ; ImmutableOopMap {}
                      ;*invokevirtual defineClass {reexecute=0 rethrow=0 return_oop=1}
                      ; - java.net.URLClassLoader::defineClass@220
  0x0000024b0b48b66c: f0a2 a7ff 

  0x0000024b0b48b670: ;   {other}
  0x0000024b0b48b670: 0f1f 8400 | e011 0007 | c5f8 7748 | 81c4 f000 

  0x0000024b0b48b680: ;   {poll_return}
  0x0000024b0b48b680: 0000 5d49 | 3ba7 4804 | 0000 0f87 | 7961 0000 | c348 ff74 | 2428 488f | 8424 9000 | 0000 e941 
  0x0000024b0b48b6a0: f8ff ff44 | 8bdd 4d8b 

  0x0000024b0b48b6a8: ;   {metadata('java/lang/IllegalArgumentException')}
  0x0000024b0b48b6a8: c348 bd50 | 9d07 0001 | 0000 004c | 8b54 2450 | 4d85 d20f | 84f2 1e00 | 004c 8944 | 2458 488b 
  0x0000024b0b48b6c8: 5424 304c | 8b84 2490 | 0000 004d | 8bca 488b | 7c24 5890 

  0x0000024b0b48b6dc: ;   {optimized virtual_call}
  0x0000024b0b48b6dc: c5f8 77e8 

  0x0000024b0b48b6e0: ; ImmutableOopMap {[32]=Oop [40]=Oop [48]=Oop [68]=NarrowOop [72]=Oop [80]=Oop [88]=Oop [144]=Oop }
                      ;*invokevirtual definePackage {reexecute=0 rethrow=0 return_oop=1}
                      ; - java.net.URLClassLoader::defineClass@64
  0x0000024b0b48b6e0: 3c79 16f8 

  0x0000024b0b48b6e4: ;   {other}
  0x0000024b0b48b6e4: 0f1f 8400 | 5412 0008 | 488b 7424 | 2044 8b74 | 2444 4c8b | 6c24 48e9 | 3ffa ffff | 4c89 4424 
  0x0000024b0b48b704: 6844 8954 | 2460 4889 | 7c24 584c | 896c 2450 | 4489 7424 | 4c48 8944 | 24f8 8b44 | 2440 8944 
  0x0000024b0b48b724: 2448 488b | 4424 f848 | 8974 2440 | 48ff 7424 | 2848 8f44 | 2420 498b | d041 b801 | 0000 0090 
  0x0000024b0b48b744: ;   {optimized virtual_call}
  0x0000024b0b48b744: c5f8 77e8 

  0x0000024b0b48b748: ; ImmutableOopMap {[32]=Oop [48]=Oop [64]=Oop [76]=NarrowOop [80]=Oop [88]=Oop [96]=NarrowOop [104]=Oop [144]=Oop }
                      ;*invokevirtual getManifestName {reexecute=0 rethrow=0 return_oop=1}
                      ; - java.util.zip.ZipFile$1::getManifestName@2
                      ; - java.util.jar.JarFile::maybeInstantiateVerifier@20
                      ; - java.util.jar.JarFile::ensureInitialization@1
                      ; - java.util.jar.JavaUtilJarAccessImpl::ensureInitialization@1
                      ; - jdk.internal.loader.URLClassPath$JarLoader$2::getManifest@10
                      ; - java.net.URLClassLoader::defineClass@34
  0x0000024b0b48b748: b4ac e8f7 

  0x0000024b0b48b74c: ;   {other}
  0x0000024b0b48b74c: 0f1f 8400 | bc12 0009 | 4885 c00f | 8571 2000 | 0044 8b54 | 2460 4588 | 6212 48ff | 7424 2048 
  0x0000024b0b48b76c: 8f44 2428 | 488b 7424 | 4048 8944 | 24f8 8b44 | 2448 8944 | 2440 488b | 4424 f844 | 8b74 244c 
  0x0000024b0b48b78c: 4c8b 5c24 | 5048 8b7c | 2458 4c8b | 4424 684d | 8beb e905 | f8ff ff4c | 894c 2450 | 48ff 7424 
  0x0000024b0b48b7ac: 5848 8f44 | 2448 48ff | 7424 6048 | 8f44 2420 | 4c8b d54c | 8954 2458 | 498b d241 | b801 0000 
  0x0000024b0b48b7cc: 0066 6690 

  0x0000024b0b48b7d0: ;   {optimized virtual_call}
  0x0000024b0b48b7d0: c5f8 77e8 

  0x0000024b0b48b7d4: ; ImmutableOopMap {rbp=NarrowOop [40]=Oop [48]=Oop [68]=NarrowOop [80]=Oop [88]=Oop [104]=Oop }
                      ;*invokevirtual getManifestName {reexecute=0 rethrow=0 return_oop=1}
                      ; - java.util.zip.ZipFile$1::getManifestName@2
                      ; - java.util.jar.JarFile::maybeInstantiateVerifier@20
                      ; - java.util.jar.JarFile$JarFileEntry::getCodeSigners@4
                      ; - jdk.internal.loader.URLClassPath$JarLoader$2::getCodeSigners@4
                      ; - java.net.URLClassLoader::defineClass@185
  0x0000024b0b48b7d4: a832 0aff 

  0x0000024b0b48b7d8: ;   {other}
  0x0000024b0b48b7d8: 0f1f 8400 | 4813 000a | 4885 c00f | 8559 2000 | 0044 8865 | 1248 ff74 | 2420 488f | 4424 6048 
  0x0000024b0b48b7f8: ff74 2448 | 488f 4424 | 584c 8b4c | 2450 e9df 

  0x0000024b0b48b808: ;   {oop(""{0x0000000080526dc0})}
  0x0000024b0b48b808: fbff ff48 | bbc0 6d52 | 8000 0000 | 00e9 c2f6 

  0x0000024b0b48b818: ;   {metadata('jdk/internal/loader/URLClassPath$FileLoader$1')}
  0x0000024b0b48b818: ffff 4181 | fbe0 820d | 200f 84e0 | fbff ffba | c6ff ffff | 488b 6c24 | 3048 ff74 | 2428 488f 
  0x0000024b0b48b838: 4424 204c | 8b5c 2438 | 4c89 5c24 | 2844 8b5c | 2444 4489 | 5c24 304c | 8954 2440 

  0x0000024b0b48b854: ;   {runtime_call UncommonTrapBlob}
  0x0000024b0b48b854: c5f8 77e8 

  0x0000024b0b48b858: ; ImmutableOopMap {rbp=Oop [32]=Oop [48]=NarrowOop [64]=Oop [104]=Oop }
                      ;*invokevirtual getCodeSigners {reexecute=0 rethrow=0 return_oop=0}
                      ; - java.net.URLClassLoader::defineClass@185
  0x0000024b0b48b858: a48d 0aff 

  0x0000024b0b48b85c: ;   {other}
  0x0000024b0b48b85c: 0f1f 8400 | cc13 000b | 660f 1f44 | 0000 660f | 1f44 0000 | 4c8b 9c24 | 8800 0000 | 8b4c 2440 
  0x0000024b0b48b87c: 4489 4424 | 6844 8bcd | 488b 7c24 | 7041 8bda | e991 0c00 

  0x0000024b0b48b890: ;   {metadata('jdk/internal/loader/URLClassPath$FileLoader$1')}
  0x0000024b0b48b890: 0041 81f8 | e082 0d20 | 0f85 da40 | 0000 4c8b | 5424 2049 | 8bfa 488d | 9c24 d000 | 0000 488b 
  0x0000024b0b48b8b0: 07a8 020f | 8523 0000 | 0048 83c8 | 0148 8903 | f048 0fb1 | 1f0f 8437 | 0000 0048 | 2bc4 4825 
  0x0000024b0b48b8d0: 07f0 ffff | 4889 03e9 | 2400 0000 | 4c8b d048 | 33c0 f04d | 0fb1 7a3e | 48c7 0303 | 0000 0074 
  0x0000024b0b48b8f0: 114c 3bf8 | 7515 49ff | 8286 0000 | 0048 33c0 | 7509 49ff | 8748 0500 | 0033 c00f | 8593 4000 
  0x0000024b0b48b910: 008b 5f0c | 85db 0f85 | 860a 0000 | 498b 87b8 | 0100 004c | 8bd0 4983 | c220 4d3b | 97c8 0100 
  0x0000024b0b48b930: 000f 83c9 | 3a00 004d | 8997 b801 | 0000 410f | 1882 0001 | 0000 48c7 | 0001 0000 

  0x0000024b0b48b94c: ;   {metadata('java/io/FileInputStream')}
  0x0000024b0b48b94c: 00c7 4008 | 12e0 0020 | 4489 600c | 4c89 6010 | 4c89 6018 | 4c8b c044 | 8b57 1849 | 8b87 b801 
  0x0000024b0b48b96c: 0000 4c8b | d849 83c3 | 104d 3b9f | c801 0000 | 0f83 ac3a | 0000 4d89 | 9fb8 0100 | 0041 0f18 
  0x0000024b0b48b98c: 8300 0100 | 0048 c700 | 0100 0000 

  0x0000024b0b48b998: ;   {metadata('java/lang/Object')}
  0x0000024b0b48b998: c740 0849 | 8200 2044 | 8960 0c48 | 897c 2450 | 4c89 4424 | 5841 8bea | 4c8b 5424 | 584c 8bd8 
  0x0000024b0b48b9b8: 4c8b 4424 | 5845 8958 | 1c4c 8bd8 | 4d33 da49 | c1eb 144d | 85db 741a | 49c1 ea09 | 48b9 0000 
  0x0000024b0b48b9d8: 717e 4b02 | 0000 4903 | ca80 3902 | 0f85 e627 | 0000 448b | c544 8b55 | 1045 0fbe | 5a10 4489 
  0x0000024b0b48b9f8: 5424 6489 | 6c24 608b | 6d14 448b | 4424 644d | 8bd0 4c89 | 5424 6885 | ed0f 858c | 1a00 0045 
  0x0000024b0b48ba18: 8bd0 458b | 5214 458b | c244 8b4c | 2460 498b | e945 85db | 0f85 f021 | 0000 418b | 4a0c c462 
  0x0000024b0b48ba38: 22f7 d944 | 3bd9 458b | d344 0f4f | d145 8bda | 4585 d20f | 8ecc 0000 | 0041 3bca | 0f82 ae44 
  0x0000024b0b48ba58: 0000 4d8b | d049 8d78 | 1041 8bd3 | 33c0 488b | df83 fa10 | 0f8c 7900 | 0000 83fa | 200f 8c36 
  0x0000024b0b48ba78: 0000 00c5 | f96e c8c4 | e27d 78c9 | c5ed efd2 | 8bca 83e1 | e083 e21f | c5fe 6f03 

  0x0000024b0b48ba94: ;   {no_reloc}
  0x0000024b0b48ba94: c5fd 74c1 | c4e2 7d17 | d00f 8369 | 0000 0048 | 83c3 2083 | e920 75e4 | e90d 0000 | 00c5 f96e 
  0x0000024b0b48bab4: c8c5 e9ef | d2c4 e271 | 00ca 83fa | 100f 8c24 | 0000 008b | ca83 e1f0 | 83e2 0fc5 | fa6f 03c5 
  0x0000024b0b48bad4: f974 c1c4 | e279 17d0 | 0f83 2a00 | 0000 4883 | c310 83e9 | 1075 e485 | d20f 8412 | 0000 000f 
  0x0000024b0b48baf4: b60b 3bc1 | 741c 4883 | c301 83ea | 0174 02eb | eebb ffff | ffff eb0d | c5fd d7c8 | 0fbc c148 
  0x0000024b0b48bb14: 03d8 482b | df89 5c24 | 4044 8b44 | 2440 4585 | c00f 8d21 | 4b00 0041 | 807f 4000 | 0f85 fe32 
  0x0000024b0b48bb34: 0000 448b 

  0x0000024b0b48bb38: ;   {oop(a 'java/io/File$PathStatus'{0x0000000080521028})}
  0x0000024b0b48bb38: 5c24 6041 | c743 1428 

  0x0000024b0b48bb40: ;   {oop(a 'java/io/File$PathStatus'{0x0000000080521028})}
  0x0000024b0b48bb40: 1052 8049 | ba28 1052 | 8000 0000 | 004c 8bdd | 4d33 d349 | c1ea 144d | 85d2 741a | 49c1 eb09 
  0x0000024b0b48bb60: 48b9 0000 | 717e 4b02 | 0000 4903 | cb80 3902 | 0f85 f632 | 0000 4d8b | 8fb8 0100 | 004d 8bd1 
  0x0000024b0b48bb80: 4983 c228 | 4d3b 97c8 | 0100 000f | 83cc 3800 | 004d 8997 | b801 0000 | 410f 1882 | 0001 0000 
  0x0000024b0b48bba0: 49c7 0101 

  0x0000024b0b48bba4: ;   {metadata('java/io/FileDescriptor')}
  0x0000024b0b48bba4: 0000 0041 | c741 086b | e000 204d | 8961 184d | 8961 2041 | c741 0cff | ffff ff49 | c741 10ff 
  0x0000024b0b48bbc4: ffff ff41 | 807f 4000 | 0f85 4822 | 0000 4c8b | 5c24 584d | 8bd1 4589 | 5310 4d8b | d14d 8bc3 
  0x0000024b0b48bbe4: 4d33 d049 | c1ea 144d | 85d2 741a | 49c1 e809 | 48b9 0000 | 717e 4b02 | 0000 4903 | c880 3902 
  0x0000024b0b48bc04: 0f85 1726 | 0000 488d | 9c24 d800 | 0000 498b | 01a8 020f | 8523 0000 | 0048 83c8 | 0148 8903 
  0x0000024b0b48bc24: f049 0fb1 | 190f 8437 | 0000 0048 | 2bc4 4825 | 07f0 ffff | 4889 03e9 | 2400 0000 | 4c8b d048 
  0x0000024b0b48bc44: 33c0 f04d | 0fb1 7a3e | 48c7 0303 | 0000 0074 | 114c 3bf8 | 7515 49ff | 8286 0000 | 0048 33c0 
  0x0000024b0b48bc64: 7509 49ff | 8748 0500 | 0033 c00f | 85d7 3e00 | 0041 8b69 | 1c85 ed0f | 85e7 4300 | 0041 807f 
  0x0000024b0b48bc84: 4000 0f85 | 0522 0000 | 4d8b d14d | 8bc3 4589 | 411c 498b | cb49 33ca | 48c1 e914 | 4885 c974 
  0x0000024b0b48bca4: ;   {no_reloc}
  0x0000024b0b48bca4: 1a49 c1ea | 0948 b900 | 0071 7e4b | 0200 0049 | 03ca 8039 | 020f 8524 | 2600 0048 | 8d84 24d8 
  0x0000024b0b48bcc4: 0000 0048 | 8338 000f | 8479 0000 | 004d 8b11 | 41f6 c202 | 0f84 6200 | 0000 4983 | ba86 0000 
  0x0000024b0b48bce4: 0000 7409 | 49ff 8a86 | 0000 00eb | 4b49 8b82 | 9600 0000 | 490b 828e | 0000 0075 | 0a49 c742 
  0x0000024b0b48bd04: 3e00 0000 | 00eb 3d49 | 83ba 9e00 | 0000 0074 | 2248 33c0 | 49c7 423e | 0000 0000 | f083 0424 
  0x0000024b0b48bd24: 0049 83ba | 9e00 0000 | 0075 0df0 | 4d0f b17a | 3e75 0583 | c801 eb0c | a800 eb08 | 4c8b 10f0 
  0x0000024b0b48bd44: 4d0f b111 | 750a 49ff | 8f48 0500 | 0045 33d2 | 0f85 233e | 0000 4180 | 7f40 000f | 85ed 2000 
  0x0000024b0b48bd64: 0044 8b54 | 2464 4589 | 5314 488b | 7c24 684c | 8bcf 498b | db4c 33cb | 49c1 e914 | 4d85 c974 
  0x0000024b0b48bd84: 1a48 c1eb | 0948 b900 | 0071 7e4b | 0200 0048 | 03cb 8039 | 020f 85e2 

  0x0000024b0b48bd9c: ;   {oop(a 'java/lang/Class'{0x00000000817cb260} = 'jdk/internal/misc/VM')}
  0x0000024b0b48bd9c: 2400 0049 | b960 b27c | 8100 0000 | 0041 8ba9 | 9400 0000 | 83fd 040f | 8cf7 4200 | 004d 8b8f 
  0x0000024b0b48bdbc: 7803 0000 | 498b 2944 

  0x0000024b0b48bdc4: ;   {metadata('jdk/internal/misc/CarrierThread')}
  0x0000024b0b48bdc4: 8b4d 0841 | 81f9 721e | 0020 0f84 | a03c 0000 | 498b eb44 | 8944 2440 | 498b d34c | 8bc7 6690 
  0x0000024b0b48bde4: ;   {optimized virtual_call}
  0x0000024b0b48bde4: c5f8 77e8 

  0x0000024b0b48bde8: ; ImmutableOopMap {rbp=Oop [32]=Oop [40]=Oop [48]=Oop [64]=NarrowOop [68]=NarrowOop [72]=Oop [80]=Oop }
                      ;*invokevirtual open0 {reexecute=0 rethrow=0 return_oop=0}
                      ; - java.io.FileInputStream::open@6
                      ; - java.io.FileInputStream::<init>@96
                      ; - jdk.internal.loader.URLClassPath$FileLoader$1::getInputStream@8
                      ; - jdk.internal.loader.Resource::cachedInputStream@9
                      ; - jdk.internal.loader.Resource::getBytes@1
                      ; - java.net.URLClassLoader::defineClass@179
  0x0000024b0b48bde8: 942c 0aff 

  0x0000024b0b48bdec: ;   {other}
  0x0000024b0b48bdec: 0f1f 8400 | 5c19 000c | 4c8b c545 | 8b50 1049 | 8b4a 1048 | 83f9 ff0f | 84cf 4600 | 0045 8b5a 
  0x0000024b0b48be0c: 0c4d 8b8f | b801 0000 | 498b f948 | 83c7 3849 | 8bda 493b | bfc8 0100 | 000f 8359 | 3600 0049 
  0x0000024b0b48be2c: 89bf b801 | 0000 0f18 | 8700 0100 | 0049 c701 | 0100 0000 

  0x0000024b0b48be40: ;   {metadata('java/io/FileCleanable')}
  0x0000024b0b48be40: 41c7 4108 | 0d0f 0120 | 4589 610c | 4d89 6110 | 4d89 6118 | 4d89 6120 | 4d89 6128 | 4d89 6130 
  0x0000024b0b48be60: ;   {oop(a 'java/lang/Class'{0x0000000080520df0} = 'jdk/internal/ref/CleanerImpl')}
  0x0000024b0b48be60: 48bf f00d | 5280 0000 | 0000 8b6f | 708b 7d08 

  0x0000024b0b48be70: ;   {metadata('java/lang/ref/Cleaner$1')}
  0x0000024b0b48be70: 81ff 092d | 0020 0f85 | 383d 0000 

  0x0000024b0b48be7c: ;   {oop(a 'java/lang/ref/Cleaner'{0x0000000080524c78})}
  0x0000024b0b48be7c: 48bf 784c | 5280 0000 | 0000 8b7f | 0c8b 7f10 | 4489 5c24 | 6448 894c | 2468 4c89 | 4424 5845 
  0x0000024b0b48be9c: 8951 0c49 | 8bf1 4489 | 5424 604c | 8bc3 4889 | 5c24 704d | 8bd9 4d33 | c34d 8bd1 | 418b da49 
  0x0000024b0b48bebc: c1e8 144d | 85c0 741a | 49c1 eb09 | 48b9 0000 | 717e 4b02 | 0000 4903 | cb80 3902 | 0f85 b224 
  0x0000024b0b48bedc: 0000 85ff 

  0x0000024b0b48bee0: ;   {oop(a 'java/lang/ref/ReferenceQueue$Null'{0x0000000080524c30})}
  0x0000024b0b48bee0: 750c 49b8 | 304c 5280 | 0000 0000 | eb03 4c8b | c741 807f | 4000 0f85 | 0120 0000 | 4d8b d04c 
  0x0000024b0b48bf00: 8bde 4d8b | c349 8bfb | 4d8b da44 | 895f 104d | 33d0 49c1 | ea14 4d85 | d274 1a49 | c1e8 0948 
  0x0000024b0b48bf20: b900 0071 | 7e4b 0200 | 0049 03c8 | 8039 020f | 850a 2400 | 00f0 8344 | 24c0 0041 | 807f 4000 
  0x0000024b0b48bf40: 0f85 f51f | 0000 4c8b | df41 807f | 4000 0f85 | 701f 0000 | 8bd3 4189 | 5b20 4189 

  0x0000024b0b48bf5c: ;   {oop(a 'java/lang/Class'{0x0000000080520df0} = 'jdk/internal/ref/CleanerImpl')}
  0x0000024b0b48bf5c: 5b1c 49ba | f00d 5280 | 0000 0000 | 418b 6a70 

  0x0000024b0b48bf6c: ; implicit exception: dispatches to 0x0000024b0b490c64
  0x0000024b0b48bf6c: 448b 4508 

  0x0000024b0b48bf70: ;   {metadata('java/lang/ref/Cleaner$1')}
  0x0000024b0b48bf70: 4181 f809 | 2d00 200f | 8593 3c00 

  0x0000024b0b48bf7c: ;   {oop(a 'java/lang/ref/Cleaner'{0x0000000080524c78})}
  0x0000024b0b48bf7c: 0049 ba78 | 4c52 8000 | 0000 0045 | 8b42 0c41 | 8b68 0c41 | 807f 4000 | 0f85 2a20 | 0000 4189 
  0x0000024b0b48bf9c: 6b24 4c8b | d54d 8bc3 | 4d33 d049 | c1ea 144d | 85d2 0f84 | c01f 0000 | 85ed 0f84 | c01f 0000 
  0x0000024b0b48bfbc: 49c1 e809 | 48b9 0000 | 717e 4b02 | 0000 4903 | c880 3902 | 0f85 0b24 | 0000 4c8b | d548 8d9c 
  0x0000024b0b48bfdc: 24d8 0000 | 0049 8b02 | a802 0f85 | 2300 0000 | 4883 c801 | 4889 03f0 | 490f b11a | 0f84 3700 
  0x0000024b0b48bffc: 0000 482b | c448 2507 | f0ff ff48 | 8903 e924 | 0000 004c | 8bc0 4833 | c0f0 4d0f | b178 3e48 
  0x0000024b0b48c01c: c703 0300 | 0000 7411 | 4c3b f875 | 1549 ff80 | 8600 0000 | 4833 c075 | 0949 ff87 | 4805 0000 
  0x0000024b0b48c03c: 33c0 0f85 | 083c 0000 | 4180 7f40 | 000f 85e9 | 1f00 0041 | 8b5b 2441 | 895b 1c4d | 8bc3 4c8b 
  0x0000024b0b48c05c: cb4d 33c8 | 49c1 e914 | 4d85 c90f | 848a 1f00 | 0085 db0f | 848a 1f00 | 0049 c1e8 | 0948 b900 
  0x0000024b0b48c07c: ;   {no_reloc}
  0x0000024b0b48c07c: 0071 7e4b | 0200 0049 | 03c8 8039 | 020f 85b2 | 2300 0041 | 807f 4000 | 0f85 1220 | 0000 8b7b 
  0x0000024b0b48c09c: 2041 897b | 204d 8bc3 | 4c8b cf4d | 33c8 49c1 | e914 4d85 | c90f 84b4 | 1f00 0085 | ff0f 84b4 
  0x0000024b0b48c0bc: 1f00 0049 | c1e8 0948 | b900 0071 | 7e4b 0200 | 0049 03c8 | 8039 020f | 852f 2400 | 0041 807f 
  0x0000024b0b48c0dc: 4000 0f85 | 0b20 0000 | 8957 1c4c | 8bc7 4d8b | cb4d 33c8 | 49c1 e914 | 4d85 c974 | 1a49 c1e8 
  0x0000024b0b48c0fc: 0948 b900 | 0071 7e4b | 0200 0049 | 03c8 8039 | 020f 8594 | 2300 0041 | 8b5b 2485 | db0f 848d 
  0x0000024b0b48c11c: 3900 0041 | 807f 4000 | 0f85 0820 | 0000 8953 | 204d 8bc3 | 4c8b cb4d | 33c1 49c1 | e814 4d85 
  0x0000024b0b48c13c: c074 1a49 | c1e9 0948 | b900 0071 | 7e4b 0200 | 0049 03c9 | 8039 020f | 8515 2400 | 0048 8d84 
  0x0000024b0b48c15c: 24d8 0000 | 0048 8338 | 000f 8479 | 0000 004d | 8b02 41f6 | c002 0f84 | 6200 0000 

  0x0000024b0b48c178: ;   {no_reloc}
  0x0000024b0b48c178: 4983 b886 | 0000 0000 | 7409 49ff | 8886 0000 | 00eb 4b49 | 8b80 9600 | 0000 490b | 808e 0000 
  0x0000024b0b48c198: 0075 0a49 | c740 3e00 | 0000 00eb | 3d49 83b8 | 9e00 0000 | 0074 2248 | 33c0 49c7 | 403e 0000 
  0x0000024b0b48c1b8: 0000 f083 | 0424 0049 | 83b8 9e00 | 0000 0075 | 0df0 4d0f | b178 3e75 | 0583 c801 | eb0c a800 
  0x0000024b0b48c1d8: eb08 4c8b | 00f0 4d0f | b102 750a | 49ff 8f48 | 0500 0045 | 33c0 0f85 | d93a 0000 | 4c8b 5424 
  0x0000024b0b48c1f8: 684d 8953 | 2844 8b54 | 2464 4589 | 5330 488b | 7c24 7048 | 8d9c 24d8 | 0000 0048 | 8b07 a802 
  0x0000024b0b48c218: 0f85 2300 | 0000 4883 | c801 4889 | 03f0 480f | b11f 0f84 | 3700 0000 | 482b c448 | 2507 f0ff 
  0x0000024b0b48c238: ff48 8903 | e924 0000 | 004c 8bd0 | 4833 c0f0 | 4d0f b17a | 3e48 c703 | 0300 0000 | 7411 4c3b 
  0x0000024b0b48c258: f875 1549 | ff82 8600 | 0000 4833 | c075 0949 | ff87 4805 | 0000 33c0 | 0f85 1f3a | 0000 448b 
  0x0000024b0b48c278: ;   {no_reloc}
  0x0000024b0b48c278: 5424 6041 | 8b6a 2485 | ed0f 859d | 4200 0041 | 807f 4000 | 0f85 d31e | 0000 4189 | 5224 4d8b 
  0x0000024b0b48c298: d34c 8bdf | 4d33 d349 | c1ea 144d | 85d2 741a | 49c1 eb09 | 48b9 0000 | 717e 4b02 | 0000 4903 
  0x0000024b0b48c2b8: cb80 3902 | 0f85 5a23 | 0000 488d | 8424 d800 | 0000 4883 | 3800 0f84 | 7900 0000 | 4c8b 1741 
  0x0000024b0b48c2d8: f6c2 020f | 8462 0000 | 0049 83ba | 8600 0000 | 0074 0949 | ff8a 8600 | 0000 eb4b | 498b 8296 
  0x0000024b0b48c2f8: 0000 0049 | 0b82 8e00 | 0000 750a | 49c7 423e | 0000 0000 | eb3d 4983 | ba9e 0000 | 0000 7422 
  0x0000024b0b48c318: 4833 c049 | c742 3e00 | 0000 00f0 | 8304 2400 | 4983 ba9e | 0000 0000 | 750d f04d | 0fb1 7a3e 
  0x0000024b0b48c338: 7505 83c8 | 01eb 0ca8 | 00eb 084c | 8b10 f04c | 0fb1 1775 | 0a49 ff8f | 4805 0000 | 4533 d20f 
  0x0000024b0b48c358: 85a5 3900 | 0041 807f | 4000 0f85 | 301e 0000 | 488b 7c24 | 508b 5c24 | 4089 5f0c | 4c8b 5424 
  0x0000024b0b48c378: ;   {no_reloc}
  0x0000024b0b48c378: 584c 8bdf | 4d33 d349 | c1ea 144d | 85d2 741a | 49c1 eb09 | 48b9 0000 | 717e 4b02 | 0000 4903 
  0x0000024b0b48c398: cb80 3902 | 0f85 2d22 | 0000 488d | 8424 d000 | 0000 4883 | 3800 0f84 | 7900 0000 | 4c8b 1741 
  0x0000024b0b48c3b8: f6c2 020f | 8462 0000 | 0049 83ba | 8600 0000 | 0074 0949 | ff8a 8600 | 0000 eb4b | 498b 8296 
  0x0000024b0b48c3d8: 0000 0049 | 0b82 8e00 | 0000 750a | 49c7 423e | 0000 0000 | eb3d 4983 | ba9e 0000 | 0000 7422 
  0x0000024b0b48c3f8: 4833 c049 | c742 3e00 | 0000 00f0 | 8304 2400 | 4983 ba9e | 0000 0000 | 750d f04d | 0fb1 7a3e 
  0x0000024b0b48c418: 7505 83c8 | 01eb 0ca8 | 00eb 084c | 8b10 f04c | 0fb1 1775 | 0a49 ff8f | 4805 0000 | 4533 d20f 
  0x0000024b0b48c438: 858f 3500 | 004c 8b44 | 2448 410f | b668 3a85 | ed0f 8551 | 3b00 0045 | 33c9 48b9 | 0000 717e 
  0x0000024b0b48c458: 4b02 0000 | 4533 d244 | 8b5f 1845 | 85db 0f84 | 5034 0000 | 4489 5424 | 6889 5c24 | 4048 897c 
  0x0000024b0b48c478: ;   {no_reloc}
  0x0000024b0b48c478: 2460 4889 | 4c24 584c | 894c 2450 | 4c89 4424 | 4849 8bd3 | 488b 6c24 | 3066 6690 

  0x0000024b0b48c494: ;   {optimized virtual_call}
  0x0000024b0b48c494: c5f8 77e8 

  0x0000024b0b48c498: ; ImmutableOopMap {rbp=Oop [32]=Oop [40]=Oop [48]=Oop [64]=NarrowOop [68]=NarrowOop [72]=Oop [96]=Oop }
                      ;*invokevirtual length {reexecute=0 rethrow=0 return_oop=0}
                      ; - jdk.internal.loader.URLClassPath$FileLoader$1::getContentLength@4
                      ; - jdk.internal.loader.Resource::getBytes@10
                      ; - java.net.URLClassLoader::defineClass@179
  0x0000024b0b48c498: e425 0aff 

  0x0000024b0b48c49c: ;   {other}
  0x0000024b0b48c49c: 0f1f 8400 | 0c20 000d | 4d8b 9fb8 | 0100 004d | 8bd3 4983 | c210 448b | c84d 3b97 | c801 0000 
  0x0000024b0b48c4bc: 0f83 d62d | 0000 4d89 | 97b8 0100 | 0041 0f18 | 8200 0100 | 0049 c703 | 0100 0000 | 410f 1882 
  0x0000024b0b48c4dc: 4001 0000 

  0x0000024b0b48c4e0: ;   {metadata({type array byte})}
  0x0000024b0b48c4e0: 41c7 4308 | 4581 0020 | 410f 1882 | 8001 0000 | 4589 630c | 4183 f9ff | 0f84 da3a | 0000 4585 
  0x0000024b0b48c500: c97f 168b | 4c24 4085 | c90f 8449 | 4000 0044 | 8b44 2468 | e933 0200 | 008b 4c24 | 4048 8bf9 
  0x0000024b0b48c520: 33db 458b | 430c 413b | d80f 8ce0 | 1600 0041 | 8bf1 2bf3 | 458d 9000 | 0400 0041 | 3bf2 410f 
  0x0000024b0b48c540: 4ff2 85f6 | 0f8c de33 | 0000 448d | 1433 498b | d348 83c2 | 1045 3bd0 | 0f84 dc15 | 0000 4181 
  0x0000024b0b48c560: fa00 0010 | 000f 8787 | 3200 0049 | 63c2 453b | c241 8be8 | 410f 4fea | 443b c50f | 82e5 3200 
  0x0000024b0b48c580: 0044 3bd5 | 0f82 dc32 | 0000 4883 | c017 4c8b | c049 83e0 | f841 81fa | 0000 1000 | 0f87 cb29 
  0x0000024b0b48c5a0: 0000 4c89 | 8424 a000 | 0000 4889 | 8424 9800 | 0000 4889 | 9424 9000 | 0000 4489 | 9424 8800 
  0x0000024b0b48c5c0: 0000 89b4 | 2484 0000 | 0089 9c24 | 8000 0000 | 4889 7c24 | 7844 894c | 246c 4c89 

  0x0000024b0b48c5dc: ;   {no_reloc}
  0x0000024b0b48c5dc: 5c24 7089 | 4c24 404d | 8b97 b801 | 0000 4d8b | da4d 8bc2 | 4c8b 9424 | a000 0000 | 4d03 c24d 
  0x0000024b0b48c5fc: 3b87 c801 | 0000 0f83 | a629 0000 | 4d89 87b8 | 0100 0041 | 0f18 8000 | 0100 0049 | c703 0100 
  0x0000024b0b48c61c: 0000 410f | 1880 4001 

  0x0000024b0b48c624: ;   {metadata({type array byte})}
  0x0000024b0b48c624: 0000 41c7 | 4308 4581 | 0020 448b | 9424 8800 | 0000 4589 | 530c 410f | 1880 8001 | 0000 4d8b 
  0x0000024b0b48c644: c349 83c0 | 104c 8b8c | 2498 0000 | 0049 c1e9 | 0385 ed0f | 849d 3100 | 0041 3bea | 0f8c 0817 
  0x0000024b0b48c664: 0000 498b | db4c 8b94 | 24a0 0000 | 0049 83c2 | f049 c1ea | 0348 8b8c | 2490 0000 | 0049 8bd0 
  0x0000024b0b48c684: 4d8b c2c5 | f877 49ba | 6081 510a | 4b02 0000 

  0x0000024b0b48c694: ;   {other}
  0x0000024b0b48c694: 41ff d20f | 1f84 0000 | 0000 004c | 8bdb 4c89 | 9c24 8800 | 0000 8b4c | 2440 448b | 4c24 6c48 
  0x0000024b0b48c6b4: 8b7c 2478 | 8b9c 2480 | 0000 0044 | 8b94 2484 | 0000 0044 

  0x0000024b0b48c6c8: ;   {metadata('java/util/zip/ZipFile$ZipFileInflaterInputStream')}
  0x0000024b0b48c6c8: 8b41 0841 | 81f8 771a | 0120 0f85 | 1827 0000 | 895c 246c | 418b e989 | 4c24 4048 | 897c 2470 
  0x0000024b0b48c6e8: 4c8b df49 | 8bd3 4c8b | 8424 8800 | 0000 448b | cb41 8bfa | 4c89 9c24 | 8000 0000 

  0x0000024b0b48c704: ;   {optimized virtual_call}
  0x0000024b0b48c704: c5f8 77e8 

  0x0000024b0b48c708: ; ImmutableOopMap {[32]=Oop [40]=Oop [48]=Oop [64]=NarrowOop [68]=NarrowOop [72]=Oop [96]=Oop [112]=Oop [128]=Oop [136]=Oop }
                      ;*invokevirtual read {reexecute=0 rethrow=0 return_oop=0}
                      ; - jdk.internal.loader.Resource::getBytes@117
                      ; - java.net.URLClassLoader::defineClass@179
  0x0000024b0b48c708: 7423 0aff 

  0x0000024b0b48c70c: ;   {other}
  0x0000024b0b48c70c: 0f1f 8400 | 7c22 000e | 448b d845 | 85db 0f8c | e431 0000 | 448b 5424 | 6c45 03d3 | 448b 4424 
  0x0000024b0b48c72c: 684d 8b8f 

  0x0000024b0b48c730: ; ImmutableOopMap {[32]=Oop [40]=Oop [48]=Oop [64]=NarrowOop [68]=NarrowOop [72]=Oop [96]=Oop [112]=Oop [136]=Oop }
                      ;*goto {reexecute=1 rethrow=0 return_oop=0}
                      ; - (reexecute) jdk.internal.loader.Resource::getBytes@179
                      ; - java.net.URLClassLoader::defineClass@179
  0x0000024b0b48c730: 5004 0000 

  0x0000024b0b48c734: ;   {poll}
  0x0000024b0b48c734: 4185 0144 | 3bd5 0f8c | 30f1 ffff | 8b4c 2440 | 4c8b 9c24 | 8800 0000 | 448b 5108 

  0x0000024b0b48c750: ;   {metadata('java/util/zip/ZipFile$ZipFileInflaterInputStream')}
  0x0000024b0b48c750: 488b d141 | 81fa 771a | 0120 0f85 | e627 0000 | 4c89 5c24 | 4841 8be8 

  0x0000024b0b48c768: ;   {optimized virtual_call}
  0x0000024b0b48c768: c5f8 77e8 

  0x0000024b0b48c76c: ; ImmutableOopMap {[32]=Oop [40]=Oop [48]=Oop [68]=NarrowOop [72]=Oop [96]=Oop }
                      ;*invokevirtual close {reexecute=0 rethrow=0 return_oop=0}
                      ; - jdk.internal.loader.Resource::getBytes@183
                      ; - java.net.URLClassLoader::defineClass@179
  0x0000024b0b48c76c: 1023 0aff 

  0x0000024b0b48c770: ;   {other}
  0x0000024b0b48c770: 0f1f 8400 | e022 0010 | 448b dd85 | ed0f 85a7 | 3800 004c | 8b54 2448 | 4c89 5424 | 6848 ff74 
  0x0000024b0b48c790: 2450 488f | 4424 60e9 | 08ec ffff 

  0x0000024b0b48c79c: ;   {metadata('jdk/internal/loader/URLClassPath$FileLoader$1')}
  0x0000024b0b48c79c: 4181 fbe0 | 820d 200f | 854e 3200 | 004c 8bde | 458b 431c 

  0x0000024b0b48c7b0: ; implicit exception: dispatches to 0x0000024b0b490bcc
  0x0000024b0b48c7b0: 458b 700c | e9f8 e4ff 

  0x0000024b0b48c7b8: ;   {metadata('jdk/internal/loader/URLClassPath$FileLoader$1')}
  0x0000024b0b48c7b8: ff41 81fb | e082 0d20 | 0f85 6735 | 0000 33c0 | 4c89 6c24 | 48e9 c8e8 

  0x0000024b0b48c7d0: ;   {metadata('jdk/internal/loader/URLClassPath$FileLoader$1')}
  0x0000024b0b48c7d0: ffff 4181 | f8e0 820d | 200f 8589 | 3500 0044 | 8944 2450 | 4c89 6c24 | 4844 8974 | 2444 4889 
  0x0000024b0b48c7f0: 7424 204c | 8bd6 4c89 | 5424 5849 | 8b87 b801 | 0000 4c8b | d049 83c2 | 204d 3b97 | c801 0000 
  0x0000024b0b48c810: 0f83 1f2d | 0000 4d89 | 97b8 0100 | 0041 0f18 | 8200 0100 | 0048 c700 | 0100 0000 

  0x0000024b0b48c82c: ;   {metadata('java/io/FileInputStream')}
  0x0000024b0b48c82c: c740 0812 | e000 2044 | 8960 0c4c | 8960 104c | 8960 184c | 8bd0 4c89 | 5424 604c | 8b54 2458 
  0x0000024b0b48c84c: 458b 5a18 | 4489 5c24 | 5449 8b87 | b801 0000 | 4c8b d049 | 83c2 104d | 3b97 c801 | 0000 0f83 
  0x0000024b0b48c86c: a02c 0000 | 4d89 97b8 | 0100 0041 | 0f18 8200 | 0100 0048 | c700 0100 

  0x0000024b0b48c884: ;   {metadata('java/lang/Object')}
  0x0000024b0b48c884: 0000 c740 | 0849 8200 | 2044 8960 | 0c4c 8b54 | 2460 4c8b | c04c 8b5c | 2460 4589 | 431c 4c8b 
  0x0000024b0b48c8a4: d84d 33da | 49c1 eb14 | 4d85 db74 | 1a49 c1ea | 0948 b900 | 0071 7e4b | 0200 0049 | 03ca 8039 
  0x0000024b0b48c8c4: 020f 8520 | 2100 0044 | 8b5c 2454 

  0x0000024b0b48c8d0: ; implicit exception: dispatches to 0x0000024b0b490ed4
  0x0000024b0b48c8d0: 458b 5310 | 4489 5424 | 6845 0fbe | 4210 418b | 6b14 4c89 | 5424 7085 | ed0f 85e9 | 0b00 0044 
  0x0000024b0b48c8f0: 8b54 2468 | 458b 5a14 | 448b 4c24 | 5449 8be9 | 4585 c00f | 8544 1300 | 0045 8b4b | 0cc4 423a 
  0x0000024b0b48c910: f7c1 453b | c145 8bd0 | 450f 4fd1 | 458b c245 | 85d2 0f8e | 7413 0000 | 453b ca0f | 8223 3600 
  0x0000024b0b48c930: 004d 8bd3 | 498d 7b10 | 418b d033 | c048 8bdf | 83fa 100f | 8c79 0000 | 0083 fa20 | 0f8c 3600 
  0x0000024b0b48c950: 0000 c5f9 | 6ec8 c4e2 | 7d78 c9c5 | edef d28b | ca83 e1e0 | 83e2 1fc5 | fe6f 03c5 | fd74 c1c4 
  0x0000024b0b48c970: e27d 17d0 | 0f83 6900 | 0000 4883 | c320 83e9 | 2075 e4e9 

  0x0000024b0b48c984: ;   {no_reloc}
  0x0000024b0b48c984: 0d00 0000 | c5f9 6ec8 | c5e9 efd2 | c4e2 7100 | ca83 fa10 | 0f8c 2400 | 0000 8bca | 83e1 f083 
  0x0000024b0b48c9a4: e20f c5fa | 6f03 c5f9 | 74c1 c4e2 | 7917 d00f | 832a 0000 | 0048 83c3 | 1083 e910 | 75e4 85d2 
  0x0000024b0b48c9c4: 0f84 1200 | 0000 0fb6 | 0b3b c174 | 1c48 83c3 | 0183 ea01 | 7402 ebee | bbff ffff | ffeb 0dc5 
  0x0000024b0b48c9e4: fdd7 c80f | bcc1 4803 | d848 2bdf | 448b c345 | 85c0 0f8d | 983c 0000 | 4180 7f40 | 000f 85b6 
  0x0000024b0b48ca04: 2400 0044 | 8b5c 2454 

  0x0000024b0b48ca0c: ;   {oop(a 'java/io/File$PathStatus'{0x0000000080521028})}
  0x0000024b0b48ca0c: 41c7 4314 | 2810 5280 

  0x0000024b0b48ca14: ;   {oop(a 'java/io/File$PathStatus'{0x0000000080521028})}
  0x0000024b0b48ca14: 49ba 2810 | 5280 0000 | 0000 4c8b | dd4d 33d3 | 49c1 ea14 | 4d85 d274 | 1a49 c1eb | 0948 b900 
  0x0000024b0b48ca34: 0071 7e4b | 0200 0049 | 03cb 8039 | 020f 85ae | 2400 004d | 8b97 b801 | 0000 4d8b | da49 83c3 
  0x0000024b0b48ca54: 284d 3b9f | c801 0000 | 0f83 f72a | 0000 4d89 | 9fb8 0100 | 0041 0f18 | 8300 0100 | 0049 c702 
  0x0000024b0b48ca74: 0100 0000 

  0x0000024b0b48ca78: ;   {metadata('java/io/FileDescriptor')}
  0x0000024b0b48ca78: 41c7 4208 | 6be0 0020 | 4d89 6218 | 4d89 6220 | 41c7 420c | ffff ffff | 49c7 4210 | ffff ffff 
  0x0000024b0b48ca98: 4180 7f40 | 000f 85ca | 1b00 004c | 8954 2478 | 4d8b da4c | 8b54 2460 | 4589 5a10 | 4c8b 5424 
  0x0000024b0b48cab8: 784c 8b5c | 2460 4d33 | d349 c1ea | 144d 85d2 | 741a 49c1 | eb09 48b9 | 0000 717e | 4b02 0000 
  0x0000024b0b48cad8: 4903 cb80 | 3902 0f85 | 581f 0000 | 4c8b 5c24 | 7848 8d9c | 24d8 0000 | 0049 8b03 | a802 0f85 
  0x0000024b0b48caf8: 2300 0000 | 4883 c801 | 4889 03f0 | 490f b11b | 0f84 3700 | 0000 482b | c448 2507 | f0ff ff48 
  0x0000024b0b48cb18: 8903 e924 | 0000 004c | 8bd0 4833 | c0f0 4d0f | b17a 3e48 | c703 0300 | 0000 7411 | 4c3b f875 
  0x0000024b0b48cb38: 1549 ff82 | 8600 0000 | 4833 c075 | 0949 ff87 | 4805 0000 | 33c0 0f85 | 5432 0000 | 4c8b 5424 
  0x0000024b0b48cb58: 7841 8b6a | 1c85 ed0f | 8593 3700 | 0041 807f | 4000 0f85 | 6f1b 0000 | 4c8b 5424 

  0x0000024b0b48cb74: ;   {no_reloc}
  0x0000024b0b48cb74: 784c 8b5c | 2460 4c8b | 4424 7845 | 8958 1c4c | 8b5c 2460 | 4d33 da49 | c1eb 144d | 85db 741a 
  0x0000024b0b48cb94: 49c1 ea09 | 48b9 0000 | 717e 4b02 | 0000 4903 | ca80 3902 | 0f85 f21e | 0000 4c8b | 5c24 7848 
  0x0000024b0b48cbb4: 8d84 24d8 | 0000 0048 | 8338 000f | 8479 0000 | 004d 8b13 | 41f6 c202 | 0f84 6200 | 0000 4983 
  0x0000024b0b48cbd4: ba86 0000 | 0000 7409 | 49ff 8a86 | 0000 00eb | 4b49 8b82 | 9600 0000 | 490b 828e | 0000 0075 
  0x0000024b0b48cbf4: 0a49 c742 | 3e00 0000 | 00eb 3d49 | 83ba 9e00 | 0000 0074 | 2248 33c0 | 49c7 423e | 0000 0000 
  0x0000024b0b48cc14: f083 0424 | 0049 83ba | 9e00 0000 | 0075 0df0 | 4d0f b17a | 3e75 0583 | c801 eb0c | a800 eb08 
  0x0000024b0b48cc34: 4c8b 10f0 | 4d0f b113 | 750a 49ff | 8f48 0500 | 0045 33d2 | 0f85 8331 | 0000 4180 | 7f40 000f 
  0x0000024b0b48cc54: 854e 1a00 | 004c 8b54 | 2460 448b | 5c24 6845 | 895a 144c | 8b54 2470 | 4c8b 5c24 | 604d 33d3 
  0x0000024b0b48cc74: ;   {no_reloc}
  0x0000024b0b48cc74: 49c1 ea14 | 4d85 d274 | 1a49 c1eb | 0948 b900 | 0071 7e4b | 0200 0049 | 03cb 8039 | 020f 855a 
  0x0000024b0b48cc94: ;   {oop(a 'java/lang/Class'{0x00000000817cb260} = 'jdk/internal/misc/VM')}
  0x0000024b0b48cc94: 1e00 0049 | ba60 b27c | 8100 0000 | 0041 8baa | 9400 0000 | 83fd 040f | 8c7b 3600 | 004d 8b97 
  0x0000024b0b48ccb4: 7803 0000 | 498b 2a44 

  0x0000024b0b48ccbc: ;   {metadata('jdk/internal/misc/CarrierThread')}
  0x0000024b0b48ccbc: 8b55 0841 | 81fa 721e | 0020 0f84 | 1c2e 0000 | 488b 5424 | 604c 8b44 | 2470 488b | 6c24 3090 
  0x0000024b0b48ccdc: ;   {optimized virtual_call}
  0x0000024b0b48ccdc: c5f8 77e8 

  0x0000024b0b48cce0: ; ImmutableOopMap {rbp=Oop [32]=Oop [40]=Oop [48]=Oop [68]=NarrowOop [72]=Oop [88]=Oop [96]=Oop }
                      ;*invokevirtual open0 {reexecute=0 rethrow=0 return_oop=0}
                      ; - java.io.FileInputStream::open@6
                      ; - java.io.FileInputStream::<init>@96
                      ; - jdk.internal.loader.URLClassPath$FileLoader$1::getInputStream@8
                      ; - jdk.internal.loader.Resource::cachedInputStream@9
                      ; - jdk.internal.loader.Resource::getByteBuffer@1
                      ; - java.net.URLClassLoader::defineClass@132
  0x0000024b0b48cce0: 9c1d 0aff 

  0x0000024b0b48cce4: ;   {other}
  0x0000024b0b48cce4: 0f1f 8400 | 5428 0011 | 4c8b 5424 | 6045 8b5a | 1044 895c | 2454 4d8b | 5310 4c89 | 5424 6849 
  0x0000024b0b48cd04: 83fa ff0f | 848b 3800 | 0045 8b53 | 0c44 8954 | 2470 4d8b | 97b8 0100 | 004d 8bda | 4983 c338 
  0x0000024b0b48cd24: 448b 4c24 | 544d 8bc1 | 4c89 4424 | 784d 3b9f | c801 0000 | 0f83 4228 | 0000 4d89 | 9fb8 0100 
  0x0000024b0b48cd44: 0041 0f18 | 8300 0100 | 0049 c702 | 0100 0000 

  0x0000024b0b48cd54: ;   {metadata('java/io/FileCleanable')}
  0x0000024b0b48cd54: 41c7 4208 | 0d0f 0120 | 4589 620c | 4d89 6210 | 4d89 6218 | 4d89 6220 | 4d89 6228 | 4d89 6230 
  0x0000024b0b48cd74: 4c89 9424 | 8000 0000 

  0x0000024b0b48cd7c: ;   {oop(a 'java/lang/Class'{0x0000000080520df0} = 'jdk/internal/ref/CleanerImpl')}
  0x0000024b0b48cd7c: 49ba f00d | 5280 0000 | 0000 418b | 6a70 448b 

  0x0000024b0b48cd8c: ;   {metadata('java/lang/ref/Cleaner$1')}
  0x0000024b0b48cd8c: 5508 4181 | fa09 2d00 | 200f 8563 

  0x0000024b0b48cd98: ;   {oop(a 'java/lang/ref/Cleaner'{0x0000000080524c78})}
  0x0000024b0b48cd98: 3000 0049 | ba78 4c52 | 8000 0000 | 0045 8b52 | 0c41 8b7a | 104c 8b94 | 2480 0000 | 0044 8b5c 
  0x0000024b0b48cdb8: 2454 4589 | 5a0c 4c8b | 5424 784c | 8b9c 2480 | 0000 004d | 33d3 4c8b | 8424 8000 | 0000 4d8b 
  0x0000024b0b48cdd8: c844 894c | 2474 49c1 | ea14 4d85 | d274 1a49 | c1eb 0948 | b900 0071 | 7e4b 0200 | 0049 03cb 
  0x0000024b0b48cdf8: 8039 020f | 8592 1d00 | 0085 ff75 

  0x0000024b0b48ce04: ;   {oop(a 'java/lang/ref/ReferenceQueue$Null'{0x0000000080524c30})}
  0x0000024b0b48ce04: 0c48 bb30 | 4c52 8000 | 0000 00eb | 0348 8bdf | 4180 7f40 | 000f 852e | 1900 004c | 8b94 2480 
  0x0000024b0b48ce24: 0000 004c | 8bc3 4c8b | 9c24 8000 | 0000 4589 | 4310 4c8b | db4d 33da | 49c1 eb14 | 4d85 db74 
  0x0000024b0b48ce44: 1a49 c1ea | 0948 b900 | 0071 7e4b | 0200 0049 | 03ca 8039 | 020f 85e3 | 1c00 00f0 | 8344 24c0 
  0x0000024b0b48ce64: 0041 807f | 4000 0f85 | 1819 0000 | 4180 7f40 | 000f 8597 | 1800 004c | 8b94 2480 | 0000 0044 
  0x0000024b0b48ce84: 8b44 2474 | 4589 4220 | 4589 421c 

  0x0000024b0b48ce90: ;   {oop(a 'java/lang/Class'{0x0000000080520df0} = 'jdk/internal/ref/CleanerImpl')}
  0x0000024b0b48ce90: 49ba f00d | 5280 0000 | 0000 418b | 6a70 448b 

  0x0000024b0b48cea0: ;   {metadata('java/lang/ref/Cleaner$1')}
  0x0000024b0b48cea0: 5508 4181 | fa09 2d00 | 200f 8585 

  0x0000024b0b48ceac: ;   {oop(a 'java/lang/ref/Cleaner'{0x0000000080524c78})}
  0x0000024b0b48ceac: 2f00 0049 | ba78 4c52 | 8000 0000 | 0045 8b52 | 0c41 8b6a | 0c41 807f | 4000 0f85 | 5019 0000 
  0x0000024b0b48cecc: 4c8b 9424 | 8000 0000 | 4189 6a24 | 4c8b d54c | 8b9c 2480 | 0000 004d | 33d3 49c1 | ea14 4d85 
  0x0000024b0b48ceec: d20f 84d0 | 1800 0085 | ed0f 84d0 | 1800 0049 | c1eb 0948 | b900 0071 | 7e4b 0200 | 0049 03cb 
  0x0000024b0b48cf0c: 8039 020f | 85cf 1c00 | 004c 8bd5 | 4c89 9424 | 8800 0000 | 4c8b 9c24 | 8800 0000 | 488d 9c24 
  0x0000024b0b48cf2c: d800 0000 | 498b 03a8 | 020f 8523 | 0000 0048 | 83c8 0148 | 8903 f049 | 0fb1 1b0f | 8437 0000 
  0x0000024b0b48cf4c: 0048 2bc4 | 4825 07f0 | ffff 4889 | 03e9 2400 | 0000 4c8b | d048 33c0 | f04d 0fb1 | 7a3e 48c7 
  0x0000024b0b48cf6c: 0303 0000 | 0074 114c | 3bf8 7515 | 49ff 8286 | 0000 0048 | 33c0 7509 | 49ff 8748 | 0500 0033 
  0x0000024b0b48cf8c: c00f 85d9 | 2e00 0041 | 807f 4000 | 0f85 fa18 | 0000 4c8b | 9424 8000 | 0000 418b | 7a24 4189 
  0x0000024b0b48cfac: ;   {no_reloc}
  0x0000024b0b48cfac: 7a1c 4c8b | df4d 33da | 49c1 eb14 | 4d85 db0f | 8496 1800 | 0085 ff0f | 8496 1800 | 0049 c1ea 
  0x0000024b0b48cfcc: 0948 b900 | 0071 7e4b | 0200 0049 | 03ca 8039 | 020f 855f | 1c00 0041 | 807f 4000 | 0f85 2619 
  0x0000024b0b48cfec: 0000 8b5f | 204c 8b94 | 2480 0000 | 0041 895a | 204c 8bdb | 4d33 da49 | c1eb 144d | 85db 0f84 
  0x0000024b0b48d00c: c318 0000 | 85db 0f84 | c318 0000 | 49c1 ea09 | 48b9 0000 | 717e 4b02 | 0000 4903 | ca80 3902 
  0x0000024b0b48d02c: 0f85 6e1c | 0000 4180 | 7f40 000f | 8512 1900 | 0044 8b5c | 2474 4489 | 5b1c 4c8b | d34c 8b9c 
  0x0000024b0b48d04c: 2480 0000 | 004d 33da | 49c1 eb14 | 4d85 db74 | 1a49 c1ea | 0948 b900 | 0071 7e4b | 0200 0049 
  0x0000024b0b48d06c: 03ca 8039 | 020f 8587 | 1c00 004c | 8b94 2480 | 0000 0041 | 8b7a 2485 | ff0f 8489 | 2a00 0041 
  0x0000024b0b48d08c: 807f 4000 | 0f85 ec18 | 0000 448b | 5424 7444 | 8957 204c | 8b94 2480 | 0000 004c | 8bdf 4d33 
  0x0000024b0b48d0ac: ;   {no_reloc}
  0x0000024b0b48d0ac: d349 c1ea | 144d 85d2 | 741a 49c1 | eb09 48b9 | 0000 717e | 4b02 0000 | 4903 cb80 | 3902 0f85 
  0x0000024b0b48d0cc: 7f1c 0000 | 4c8b 9c24 | 8800 0000 | 488d 8424 | d800 0000 | 4883 3800 | 0f84 7900 | 0000 4d8b 
  0x0000024b0b48d0ec: 1341 f6c2 | 020f 8462 | 0000 0049 | 83ba 8600 | 0000 0074 | 0949 ff8a | 8600 0000 | eb4b 498b 
  0x0000024b0b48d10c: 8296 0000 | 0049 0b82 | 8e00 0000 | 750a 49c7 | 423e 0000 | 0000 eb3d | 4983 ba9e | 0000 0000 
  0x0000024b0b48d12c: 7422 4833 | c049 c742 | 3e00 0000 | 00f0 8304 | 2400 4983 | ba9e 0000 | 0000 750d | f04d 0fb1 
  0x0000024b0b48d14c: 7a3e 7505 | 83c8 01eb | 0ca8 00eb | 084c 8b10 | f04d 0fb1 | 1375 0a49 | ff8f 4805 | 0000 4533 
  0x0000024b0b48d16c: d20f 851a | 2d00 004c | 8b94 2480 | 0000 004c | 8b5c 2468 | 4d89 5a28 | 448b 4424 | 7045 8942 
  0x0000024b0b48d18c: 304c 8b5c | 2478 488d | 9c24 d800 | 0000 498b | 03a8 020f | 8523 0000 | 0048 83c8 | 0148 8903 
  0x0000024b0b48d1ac: ;   {no_reloc}
  0x0000024b0b48d1ac: f049 0fb1 | 1b0f 8437 | 0000 0048 | 2bc4 4825 | 07f0 ffff | 4889 03e9 | 2400 0000 | 4c8b d048 
  0x0000024b0b48d1cc: 33c0 f04d | 0fb1 7a3e | 48c7 0303 | 0000 0074 | 114c 3bf8 | 7515 49ff | 8286 0000 | 0048 33c0 
  0x0000024b0b48d1ec: 7509 49ff | 8748 0500 | 0033 c00f | 85bb 2c00 | 0044 8b54 | 2454 418b | 6a24 85ed | 0f85 d233 
  0x0000024b0b48d20c: 0000 4180 | 7f40 000f | 859c 1700 | 0044 8b54 | 2454 448b | 4424 7445 | 8942 244c | 8b94 2480 
  0x0000024b0b48d22c: 0000 004c | 8b44 2478 | 4d8b d84d | 33d3 49c1 | ea14 4d85 | d274 1a49 | c1eb 0948 | b900 0071 
  0x0000024b0b48d24c: 7e4b 0200 | 0049 03cb | 8039 020f | 8543 1b00 | 0048 8d84 | 24d8 0000 | 0048 8338 | 000f 8479 
  0x0000024b0b48d26c: 0000 004d | 8b10 41f6 | c202 0f84 | 6200 0000 | 4983 ba86 | 0000 0000 | 7409 49ff | 8a86 0000 
  0x0000024b0b48d28c: 00eb 4b49 | 8b82 9600 | 0000 490b | 828e 0000 | 0075 0a49 | c742 3e00 | 0000 00eb 

  0x0000024b0b48d2a8: ;   {no_reloc}
  0x0000024b0b48d2a8: 3d49 83ba | 9e00 0000 | 0074 2248 | 33c0 49c7 | 423e 0000 | 0000 f083 | 0424 0049 | 83ba 9e00 
  0x0000024b0b48d2c8: 0000 0075 | 0df0 4d0f | b17a 3e75 | 0583 c801 | eb0c a800 | eb08 4c8b | 10f0 4d0f | b110 750a 
  0x0000024b0b48d2e8: 49ff 8f48 | 0500 0045 | 33d2 0f85 | e52b 0000 | 488b 5c24 | 60e9 15df | ffff 41bb | ffff ffff 
  0x0000024b0b48d308: 4489 5c24 | 40e9 7ed9 | ffff 448b | 5520 4585 | d20f 8473 | e1ff ff4d | 8b5f 2849 | 8bca 4d85 
  0x0000024b0b48d328: db0f 84c9 | 1f00 004d | 8b57 384b | 894c 1af8 | 4983 c3f8 | 4d89 5f28 | e94d e1ff | ff4d 8b57 
  0x0000024b0b48d348: 584d 8b5f | 48f0 8344 | 24c0 0080 | 3900 0f84 | 6ee1 ffff | 4488 214d | 85db 7520 | 498b d7c5 
  0x0000024b0b48d368: f877 49ba | 50ed c400 | fc7f 0000 

  0x0000024b0b48d374: ;   {other}
  0x0000024b0b48d374: 41ff d20f | 1f84 0000 | 0000 00e9 | 46e1 ffff | 4b89 4c1a | f849 83c3 | f84d 895f | 48e9 34e1 
  0x0000024b0b48d394: ffff 448b | 5314 4585 | d20f 84fd | daff ff4d | 8b5f 2849 | 8bca 4d85 | db0f 84f1 | 2100 004d 
  0x0000024b0b48d3b4: 8b57 384b | 894c 1af8 | 4983 c3f8 | 4d89 5f28 | e9d7 daff | ff4d 8b57 | 584d 8b5f | 48f0 8344 
  0x0000024b0b48d3d4: 24c0 0080 | 3900 0f84 | f3da ffff | 4488 214d | 85db 7520 | 498b d7c5 | f877 49ba | 50ed c400 
  0x0000024b0b48d3f4: fc7f 0000 

  0x0000024b0b48d3f8: ;   {other}
  0x0000024b0b48d3f8: 41ff d20f | 1f84 0000 | 0000 00e9 | cbda ffff | 4b89 4c1a | f849 83c3 | f84d 895f | 48e9 b9da 
  0x0000024b0b48d418: ffff 488b | 7c24 2044 | 8b57 0c45 | 85d2 0f84 | fbdd ffff | 4d8b 5f28 | 498b ca4d | 85db 0f84 
  0x0000024b0b48d438: c021 0000 | 4d8b 5738 | 4b89 4c1a | f849 83c3 | f84d 895f | 28e9 d5dd | ffff 4d8b | 5748 4d8b 
  0x0000024b0b48d458: 5f58 f083 | 4424 c000 | 8039 000f | 84f6 ddff | ff44 8821 | 4d85 d275 | 2049 8bd7 | c5f8 7749 
  0x0000024b0b48d478: ba50 edc4 | 00fc 7f00 | 0041 ffd2 

  0x0000024b0b48d484: ;   {other}
  0x0000024b0b48d484: 0f1f 8400 | 0000 0000 | e9ce ddff | ff4b 894c | 13f8 4983 | c2f8 4d89 | 5748 e9bc 

  0x0000024b0b48d4a0: ;   {oop(a 'java/io/File$PathStatus'{0x0000000080b4e4a8})}
  0x0000024b0b48d4a0: ddff ff81 | fda8 e4b4 | 800f 85c7 | e6ff ffba | 45ff ffff | 4c8b 5424 | 304c 8954 | 2420 448b 
  0x0000024b0b48d4c0: 5424 4444 | 8954 2440 

  0x0000024b0b48d4c8: ;   {runtime_call UncommonTrapBlob}
  0x0000024b0b48d4c8: c5f8 77e8 

  0x0000024b0b48d4cc: ; ImmutableOopMap {rbp=NarrowOop [32]=Oop [40]=Oop [64]=NarrowOop [80]=Oop [88]=Oop [100]=NarrowOop }
                      ;*if_acmpne {reexecute=1 rethrow=0 return_oop=0}
                      ; - (reexecute) java.io.File::isInvalid@38
                      ; - java.io.FileInputStream::<init>@54
                      ; - jdk.internal.loader.URLClassPath$FileLoader$1::getInputStream@8
                      ; - jdk.internal.loader.Resource::cachedInputStream@9
                      ; - jdk.internal.loader.Resource::getBytes@1
                      ; - java.net.URLClassLoader::defineClass@179
  0x0000024b0b48d4cc: 3071 0aff 

  0x0000024b0b48d4d0: ;   {other}
  0x0000024b0b48d4d0: 0f1f 8400 | 4030 0012 

  0x0000024b0b48d4d8: ;   {oop(a 'java/io/File$PathStatus'{0x0000000080b4e4a8})}
  0x0000024b0b48d4d8: 81fd a8e4 | b480 0f85 | 63f5 ffff | ba45 ffff | ff44 8b5c | 2444 4489 | 5c24 404c | 8b54 2458 
  0x0000024b0b48d4f8: 4c89 5424 | 5066 6690 

  0x0000024b0b48d500: ;   {runtime_call UncommonTrapBlob}
  0x0000024b0b48d500: c5f8 77e8 

  0x0000024b0b48d504: ; ImmutableOopMap {rbp=NarrowOop [32]=Oop [40]=Oop [48]=Oop [64]=NarrowOop [80]=Oop [88]=Oop [96]=Oop [104]=NarrowOop }
                      ;*if_acmpne {reexecute=1 rethrow=0 return_oop=0}
                      ; - (reexecute) java.io.File::isInvalid@38
                      ; - java.io.FileInputStream::<init>@54
                      ; - jdk.internal.loader.URLClassPath$FileLoader$1::getInputStream@8
                      ; - jdk.internal.loader.Resource::cachedInputStream@9
                      ; - jdk.internal.loader.Resource::getByteBuffer@1
                      ; - java.net.URLClassLoader::defineClass@132
  0x0000024b0b48d504: f870 0aff 

  0x0000024b0b48d508: ;   {other}
  0x0000024b0b48d508: 0f1f 8400 | 7830 0013 | 450f b65a | 1145 85db | 0f85 94da | ffff 4c89 | 4424 6844 | 8954 2458 
  0x0000024b0b48d528: 4889 7c24 | 504c 896c | 2448 4489 | 7424 4448 | 8974 2420 | 488b 6c24 | 2866 6690 

  0x0000024b0b48d544: ;   {static_call}
  0x0000024b0b48d544: c5f8 77e8 

  0x0000024b0b48d548: ; ImmutableOopMap {rbp=Oop [32]=Oop [48]=Oop [68]=NarrowOop [72]=Oop [80]=Oop [88]=NarrowOop [104]=Oop [144]=Oop }
                      ;*invokestatic beginInit {reexecute=0 rethrow=0 return_oop=1}
                      ; - java.util.jar.JarFile::ensureInitialization@31
                      ; - java.util.jar.JavaUtilJarAccessImpl::ensureInitialization@1
                      ; - jdk.internal.loader.URLClassPath$JarLoader$2::getManifest@10
                      ; - java.net.URLClassLoader::defineClass@34
  0x0000024b0b48d548: 341b 0aff 

  0x0000024b0b48d54c: ;   {other}
  0x0000024b0b48d54c: 0f1f 8400 | bc30 0014 | 4889 4424 | 2848 8b54 | 2468 6690 

  0x0000024b0b48d560: ;   {optimized virtual_call}
  0x0000024b0b48d560: c5f8 77e8 

  0x0000024b0b48d564: ; ImmutableOopMap {rbp=Oop [32]=Oop [40]=Oop [48]=Oop [68]=NarrowOop [72]=Oop [80]=Oop [88]=NarrowOop [104]=Oop [144]=Oop }
                      ;*invokevirtual initializeVerifier {reexecute=0 rethrow=0 return_oop=0}
                      ; - java.util.jar.JarFile::ensureInitialization@36
                      ; - java.util.jar.JavaUtilJarAccessImpl::ensureInitialization@1
                      ; - jdk.internal.loader.URLClassPath$JarLoader$2::getManifest@10
                      ; - java.net.URLClassLoader::defineClass@34
  0x0000024b0b48d564: 1815 0aff 

  0x0000024b0b48d568: ;   {other}
  0x0000024b0b48d568: 0f1f 8400 | d830 0015 | 448b 5c24 | 5841 c643 | 1101 488b | 5424 2890 

  0x0000024b0b48d580: ;   {static_call}
  0x0000024b0b48d580: c5f8 77e8 

  0x0000024b0b48d584: ; ImmutableOopMap {rbp=Oop [32]=Oop [48]=Oop [68]=NarrowOop [72]=Oop [80]=Oop [104]=Oop [144]=Oop }
                      ;*invokestatic endInit {reexecute=0 rethrow=0 return_oop=0}
                      ; - java.util.jar.JarFile::ensureInitialization@45
                      ; - java.util.jar.JavaUtilJarAccessImpl::ensureInitialization@1
                      ; - jdk.internal.loader.URLClassPath$JarLoader$2::getManifest@10
                      ; - java.net.URLClassLoader::defineClass@34
  0x0000024b0b48d584: f81a 0aff 

  0x0000024b0b48d588: ;   {other}
  0x0000024b0b48d588: 0f1f 8400 | f830 0016 | 4889 6c24 | 2848 8b74 | 2420 448b | 7424 4448 | 8b7c 2450 | 4c8b 4424 
  0x0000024b0b48d5a8: 684c 8b6c | 2448 e9ff | d9ff ff4c | 8944 2458 | 488b 5424 | 304c 8b84 | 2490 0000 | 0045 33c9 
  0x0000024b0b48d5c8: 33ff 33f6 | 33c9 4533 | d24c 8914 | 244c 8954 | 2408 4c89 | 5424 1090 

  0x0000024b0b48d5e0: ;   {optimized virtual_call}
  0x0000024b0b48d5e0: c5f8 77e8 

  0x0000024b0b48d5e4: ; ImmutableOopMap {[32]=Oop [40]=Oop [48]=Oop [68]=NarrowOop [72]=Oop [88]=Oop [144]=Oop }
                      ;*invokevirtual definePackage {reexecute=0 rethrow=0 return_oop=1}
                      ; - java.net.URLClassLoader::defineClass@81
  0x0000024b0b48d5e4: d8ed 15f8 

  0x0000024b0b48d5e8: ;   {other}
  0x0000024b0b48d5e8: 0f1f 8400 | 5831 0017 | e9f7 e0ff | ff45 8b42 | 0c4d 63c8 | 49c1 e102 | 4181 f800 | 0004 000f 
  0x0000024b0b48d608: 8761 2100 | 0049 8b9f | b801 0000 | 4d8d 5117 | 4983 e2f8 | 4c8b db4d | 03da 4d3b | 9fc8 0100 
  0x0000024b0b48d628: 000f 833f | 2100 004d | 899f b801 | 0000 410f | 1883 0001 | 0000 48c7 | 0301 0000 | 0041 0f18 
  0x0000024b0b48d648: 8340 0100 

  0x0000024b0b48d64c: ;   {metadata('java/security/CodeSigner'[])}
  0x0000024b0b48d64c: 00c7 4308 | 758a 0d20 | 4489 430c | 410f 1883 | 8001 0000 | 488b 4c24 | 6048 83c1 | 1048 8bd3 
  0x0000024b0b48d66c: 4883 c210 | 4983 c107 | 49c1 e903 | 4d8b c1c5 | f877 49ba | 6081 510a | 4b02 0000 

  0x0000024b0b48d688: ;   {other}
  0x0000024b0b48d688: 41ff d20f | 1f84 0000 | 0000 0041 | 807f 4000 | 0f85 261f | 0000 4c8b | 5424 204c | 8bc3 4c8b 
  0x0000024b0b48d6a8: 5c24 2045 | 8943 104c | 8bdb 4d33 | da49 c1eb | 144d 85db | 0f84 16de | ffff 49c1 | ea09 4c8b 
  0x0000024b0b48d6c8: 5c24 584d | 03da 4d8b | d341 803b | 020f 84fd | ddff ff4d | 8b5f 484d | 8b47 58f0 | 8344 24c0 
  0x0000024b0b48d6e8: 0041 803a | 000f 84e5 | ddff ff45 | 8822 4d85 | db75 2349 | 8bca 498b | d7c5 f877 | 49ba 50ed 
  0x0000024b0b48d708: c400 fc7f | 0000 41ff 

  0x0000024b0b48d710: ;   {other}
  0x0000024b0b48d710: d20f 1f84 | 0000 0000 | 00e9 badd | ffff 4f89 | 5418 f849 | 83c3 f84d | 895f 48e9 | a8dd ffff 
  0x0000024b0b48d730: 4c63 c549 | 8d48 1048 | 8bd1 4883 | e2f8 498b | fd48 03fa | 48c1 e903 | 4c2b d949 | 8bcb 4833 
  0x0000024b0b48d750: c048 83f9 | 087f 1048 | ffc9 784f | 4889 04cf | 48ff c97d | f7eb 44c5 | fdef c0e9 | 0d00 0000 
  0x0000024b0b48d770: c5fe 7f07 | c5fe 7f47 | 2048 83c7 | 4048 83e9 | 087d ed48 | 83c1 047c | 0cc5 fe7f | 0748 83c7 
  0x0000024b0b48d790: 2048 83e9 | 0448 83c1 | 047e 1048 | ffc9 c5f9 | d607 4883 | c708 48ff | c97d f349 | 8bca 498b 
  0x0000024b0b48d7b0: d1c5 f877 | 49ba c07a | 510a 4b02 | 0000 41ff 

  0x0000024b0b48d7c0: ;   {other}
  0x0000024b0b48d7c0: d20f 1f84 | 0000 0000 | 00e9 32d6 

  0x0000024b0b48d7cc: ;   {metadata('java/util/jar/JarFile')}
  0x0000024b0b48d7cc: ffff 81fd | e80e 0020 | 0f85 022f | 0000 488b | 5424 6848 | 8b6c 2430 | 48ff 7424 | 5848 8f44 
  0x0000024b0b48d7ec: 2428 6690 

  0x0000024b0b48d7f0: ;   {optimized virtual_call}
  0x0000024b0b48d7f0: c5f8 77e8 

  0x0000024b0b48d7f4: ; ImmutableOopMap {rbp=Oop [32]=Oop [40]=Oop [48]=Oop [64]=Oop [76]=NarrowOop [80]=Oop [88]=Oop [96]=NarrowOop [104]=Oop [144]=Oop }
                      ;*invokevirtual getManifestFromReference {reexecute=0 rethrow=0 return_oop=1}
                      ; - java.util.jar.JarFile::getManifest@1
                      ; - java.util.jar.JarFile::maybeInstantiateVerifier@31
                      ; - java.util.jar.JarFile::ensureInitialization@1
                      ; - java.util.jar.JavaUtilJarAccessImpl::ensureInitialization@1
                      ; - jdk.internal.loader.URLClassPath$JarLoader$2::getManifest@10
                      ; - java.net.URLClassLoader::defineClass@34
  0x0000024b0b48d7f4: 8812 0aff 

  0x0000024b0b48d7f8: ;   {other}
  0x0000024b0b48d7f8: 0f1f 8400 | 6833 0018 | 48ff 7424 | 2048 8f44 | 2428 488b | 7424 4048 | 8944 24f8 | 8b44 2448 
  0x0000024b0b48d818: 8944 2440 | 488b 4424 | f844 8b74 | 244c 4c8b | 5c24 5048 | 8b7c 2458 | 448b 5424 | 604c 8b44 
  0x0000024b0b48d838: 2468 4d8b | ebe9 66d7 | ffff 448b 

  0x0000024b0b48d844: ;   {metadata('java/util/jar/JarFile')}
  0x0000024b0b48d844: 5508 4181 | fae8 0e00 | 200f 85d1 | 2e00 0048 | 8b54 2458 | 488b 6c24 | 3066 6690 

  0x0000024b0b48d860: ;   {optimized virtual_call}
  0x0000024b0b48d860: c5f8 77e8 

  0x0000024b0b48d864: ; ImmutableOopMap {rbp=Oop [40]=Oop [48]=Oop [68]=NarrowOop [80]=Oop [104]=Oop }
                      ;*invokevirtual getManifestFromReference {reexecute=0 rethrow=0 return_oop=1}
                      ; - java.util.jar.JarFile::getManifest@1
                      ; - java.util.jar.JarFile::maybeInstantiateVerifier@31
                      ; - java.util.jar.JarFile$JarFileEntry::getCodeSigners@4
                      ; - jdk.internal.loader.URLClassPath$JarLoader$2::getCodeSigners@4
                      ; - java.net.URLClassLoader::defineClass@185
  0x0000024b0b48d864: 1812 0aff 

  0x0000024b0b48d868: ;   {other}
  0x0000024b0b48d868: 0f1f 8400 | d833 0019 | 48ff 7424 | 2048 8f44 | 2460 48ff | 7424 4848 | 8f44 2458 | 4c8b 4c24 
  0x0000024b0b48d888: 50e9 5cdb | ffff 4c89 | 4c24 5048 | ff74 2458 | 488f 4424 | 4848 ff74 | 2460 488f | 4424 2049 
  0x0000024b0b48d8a8: 8bd1 6690 

  0x0000024b0b48d8ac: ;   {optimized virtual_call}
  0x0000024b0b48d8ac: c5f8 77e8 

  0x0000024b0b48d8b0: ; ImmutableOopMap {rbp=NarrowOop [40]=Oop [48]=Oop [68]=NarrowOop [80]=Oop [104]=Oop }
                      ;*invokevirtual realEntry {reexecute=0 rethrow=0 return_oop=1}
                      ; - java.util.jar.JarFile$JarFileEntry::getCodeSigners@46
                      ; - jdk.internal.loader.URLClassPath$JarLoader$2::getCodeSigners@4
                      ; - java.net.URLClassLoader::defineClass@185
  0x0000024b0b48d8b0: cc11 0aff 

  0x0000024b0b48d8b4: ;   {other}
  0x0000024b0b48d8b4: 0f1f 8400 | 2434 001a | 488b d54c | 8bc0 488b | 6c24 3090 

  0x0000024b0b48d8c8: ;   {optimized virtual_call}
  0x0000024b0b48d8c8: c5f8 77e8 

  0x0000024b0b48d8cc: ; ImmutableOopMap {rbp=Oop [40]=Oop [48]=Oop [68]=NarrowOop [80]=Oop [104]=Oop }
                      ;*invokevirtual getCodeSigners {reexecute=0 rethrow=0 return_oop=1}
                      ; - java.util.jar.JarFile$JarFileEntry::getCodeSigners@49
                      ; - jdk.internal.loader.URLClassPath$JarLoader$2::getCodeSigners@4
                      ; - java.net.URLClassLoader::defineClass@185
  0x0000024b0b48d8cc: b011 0aff 

  0x0000024b0b48d8d0: ;   {other}
  0x0000024b0b48d8d0: 0f1f 8400 | 4034 001b | 488b d841 | 807f 4000 | 0f85 501e | 0000 488b | 7c24 504c | 8bcb 4d8b 
  0x0000024b0b48d8f0: c144 8947 | 5c4c 8bd7 | 4d8b d94d | 33da 49c1 | eb14 4d85 | db0f 84b5 | 1d00 004d | 85c9 0f84 
  0x0000024b0b48d910: 091e 0000 | 49c1 ea09 | 48b9 0000 | 717e 4b02 | 0000 4903 | ca80 3902 | 0f85 9d1d | 0000 48ff 
  0x0000024b0b48d930: 7424 4848 | 8f44 2458 | 418b 480c | 498b e84c | 63c9 49c1 | e102 81f9 | 0000 0400 | 0f87 671e 
  0x0000024b0b48d950: 0000 498b | 9fb8 0100 | 004d 8d51 | 1749 83e2 | f84c 8bdb | 4d03 da4d | 3b9f c801 | 0000 0f83 
  0x0000024b0b48d970: 451e 0000 | 4d89 9fb8 | 0100 0041 | 0f18 8300 | 0100 0048 | c703 0100 | 0000 410f | 1883 4001 
  0x0000024b0b48d990: ;   {metadata('java/security/CodeSigner'[])}
  0x0000024b0b48d990: 0000 c743 | 0875 8a0d | 2089 4b0c | 410f 1883 | 8001 0000 | 498d 4810 | 488b d348 | 83c2 1049 
  0x0000024b0b48d9b0: 83c1 0749 | c1e9 034d | 8bc1 c5f8 | 7749 ba60 | 8151 0a4b | 0200 0041 

  0x0000024b0b48d9c8: ;   {other}
  0x0000024b0b48d9c8: ffd2 0f1f | 8400 0000 | 0000 4889 | 5c24 60e9 | 2bda ffff 

  0x0000024b0b48d9dc: ;   {metadata('java/security/CodeSource')}
  0x0000024b0b48d9dc: 48ba 9050 | 0500 0100 | 0000 6690 

  0x0000024b0b48d9e8: ;   {runtime_call _new_instance_Java}
  0x0000024b0b48d9e8: c5f8 77e8 

  0x0000024b0b48d9ec: ; ImmutableOopMap {[40]=Oop [48]=Oop [68]=NarrowOop [96]=Oop [104]=Oop }
                      ;*new {reexecute=0 rethrow=0 return_oop=1}
                      ; - java.net.URLClassLoader::defineClass@190
  0x0000024b0b48d9ec: 1080 16ff 

  0x0000024b0b48d9f0: ;   {other}
  0x0000024b0b48d9f0: 0f1f 8400 | 6035 001c | e952 daff | ff4c 896c | 2460 4489 | 7424 5848 | 8944 24f8 | 8b44 2440 
  0x0000024b0b48da10: 8944 244c | 488b 4424 | f848 894c | 2450 8944 | 2448 8954 | 2444 4489 | 4c24 4048 | 8974 2420 
  0x0000024b0b48da30: 488b 6c24 

  0x0000024b0b48da34: ;   {metadata('java/lang/String')}
  0x0000024b0b48da34: 2848 bab0 | 1e04 0001 | 0000 0090 

  0x0000024b0b48da40: ;   {runtime_call _new_instance_Java}
  0x0000024b0b48da40: c5f8 77e8 

  0x0000024b0b48da44: ; ImmutableOopMap {rbp=Oop [32]=Oop [48]=Oop [64]=NarrowOop [80]=Oop [88]=NarrowOop [96]=Oop }
                      ;*new {reexecute=0 rethrow=0 return_oop=1}
                      ; - java.lang.StringLatin1::newString@7
                      ; - java.lang.String::substring@41
                      ; - java.net.URLClassLoader::defineClass@28
  0x0000024b0b48da44: b87f 16ff 

  0x0000024b0b48da48: ;   {other}
  0x0000024b0b48da48: 0f1f 8400 | b835 001d | 4c8b d048 | 896c 2428 | 488b 7424 | 2044 8b4c | 2440 8b54 | 2444 8b44 
  0x0000024b0b48da68: 2448 488b | 4c24 5048 | 8944 24f8 | 8b44 244c | 8944 2440 | 488b 4424 | f844 8b74 | 2458 498b 
  0x0000024b0b48da88: da4c 8b6c | 2460 e993 | d2ff ff4c | 8b6c 2420 | 4c89 4424 | 704c 8954 | 2468 4889 | 5c24 604c 
  0x0000024b0b48daa8: 896c 2458 | 4489 7424 | 5048 8944 | 24f8 8b44 | 2440 8944 | 2444 488b | 4424 f848 | 894c 2448 
  0x0000024b0b48dac8: 448b da44 | 894c 2440 | 4889 7424 | 2048 8b6c 

  0x0000024b0b48dad8: ;   {metadata({type array byte})}
  0x0000024b0b48dad8: 2428 48ba | 280a 0400 | 0100 0000 | 458b c390 

  0x0000024b0b48dae8: ;   {runtime_call _new_array_nozero_Java}
  0x0000024b0b48dae8: c5f8 77e8 

  0x0000024b0b48daec: ; ImmutableOopMap {rbp=Oop [32]=Oop [48]=Oop [64]=NarrowOop [72]=Oop [104]=Derived_oop_[72] [80]=NarrowOop [88]=Oop [96]=Oop }
                      ;*invokevirtual clone {reexecute=1 rethrow=0 return_oop=1}
                      ; - (reexecute) java.util.Arrays::copyOfRange@18
                      ; - java.lang.StringLatin1::newString@16
                      ; - java.lang.String::substring@41
                      ; - java.net.URLClassLoader::defineClass@28
  0x0000024b0b48daec: 1085 16ff 

  0x0000024b0b48daf0: ;   {other}
  0x0000024b0b48daf0: 0f1f 8400 | 6036 001e | 4889 6c24 | 2848 8b74 | 2420 4889 | 4424 f88b | 4424 4489 | 4424 4048 
  0x0000024b0b48db10: 8b44 24f8 | 448b 7424 | 5048 ff74 | 2458 488f | 4424 2048 | 8b5c 2460 | 4c8b 5424 | 684c 8b44 
  0x0000024b0b48db30: 2470 4c8b | e8e9 31d3 | ffff 4d63 | d041 81f8 | 0000 1000 | 0f87 d61e | 0000 4889 | 5424 7089 
  0x0000024b0b48db50: b424 8400 | 0000 458b | e889 9c24 | 8000 0000 | 4889 7c24 | 7844 894c | 246c 498b | eb89 4c24 
  0x0000024b0b48db70: 404d 8b9f | b801 0000 | 4c89 9424 | 8800 0000 | 4983 c217 | 4983 e2f8 | 4d8b c34d | 03c2 4d3b 
  0x0000024b0b48db90: 87c8 0100 | 000f 83b4 | 1e00 004d | 8987 b801 | 0000 410f | 1880 0001 | 0000 49c7 | 0301 0000 
  0x0000024b0b48dbb0: 0041 0f18 | 8040 0100 

  0x0000024b0b48dbb8: ;   {metadata({type array byte})}
  0x0000024b0b48dbb8: 0041 c743 | 0845 8100 | 2045 896b | 0c41 0f18 | 8080 0100 | 0049 8bd3 | 4883 c210 | 498b db4c 
  0x0000024b0b48dbd8: 8b94 2488 | 0000 0049 | 83c2 0749 | c1ea 0348 | 8b4c 2470 | 4d8b c2c5 | f877 49ba | 6081 510a 
  0x0000024b0b48dbf8: 4b02 0000 

  0x0000024b0b48dbfc: ;   {other}
  0x0000024b0b48dbfc: 41ff d20f | 1f84 0000 | 0000 004c | 8bdb e993 | eaff ff45 | 8bd0 442b | d34c 899c | 2488 0000 
  0x0000024b0b48dc1c: 00e9 a5ea | ffff 458b | 520c c4c2 | 22f7 fa49 | 8bd0 4533 | c045 33c9 

  0x0000024b0b48dc34: ;   {static_call}
  0x0000024b0b48dc34: c5f8 77e8 

  0x0000024b0b48dc38: ; ImmutableOopMap {rbp=Oop [32]=Oop [40]=Oop [48]=Oop [68]=NarrowOop [72]=Oop [80]=Oop [88]=Oop [96]=NarrowOop [100]=NarrowOop [104]=Oop }
                      ;*invokestatic indexOf {reexecute=0 rethrow=0 return_oop=0}
                      ; - java.lang.String::indexOf@33
                      ; - java.lang.String::indexOf@3
                      ; - java.io.WinNTFileSystem::isInvalid@5
                      ; - java.io.File::isInvalid@13
                      ; - java.io.FileInputStream::<init>@54
                      ; - jdk.internal.loader.URLClassPath$FileLoader$1::getInputStream@8
                      ; - jdk.internal.loader.Resource::cachedInputStream@9
                      ; - jdk.internal.loader.Resource::getBytes@1
                      ; - java.net.URLClassLoader::defineClass@179
  0x0000024b0b48dc38: 4414 0aff 

  0x0000024b0b48dc3c: ;   {other}
  0x0000024b0b48dc3c: 0f1f 8400 | ac37 001f | 8944 2440 | e9d0 deff | ff45 8b53 | 0cc4 c23a | f7fa 498b | d345 33c0 
  0x0000024b0b48dc5c: 4533 c990 

  0x0000024b0b48dc60: ;   {static_call}
  0x0000024b0b48dc60: c5f8 77e8 

  0x0000024b0b48dc64: ; ImmutableOopMap {rbp=Oop [32]=Oop [40]=Oop [48]=Oop [68]=NarrowOop [72]=Oop [84]=NarrowOop [88]=Oop [96]=Oop [104]=NarrowOop [112]=Oop }
                      ;*invokestatic indexOf {reexecute=0 rethrow=0 return_oop=0}
                      ; - java.lang.String::indexOf@33
                      ; - java.lang.String::indexOf@3
                      ; - java.io.WinNTFileSystem::isInvalid@5
                      ; - java.io.File::isInvalid@13
                      ; - java.io.FileInputStream::<init>@54
                      ; - jdk.internal.loader.URLClassPath$FileLoader$1::getInputStream@8
                      ; - jdk.internal.loader.Resource::cachedInputStream@9
                      ; - jdk.internal.loader.Resource::getByteBuffer@1
                      ; - java.net.URLClassLoader::defineClass@132
  0x0000024b0b48dc64: 1814 0aff 

  0x0000024b0b48dc68: ;   {other}
  0x0000024b0b48dc68: 0f1f 8400 | d837 0020 | 448b c0e9 | 7bed ffff | bae4 ffff | ff89 4424 | 2048 8974 | 2440 4489 
  0x0000024b0b48dc88: 4c24 4890 

  0x0000024b0b48dc8c: ;   {runtime_call UncommonTrapBlob}
  0x0000024b0b48dc8c: c5f8 77e8 

  0x0000024b0b48dc90: ; ImmutableOopMap {[40]=Oop [48]=Oop [64]=Oop [72]=NarrowOop }
                      ;*baload {reexecute=0 rethrow=0 return_oop=0}
                      ; - java.lang.StringLatin1::lastIndexOf@24
                      ; - java.lang.String::lastIndexOf@13
                      ; - java.lang.String::lastIndexOf@8
                      ; - java.net.URLClassLoader::defineClass@7
  0x0000024b0b48dc90: 6c69 0aff 

  0x0000024b0b48dc94: ;   {other}
  0x0000024b0b48dc94: 0f1f 8400 | 0438 0021 | 41ba ffff | ffff 458b | c2e9 49ed | ffff 4c8b | 6c24 204c | 8984 2480 
  0x0000024b0b48dcb4: 0000 004c | 895c 2478 | 4c89 5424 | 7048 895c | 2468 4c89 | 6c24 6044 | 8974 2458 | 4889 4424 
  0x0000024b0b48dcd4: f88b 4424 | 4089 4424 | 4c48 8b44 | 24f8 4889 | 4c24 5089 | 4424 4848 | 8974 2440 | 48ff 7424 
  0x0000024b0b48dcf4: 2848 8f44 

  0x0000024b0b48dcf8: ;   {metadata({type array byte})}
  0x0000024b0b48dcf8: 2420 48ba | 280a 0400 | 0100 0000 | 448b c090 

  0x0000024b0b48dd08: ;   {runtime_call _new_array_nozero_Java}
  0x0000024b0b48dd08: c5f8 77e8 

  0x0000024b0b48dd0c: ; ImmutableOopMap {[32]=Oop [48]=Oop [64]=Oop [80]=Oop [112]=Derived_oop_[80] [88]=NarrowOop [96]=Oop [104]=Oop }
                      ;*newarray {reexecute=0 rethrow=0 return_oop=1}
                      ; - java.util.Arrays::copyOfRangeByte@10
                      ; - java.util.Arrays::copyOfRange@13
                      ; - java.lang.StringLatin1::newString@16
                      ; - java.lang.String::substring@41
                      ; - java.net.URLClassLoader::defineClass@28
  0x0000024b0b48dd0c: f082 16ff 

  0x0000024b0b48dd10: ;   {other}
  0x0000024b0b48dd10: 0f1f 8400 | 8038 0022 | 4c8b d848 | ff74 2420 | 488f 4424 | 2848 8b74 | 2440 8b44 | 2448 4889 
  0x0000024b0b48dd30: 4424 f88b | 4424 4c89 | 4424 4048 | 8b44 24f8 | 448b 7424 | 5848 ff74 | 2460 488f | 4424 2048 
  0x0000024b0b48dd50: 8b5c 2468 | 4c8b 5424 | 704d 8beb | 4c8b 5c24 | 784c 8b84 | 2480 0000 | 00e9 51d0 | ffff 498b 
  0x0000024b0b48dd70: d049 8bdb | 4c63 c54d | 8d50 104d | 8bda 4983 | e3f8 488b | fb49 03fb | 49c1 ea03 | 4d8b d94d 
  0x0000024b0b48dd90: 2bda 498b | cb48 33c0 | 4883 f908 | 7f10 48ff | c978 4f48 | 8904 cf48 | ffc9 7df7 | eb44 c5fd 
  0x0000024b0b48ddb0: efc0 e90d | 0000 00c5 | fe7f 07c5 | fe7f 4720 | 4883 c740 | 4883 e908 | 7ded 4883 | c104 7c0c 
  0x0000024b0b48ddd0: c5fe 7f07 | 4883 c720 | 4883 e904 | 4883 c104 | 7e10 48ff | c9c5 f9d6 | 0748 83c7 | 0848 ffc9 
  0x0000024b0b48ddf0: 7df3 488b | 8c24 9000 | 0000 c5f8 | 7749 bac0 | 7a51 0a4b | 0200 0041 

  0x0000024b0b48de08: ;   {other}
  0x0000024b0b48de08: ffd2 0f1f | 8400 0000 | 0000 4c8b | dbe9 88e8 | ffff 4c8b | 5c24 5845 | 8b53 1045 | 85d2 0f84 
  0x0000024b0b48de28: abdd ffff | 4d8b 4728 | 498b ca4d | 85c0 0f84 | ac22 0000 | 4d8b 5738 | 4b89 4c02 | f849 83c0 
  0x0000024b0b48de48: f84d 8947 | 28e9 85dd | ffff 458b | 5314 4585 | d20f 8406 | dfff ff4d | 8b4f 2849 | 8bca 4d85 
  0x0000024b0b48de68: c90f 84d0 | 2200 0049 | 8bdb 418b | f84d 8b57 | 384b 894c | 0af8 4983 | c1f8 4d89 | 4f28 448b 
  0x0000024b0b48de88: c74c 8bdb | e9d4 deff | ff45 8b51 | 1c45 85d2 | 0f84 eedd | ffff 4d8b | 4728 498b | ca4d 85c0 
  0x0000024b0b48dea8: 0f84 6522 | 0000 4d8b | 5738 4b89 | 4c02 f849 | 83c0 f84d | 8947 28e9 | c8dd ffff | 458b 5320 
  0x0000024b0b48dec8: 4585 d20f | 8483 e0ff | ff4d 8b47 | 2849 8bca | 4d85 c00f | 84c4 2200 | 0049 8bfb | 4d8b 5738 
  0x0000024b0b48dee8: 4b89 4c02 | f849 83c0 | f84d 8947 | 284c 8bdf | e957 e0ff | ff4c 8bde | 458b 5310 | 4585 d274 
  0x0000024b0b48df08: ;   {no_reloc}
  0x0000024b0b48df08: 2a49 8bf8 | 4d8b 5f28 | 498b ca4d | 85db 0f84 | 4922 0000 | 4d8b 5738 | 4b89 4c1a | f849 83c3 
  0x0000024b0b48df28: f84d 895f | 284c 8bc7 | 4c8b de4d | 8bd0 e9c7 | dfff ff4c | 8bdf 458b | 531c 4585 | d20f 84fe 
  0x0000024b0b48df48: dfff ff4d | 8b47 2849 | 8bca 4d85 | c00f 842a | 2200 004d | 8b57 384b | 894c 02f8 | 4983 c0f8 
  0x0000024b0b48df68: 4d89 4728 | 4c8b dfe9 | d5df ffff | 85ed 0f85 | 5ae0 ffff | baf6 ffff | ff48 8b6c | 2430 48ff 
  0x0000024b0b48df88: 7424 2848 | 8f44 2420 | 4c8b 5424 | 384c 8954 | 2430 448b | 4424 4444 | 8944 2438 | 4c89 9c24 
  0x0000024b0b48dfa8: 8000 0000 | 4c89 9c24 | 8800 0000 

  0x0000024b0b48dfb4: ;   {runtime_call UncommonTrapBlob}
  0x0000024b0b48dfb4: c5f8 77e8 

  0x0000024b0b48dfb8: ; ImmutableOopMap {rbp=Oop [32]=Oop [56]=NarrowOop [80]=Oop [88]=Oop [96]=NarrowOop [128]=Oop [136]=Oop }
                      ;*monitorenter {reexecute=0 rethrow=0 return_oop=0}
                      ; - jdk.internal.ref.PhantomCleanable::insert@6
                      ; - jdk.internal.ref.PhantomCleanable::<init>@37
                      ; - java.io.FileCleanable::<init>@3
                      ; - java.io.FileCleanable::register@42
                      ; - java.io.FileInputStream::<init>@103
                      ; - jdk.internal.loader.URLClassPath$FileLoader$1::getInputStream@8
                      ; - jdk.internal.loader.Resource::cachedInputStream@9
                      ; - jdk.internal.loader.Resource::getBytes@1
                      ; - java.net.URLClassLoader::defineClass@179
  0x0000024b0b48dfb8: 4466 0aff 

  0x0000024b0b48dfbc: ;   {other}
  0x0000024b0b48dfbc: 0f1f 8400 | 2c3b 0023 | 458b 5324 | 4585 d20f | 84c9 dfff | ff4d 8b47 | 2849 8bca | 4d85 c00f 
  0x0000024b0b48dfdc: 84e7 2100 | 004d 8b57 | 384b 894c | 02f8 4983 | c0f8 4d89 | 4728 e9a3 | dfff ff85 | db0f 8590 
  0x0000024b0b48dffc: e0ff ffba | f6ff ffff | 4c8b 5424 | 304c 8954 | 2420 448b | 5424 4444 | 8954 2440 | 4c89 9c24 
  0x0000024b0b48e01c: 8800 0000 | 4c89 9c24 | 9000 0000 

  0x0000024b0b48e028: ;   {runtime_call UncommonTrapBlob}
  0x0000024b0b48e028: c5f8 77e8 

  0x0000024b0b48e02c: ; ImmutableOopMap {rbp=NarrowOop [32]=Oop [40]=Oop [64]=NarrowOop [80]=Oop [88]=Oop [96]=NarrowOop [136]=Oop [144]=Oop }
                      ;*getfield next {reexecute=1 rethrow=0 return_oop=0}
                      ; - (reexecute) jdk.internal.ref.PhantomCleanable::insert@20
                      ; - jdk.internal.ref.PhantomCleanable::<init>@37
                      ; - java.io.FileCleanable::<init>@3
                      ; - java.io.FileCleanable::register@42
                      ; - java.io.FileInputStream::<init>@103
                      ; - jdk.internal.loader.URLClassPath$FileLoader$1::getInputStream@8
                      ; - jdk.internal.loader.Resource::cachedInputStream@9
                      ; - jdk.internal.loader.Resource::getBytes@1
                      ; - java.net.URLClassLoader::defineClass@179
  0x0000024b0b48e02c: d065 0aff 

  0x0000024b0b48e030: ;   {other}
  0x0000024b0b48e030: 0f1f 8400 | a03b 0024 | 458b 4b1c | 4585 c90f | 840a e0ff | ff4d 8b47 | 2849 8bc9 | 4d85 c00f 
  0x0000024b0b48e050: 849d 2100 | 004d 8b4f | 384b 894c | 01f8 4983 | c0f8 4d89 | 4728 e9e4 | dfff ff85 | ff0f 8566 
  0x0000024b0b48e070: e0ff ffba | f6ff ffff | 4c8b 5424 | 304c 8954 | 2420 448b | 4424 4444 | 8944 2440 | 4c89 9c24 
  0x0000024b0b48e090: 8800 0000 | 4c89 9c24 | 9000 0000 

  0x0000024b0b48e09c: ;   {runtime_call UncommonTrapBlob}
  0x0000024b0b48e09c: c5f8 77e8 

  0x0000024b0b48e0a0: ; ImmutableOopMap {rbp=NarrowOop [32]=Oop [40]=Oop [64]=NarrowOop [80]=Oop [88]=Oop [96]=NarrowOop [136]=Oop [144]=Oop }
                      ;*putfield prev {reexecute=1 rethrow=0 return_oop=0}
                      ; - (reexecute) jdk.internal.ref.PhantomCleanable::insert@31
                      ; - jdk.internal.ref.PhantomCleanable::<init>@37
                      ; - java.io.FileCleanable::<init>@3
                      ; - java.io.FileCleanable::register@42
                      ; - java.io.FileInputStream::<init>@103
                      ; - jdk.internal.loader.URLClassPath$FileLoader$1::getInputStream@8
                      ; - jdk.internal.loader.Resource::cachedInputStream@9
                      ; - jdk.internal.loader.Resource::getBytes@1
                      ; - java.net.URLClassLoader::defineClass@179
  0x0000024b0b48e0a0: 5c65 0aff 

  0x0000024b0b48e0a4: ;   {other}
  0x0000024b0b48e0a4: 0f1f 8400 | 143c 0025 | 458b 4b20 | 4585 c90f | 84e1 dfff | ff4d 8b47 | 2849 8bc9 | 4d85 c00f 
  0x0000024b0b48e0c4: 8459 2100 | 004d 8bea | 8bf2 498b | fb4d 8b57 | 384b 894c | 02f8 4983 | c0f8 4d89 | 4728 4c8b 
  0x0000024b0b48e0e4: df8b d64d | 8bd5 e9ab | dfff ff44 | 8b4f 1c45 | 85c9 0f84 | e8df ffff | 4d8b 4728 | 498b c94d 
  0x0000024b0b48e104: 85c0 0f84 | 3e21 0000 | 4d8b ea8b | f249 8bdb | 4d8b 5738 | 4b89 4c02 | f849 83c0 | f84d 8947 
  0x0000024b0b48e124: 284c 8bdb | 8bd6 4d8b | d5e9 b2df | ffff 448b | 4b20 4585 | c90f 84eb | dfff ff4d | 8b47 2849 
  0x0000024b0b48e144: 8bc9 4d85 | c00f 8423 | 2100 004d | 8b4f 384b | 894c 01f8 | 4983 c0f8 | 4d89 4728 | e9c5 dfff 
  0x0000024b0b48e164: ff45 8b4a | 2445 85c9 | 0f84 20e1 | ffff 4d8b | 4728 498b | c94d 85c0 | 0f84 2021 | 0000 4d8b 
  0x0000024b0b48e184: 4f38 4b89 | 4c01 f849 | 83c0 f84d | 8947 28e9 | fae0 ffff | 488b 7c24 | 5044 8b57 

  0x0000024b0b48e1a0: ;   {no_reloc}
  0x0000024b0b48e1a0: 0c45 85d2 | 0f84 c3e1 | ffff 4d8b | 5f28 498b | ca4d 85db | 0f84 1e21 | 0000 4d8b | 5738 4b89 
  0x0000024b0b48e1c0: 4c1a f849 | 83c3 f84d | 895f 28e9 | 9de1 ffff | 4d8b 5758 | 4d8b 5f48 | f083 4424 | c000 8039 
  0x0000024b0b48e1e0: 000f 8403 | d8ff ff44 | 8821 4d85 | db75 2049 | 8bd7 c5f8 | 7749 ba50 | edc4 00fc | 7f00 0041 
  0x0000024b0b48e200: ;   {other}
  0x0000024b0b48e200: ffd2 0f1f | 8400 0000 | 0000 e9db | d7ff ff4b | 894c 1af8 | 4983 c3f8 | 4d89 5f48 | e9c9 d7ff 
  0x0000024b0b48e220: ff4d 8b57 | 584d 8b47 | 48f0 8344 | 24c0 0080 | 3900 7438 | 4488 214d | 85c0 740f | 4b89 4c02 
  0x0000024b0b48e240: f849 83c0 | f84d 8947 | 48eb 2149 | 8bdb 498b | d7c5 f877 | 49ba 50ed | c400 fc7f | 0000 41ff 
  0x0000024b0b48e260: ;   {other}
  0x0000024b0b48e260: d20f 1f84 | 0000 0000 | 004c 8bdb | 458b 5310 | 4585 d20f | 841f 2500 | 004d 8bca | e989 d9ff 
  0x0000024b0b48e280: ff48 8bf7 | 418b ea49 | 8bfb 418b | d84d 8b57 | 484d 8b5f | 58f0 8344 | 24c0 0080 | 3900 7432 
  0x0000024b0b48e2a0: 4488 214d | 85d2 740f | 4b89 4c13 | f849 83c2 | f84d 8957 | 48eb 1b49 | 8bd7 c5f8 | 7749 ba50 
  0x0000024b0b48e2c0: edc4 00fc | 7f00 0041 

  0x0000024b0b48e2c8: ;   {other}
  0x0000024b0b48e2c8: ffd2 0f1f | 8400 0000 | 0000 448b | c34c 8bdf | 448b d548 | 8bfe e9bc | daff ff49 | 8bf1 498b 
  0x0000024b0b48e2e8: fb41 8bd8 | 4d8b 5748 | 4d8b 5f58 | f083 4424 | c000 8039 | 0074 3244 | 8821 4d85 | d274 0f4b 
  0x0000024b0b48e308: 894c 13f8 | 4983 c2f8 | 4d89 5748 | eb1b 498b | d7c5 f877 | 49ba 50ed | c400 fc7f | 0000 41ff 
  0x0000024b0b48e328: ;   {other}
  0x0000024b0b48e328: d20f 1f84 | 0000 0000 | 0044 8bc3 | 4c8b df4c | 8bce e980 | d9ff ff4d | 8b57 484d | 8b5f 58f0 
  0x0000024b0b48e348: 8344 24c0 | 0080 3900 | 0f84 dfdb | ffff 4488 | 214d 85d2 | 7520 498b | d7c5 f877 | 49ba 50ed 
  0x0000024b0b48e368: c400 fc7f | 0000 41ff 

  0x0000024b0b48e370: ;   {other}
  0x0000024b0b48e370: d20f 1f84 | 0000 0000 | 00e9 b7db | ffff 4b89 | 4c13 f849 | 83c2 f84d | 8957 48e9 | a5db ffff 
  0x0000024b0b48e390: 4d8b 5748 | 4d8b 5f58 | f083 4424 | c000 8039 | 000f 8437 | dbff ff44 | 8821 4d85 | d275 2049 
  0x0000024b0b48e3b0: 8bd7 c5f8 | 7749 ba50 | edc4 00fc | 7f00 0041 

  0x0000024b0b48e3c0: ;   {other}
  0x0000024b0b48e3c0: ffd2 0f1f | 8400 0000 | 0000 e90f | dbff ff4b | 894c 13f8 | 4983 c2f8 | 4d89 5748 | e9fd daff 
  0x0000024b0b48e3e0: ff4d 8b57 | 484d 8b47 | 58f0 8344 | 24c0 0080 | 3900 743c | 4488 214d | 85d2 740f | 4b89 4c10 
  0x0000024b0b48e400: f849 83c2 | f84d 8957 | 48eb 258b | fa49 8bdb | 498b d7c5 | f877 49ba | 50ed c400 | fc7f 0000 
  0x0000024b0b48e420: ;   {other}
  0x0000024b0b48e420: 41ff d20f | 1f84 0000 | 0000 004c | 8bdb 8bd7 | 418b 6b24 | 85ed 0f85 | 9adb ffff | e93b fbff 
  0x0000024b0b48e440: ff4d 8b47 | 484d 8b4f | 58f0 8344 | 24c0 0080 | 3900 7442 | 4488 214d | 85c0 740f | 4b89 4c01 
  0x0000024b0b48e460: f849 83c0 | f84d 8947 | 48eb 2b49 | 8bfa 8bf2 | 498b db49 | 8bd7 c5f8 | 7749 ba50 | edc4 00fc 
  0x0000024b0b48e480: 7f00 0041 

  0x0000024b0b48e484: ;   {other}
  0x0000024b0b48e484: ffd2 0f1f | 8400 0000 | 0000 4c8b | db8b d64c | 8bd7 418b | 5b24 85db | 0f85 eddb | ffff e958 
  0x0000024b0b48e4a4: fbff ff4d | 8b47 484d | 8b4f 58f0 | 8344 24c0 | 0080 3900 | 0f84 55dc | ffff 4488 | 214d 85c0 
  0x0000024b0b48e4c4: 7530 498b | fa8b f249 | 8bdb 498b | d7c5 f877 | 49ba 50ed | c400 fc7f | 0000 41ff 

  0x0000024b0b48e4e0: ;   {other}
  0x0000024b0b48e4e0: d20f 1f84 | 0000 0000 | 004c 8bdb | 8bd6 4c8b | d7e9 1ddc | ffff 4b89 | 4c01 f849 | 83c0 f84d 
  0x0000024b0b48e500: 8947 48e9 | 0bdc ffff | 4d8b 4748 | 4d8b 4f58 | f083 4424 | c000 8039 | 0074 4244 | 8821 4d85 
  0x0000024b0b48e520: c074 0f4b | 894c 01f8 | 4983 c0f8 | 4d89 4748 | eb2b 498b | fa8b f249 | 8bdb 498b | d7c5 f877 
  0x0000024b0b48e540: 49ba 50ed | c400 fc7f | 0000 41ff 

  0x0000024b0b48e54c: ;   {other}
  0x0000024b0b48e54c: d20f 1f84 | 0000 0000 | 004c 8bdb | 8bd6 4c8b | d741 8b7b | 2085 ff0f | 8570 dbff | ffe9 05fb 
  0x0000024b0b48e56c: ffff 4d8b | 4748 4d8b | 4f58 f083 | 4424 c000 | 8039 000f | 84d4 dbff | ff44 8821 | 4d85 c075 
  0x0000024b0b48e58c: 3049 8bfa | 8bf2 498b | db49 8bd7 | c5f8 7749 | ba50 edc4 | 00fc 7f00 | 0041 ffd2 

  0x0000024b0b48e5a8: ;   {other}
  0x0000024b0b48e5a8: 0f1f 8400 | 0000 0000 | 4c8b db8b | d64c 8bd7 | e99c dbff | ff4b 894c | 01f8 4983 | c0f8 4d89 
  0x0000024b0b48e5c8: 4748 e98a | dbff ff4d | 8b57 484d | 8b5f 58f0 | 8344 24c0 | 0080 3900 | 7432 4488 | 214d 85d2 
  0x0000024b0b48e5e8: 740f 4b89 | 4c13 f849 | 83c2 f84d | 8957 48eb | 1b49 8bd7 | c5f8 7749 | ba50 edc4 | 00fc 7f00 
  0x0000024b0b48e608: 0041 ffd2 

  0x0000024b0b48e60c: ;   {other}
  0x0000024b0b48e60c: 0f1f 8400 | 0000 0000 | 8b5f 0ce9 | 86dd ffff | 4d8b 5748 | 4d8b 5f58 | f083 4424 | c000 8039 
  0x0000024b0b48e62c: 000f 848f | dcff ff44 | 8821 4d85 | d275 2049 | 8bd7 c5f8 | 7749 ba50 | edc4 00fc | 7f00 0041 
  0x0000024b0b48e64c: ;   {other}
  0x0000024b0b48e64c: ffd2 0f1f | 8400 0000 | 0000 e967 | dcff ff4b | 894c 13f8 | 4983 c2f8 | 4d89 5748 | e955 dcff 
  0x0000024b0b48e66c: ff49 8bda | 4c8b 5424 | 6045 8b52 | 1045 85d2 | 7421 4d8b | 5f28 498b | ca4d 85db | 0f84 ca1c 
  0x0000024b0b48e68c: 0000 4d8b | 5738 4b89 | 4c1a f849 | 83c3 f84d | 895f 284c | 8bd3 e9fc | e3ff ff4c | 8b54 2460 
  0x0000024b0b48e6ac: 458b 5214 | 4585 d20f | 84a0 e5ff | ff4d 8b5f | 2849 8bca | 4d85 db0f | 84af 1c00 | 004d 8b57 
  0x0000024b0b48e6cc: 384b 894c | 1af8 4983 | c3f8 4d89 | 5f28 e97a | e5ff ff45 | 8b5a 1c45 | 85db 0f84 | 84e4 ffff 
  0x0000024b0b48e6ec: 4d8b 5728 | 498b cb4d | 85d2 0f84 | 9c1c 0000 | 4d8b 5f38 | 4b89 4c13 | f849 83c2 | f84d 8957 
  0x0000024b0b48e70c: 28e9 5ee4 | ffff 4c8b | 9424 8000 | 0000 458b | 5a20 4585 | db0f 8454 | e7ff ff4d | 8b57 2849 
  0x0000024b0b48e72c: 8bcb 4d85 | d20f 8481 | 1c00 004d | 8b5f 384b | 894c 13f8 | 4983 c2f8 | 4d89 5728 | e92e e7ff 
  0x0000024b0b48e74c: ;   {no_reloc}
  0x0000024b0b48e74c: ff4c 8b94 | 2480 0000 | 0045 8b52 | 1045 85d2 | 0f84 bde6 | ffff 4d8b | 5f28 498b | ca4d 85db 
  0x0000024b0b48e76c: 0f84 861c | 0000 4d8b | 5738 4b89 | 4c1a f849 | 83c3 f84d | 895f 28e9 | 97e6 ffff | 4c8b 9424 
  0x0000024b0b48e78c: 8000 0000 | 458b 5a1c | 4585 db0f | 84d3 e6ff | ff4d 8b57 | 2849 8bcb | 4d85 d20f | 842b 1c00 
  0x0000024b0b48e7ac: 004d 8b5f | 384b 894c | 13f8 4983 | c2f8 4d89 | 5728 e9ad | e6ff ff85 | ed0f 854a | e7ff ffba 
  0x0000024b0b48e7cc: f6ff ffff | 488b 6c24 | 304c 8b54 | 2438 4c89 | 5424 3044 | 8b5c 2444 | 4489 5c24 | 384c 8b54 
  0x0000024b0b48e7ec: 2458 4c89 | 5424 484c | 8b94 2480 | 0000 0044 | 8b5c 2470 | 4489 5c24 | 504c 8954 | 2470 6690 
  0x0000024b0b48e80c: ;   {runtime_call UncommonTrapBlob}
  0x0000024b0b48e80c: c5f8 77e8 

  0x0000024b0b48e810: ; ImmutableOopMap {rbp=Oop [32]=Oop [40]=Oop [56]=NarrowOop [72]=Oop [84]=NarrowOop [88]=Oop [96]=Oop [112]=Oop [128]=Oop }
                      ;*monitorenter {reexecute=0 rethrow=0 return_oop=0}
                      ; - jdk.internal.ref.PhantomCleanable::insert@6
                      ; - jdk.internal.ref.PhantomCleanable::<init>@37
                      ; - java.io.FileCleanable::<init>@3
                      ; - java.io.FileCleanable::register@42
                      ; - java.io.FileInputStream::<init>@103
                      ; - jdk.internal.loader.URLClassPath$FileLoader$1::getInputStream@8
                      ; - jdk.internal.loader.Resource::cachedInputStream@9
                      ; - jdk.internal.loader.Resource::getByteBuffer@1
                      ; - java.net.URLClassLoader::defineClass@132
  0x0000024b0b48e810: ec5d 0aff 

  0x0000024b0b48e814: ;   {other}
  0x0000024b0b48e814: 0f1f 8400 | 8443 0026 | 4c8b 9424 | 8000 0000 | 458b 5224 | 4585 d20f | 849b e6ff | ff4d 8b5f 
  0x0000024b0b48e834: 2849 8bca | 4d85 db0f | 84d7 1b00 | 004d 8b57 | 384b 894c | 1af8 4983 | c3f8 4d89 | 5f28 e975 
  0x0000024b0b48e854: e6ff ff85 | ff0f 8584 | e7ff ffba | f6ff ffff | 448b 5424 | 4444 8954 | 2440 448b | 5424 7044 
  0x0000024b0b48e874: 8954 2450 | 4c8b 9424 | 8000 0000 | 4c89 5424 | 7066 6690 

  0x0000024b0b48e888: ;   {runtime_call UncommonTrapBlob}
  0x0000024b0b48e888: c5f8 77e8 

  0x0000024b0b48e88c: ; ImmutableOopMap {rbp=NarrowOop [32]=Oop [40]=Oop [48]=Oop [64]=NarrowOop [84]=NarrowOop [88]=Oop [96]=Oop [112]=Oop [128]=Oop }
                      ;*getfield next {reexecute=1 rethrow=0 return_oop=0}
                      ; - (reexecute) jdk.internal.ref.PhantomCleanable::insert@20
                      ; - jdk.internal.ref.PhantomCleanable::<init>@37
                      ; - java.io.FileCleanable::<init>@3
                      ; - java.io.FileCleanable::register@42
                      ; - java.io.FileInputStream::<init>@103
                      ; - jdk.internal.loader.URLClassPath$FileLoader$1::getInputStream@8
                      ; - jdk.internal.loader.Resource::cachedInputStream@9
                      ; - jdk.internal.loader.Resource::getByteBuffer@1
                      ; - java.net.URLClassLoader::defineClass@132
  0x0000024b0b48e88c: 705d 0aff 

  0x0000024b0b48e890: ;   {other}
  0x0000024b0b48e890: 0f1f 8400 | 0044 0027 | 4c8b 9424 | 8000 0000 | 458b 521c | 4585 d20f | 84f1 e6ff | ff4d 8b5f 
  0x0000024b0b48e8b0: 2849 8bca | 4d85 db0f | 847b 1b00 | 004d 8b57 | 384b 894c | 1af8 4983 | c3f8 4d89 | 5f28 e9cb 
  0x0000024b0b48e8d0: e6ff ff85 | db0f 8557 | e7ff ffba | f6ff ffff | 448b 5c24 | 4444 895c | 2440 4c8b | 9424 8000 
  0x0000024b0b48e8f0: 0000 448b | 5c24 7044 | 895c 2450 | 4c89 5424 | 7066 6690 

  0x0000024b0b48e904: ;   {runtime_call UncommonTrapBlob}
  0x0000024b0b48e904: c5f8 77e8 

  0x0000024b0b48e908: ; ImmutableOopMap {rbp=NarrowOop [32]=Oop [40]=Oop [48]=Oop [64]=NarrowOop [84]=NarrowOop [88]=Oop [96]=Oop [112]=Oop [128]=Oop }
                      ;*putfield prev {reexecute=1 rethrow=0 return_oop=0}
                      ; - (reexecute) jdk.internal.ref.PhantomCleanable::insert@31
                      ; - jdk.internal.ref.PhantomCleanable::<init>@37
                      ; - java.io.FileCleanable::<init>@3
                      ; - java.io.FileCleanable::register@42
                      ; - java.io.FileInputStream::<init>@103
                      ; - jdk.internal.loader.URLClassPath$FileLoader$1::getInputStream@8
                      ; - jdk.internal.loader.Resource::cachedInputStream@9
                      ; - jdk.internal.loader.Resource::getByteBuffer@1
                      ; - java.net.URLClassLoader::defineClass@132
  0x0000024b0b48e908: f45c 0aff 

  0x0000024b0b48e90c: ;   {other}
  0x0000024b0b48e90c: 0f1f 8400 | 7c44 0028 | 4c8b 9424 | 8000 0000 | 458b 5a20 | 4585 db0f | 84c5 e6ff | ff4d 8b57 
  0x0000024b0b48e92c: 2849 8bcb | 4d85 d20f | 841f 1b00 | 004d 8b5f | 384b 894c | 13f8 4983 | c2f8 4d89 | 5728 e99f 
  0x0000024b0b48e94c: e6ff ff44 | 8b53 1c45 | 85d2 0f84 | e1e6 ffff | 4d8b 5f28 | 498b ca4d | 85db 0f84 | 0c1b 0000 
  0x0000024b0b48e96c: 4d8b 5738 | 4b89 4c1a | f849 83c3 | f84d 895f | 28e9 bbe6 | ffff 448b | 5720 4585 | d20f 8407 
  0x0000024b0b48e98c: e7ff ff4d | 8b5f 2849 | 8bca 4d85 | db0f 84f9 | 1a00 004d | 8b57 384b | 894c 1af8 | 4983 c3f8 
  0x0000024b0b48e9ac: 4d89 5f28 | e9e1 e6ff | ff45 8bda | 458b 5b24 | 4585 db0f | 8454 e8ff | ff4d 8b57 | 2849 8bcb 
  0x0000024b0b48e9cc: 4d85 d20f | 84e3 1a00 | 004d 8b5f | 384b 894c | 13f8 4983 | c2f8 4d89 | 5728 e92e | e8ff ff4d 
  0x0000024b0b48e9ec: 8b57 584d | 8b5f 48f0 | 8344 24c0 | 0080 3900 | 0f84 c9de | ffff 4488 | 214d 85db 

  0x0000024b0b48ea08: ;   {no_reloc}
  0x0000024b0b48ea08: 7520 498b | d7c5 f877 | 49ba 50ed | c400 fc7f | 0000 41ff 

  0x0000024b0b48ea1c: ;   {other}
  0x0000024b0b48ea1c: d20f 1f84 | 0000 0000 | 00e9 a1de | ffff 4b89 | 4c1a f849 | 83c3 f84d | 895f 48e9 | 8fde ffff 
  0x0000024b0b48ea3c: 4d8b 5758 | 4d8b 5f48 | f083 4424 | c000 8039 | 0074 3244 | 8821 4d85 | db74 0f4b | 894c 1af8 
  0x0000024b0b48ea5c: 4983 c3f8 | 4d89 5f48 | eb1b 498b | d7c5 f877 | 49ba 50ed | c400 fc7f | 0000 41ff 

  0x0000024b0b48ea78: ;   {other}
  0x0000024b0b48ea78: d20f 1f84 | 0000 0000 | 004c 8b54 | 2460 458b | 5a10 4585 | db0f 8451 | 1d00 004d | 8bd3 4c89 
  0x0000024b0b48ea98: 5424 78e9 | 44e0 ffff | 4d8b 5748 | 4d8b 5f58 | f083 4424 | c000 8039 | 000f 84f7 | e0ff ff44 
  0x0000024b0b48eab8: 8821 4d85 | d275 2049 | 8bd7 c5f8 | 7749 ba50 | edc4 00fc | 7f00 0041 

  0x0000024b0b48ead0: ;   {other}
  0x0000024b0b48ead0: ffd2 0f1f | 8400 0000 | 0000 e9cf | e0ff ff4b | 894c 13f8 | 4983 c2f8 | 4d89 5748 | e9bd e0ff 
  0x0000024b0b48eaf0: ff4d 8b57 | 484d 8b5f | 58f0 8344 | 24c0 0080 | 3900 0f84 | 8fe1 ffff | 4488 214d | 85d2 7520 
  0x0000024b0b48eb10: 498b d7c5 | f877 49ba | 50ed c400 | fc7f 0000 

  0x0000024b0b48eb20: ;   {other}
  0x0000024b0b48eb20: 41ff d20f | 1f84 0000 | 0000 00e9 | 67e1 ffff | 4b89 4c13 | f849 83c2 | f84d 8957 | 48e9 55e1 
  0x0000024b0b48eb40: ffff 4d8b | 5748 4d8b | 5f58 f083 | 4424 c000 | 8039 000f | 8406 e3ff | ff44 8821 | 4d85 d275 
  0x0000024b0b48eb60: 2049 8bd7 | c5f8 7749 | ba50 edc4 | 00fc 7f00 | 0041 ffd2 

  0x0000024b0b48eb74: ;   {other}
  0x0000024b0b48eb74: 0f1f 8400 | 0000 0000 | e9de e2ff | ff4b 894c | 13f8 4983 | c2f8 4d89 | 5748 e9cc | e2ff ff4d 
  0x0000024b0b48eb94: 8b57 484d | 8b5f 58f0 | 8344 24c0 | 0080 3900 | 0f84 57e2 | ffff 4488 | 214d 85d2 | 7520 498b 
  0x0000024b0b48ebb4: d7c5 f877 | 49ba 50ed | c400 fc7f | 0000 41ff 

  0x0000024b0b48ebc4: ;   {other}
  0x0000024b0b48ebc4: d20f 1f84 | 0000 0000 | 00e9 2fe2 | ffff 4b89 | 4c13 f849 | 83c2 f84d | 8957 48e9 | 1de2 ffff 
  0x0000024b0b48ebe4: 4d8b 5748 | 4d8b 5f58 | f083 4424 | c000 8039 | 0074 3244 | 8821 4d85 | d274 0f4b | 894c 13f8 
  0x0000024b0b48ec04: 4983 c2f8 | 4d89 5748 | eb1b 498b | d7c5 f877 | 49ba 50ed | c400 fc7f | 0000 41ff 

  0x0000024b0b48ec20: ;   {other}
  0x0000024b0b48ec20: d20f 1f84 | 0000 0000 | 004c 8b94 | 2480 0000 | 0041 8b6a | 2485 ed0f | 85d8 e2ff | ffe9 89fb 
  0x0000024b0b48ec40: ffff 4d8b | 5748 4d8b | 5f58 f083 | 4424 c000 | 8039 0074 | 3244 8821 | 4d85 d274 | 0f4b 894c 
  0x0000024b0b48ec60: 13f8 4983 | c2f8 4d89 | 5748 eb1b | 498b d7c5 | f877 49ba | 50ed c400 | fc7f 0000 

  0x0000024b0b48ec7c: ;   {other}
  0x0000024b0b48ec7c: 41ff d20f | 1f84 0000 | 0000 004c | 8b94 2480 | 0000 0041 | 8b7a 2485 | ff0f 8548 | e3ff ffe9 
  0x0000024b0b48ec9c: bffb ffff | 4d8b 5748 | 4d8b 5f58 | f083 4424 | c000 8039 | 0074 3244 | 8821 4d85 | d274 0f4b 
  0x0000024b0b48ecbc: 894c 13f8 | 4983 c2f8 | 4d89 5748 | eb1b 498b | d7c5 f877 | 49ba 50ed | c400 fc7f | 0000 41ff 
  0x0000024b0b48ecdc: ;   {other}
  0x0000024b0b48ecdc: d20f 1f84 | 0000 0000 | 004c 8b94 | 2480 0000 | 0041 8b5a | 2085 db0f | 8539 e3ff | ffe9 ddfb 
  0x0000024b0b48ecfc: ffff 4d8b | 5748 4d8b | 5f58 f083 | 4424 c000 | 8039 000f | 8462 e3ff | ff44 8821 | 4d85 d275 
  0x0000024b0b48ed1c: 2049 8bd7 | c5f8 7749 | ba50 edc4 | 00fc 7f00 | 0041 ffd2 

  0x0000024b0b48ed30: ;   {other}
  0x0000024b0b48ed30: 0f1f 8400 | 0000 0000 | e93a e3ff | ff4b 894c | 13f8 4983 | c2f8 4d89 | 5748 e928 | e3ff ff4d 
  0x0000024b0b48ed50: 8b57 484d | 8b5f 58f0 | 8344 24c0 | 0080 3900 | 0f84 6ae3 | ffff 4488 | 214d 85d2 | 7520 498b 
  0x0000024b0b48ed70: d7c5 f877 | 49ba 50ed | c400 fc7f | 0000 41ff 

  0x0000024b0b48ed80: ;   {other}
  0x0000024b0b48ed80: d20f 1f84 | 0000 0000 | 00e9 42e3 | ffff 4b89 | 4c13 f849 | 83c2 f84d | 8957 48e9 | 30e3 ffff 
  0x0000024b0b48eda0: 498b d84d | 8b57 484d | 8b5f 58f0 | 8344 24c0 | 0080 3900 | 7432 4488 | 214d 85d2 | 740f 4b89 
  0x0000024b0b48edc0: 4c13 f849 | 83c2 f84d | 8957 48eb | 1b49 8bd7 | c5f8 7749 | ba50 edc4 | 00fc 7f00 | 0041 ffd2 
  0x0000024b0b48ede0: ;   {other}
  0x0000024b0b48ede0: 0f1f 8400 | 0000 0000 | 4c8b c3e9 | 6de4 ffff | 895c 246c | 4889 7c24 | 7041 8be9 | 894c 2440 
  0x0000024b0b48ee00: 488b d74c | 8b84 2488 | 0000 0044 | 8bcb 418b | fa90 c5f8 | 7748 b8ff | ffff ffff 

  0x0000024b0b48ee1c: ;   {virtual_call}
  0x0000024b0b48ee1c: ffff ffe8 

  0x0000024b0b48ee20: ; ImmutableOopMap {[32]=Oop [40]=Oop [48]=Oop [64]=NarrowOop [68]=NarrowOop [72]=Oop [96]=Oop [112]=Oop [136]=Oop }
                      ;*invokevirtual read {reexecute=0 rethrow=0 return_oop=0}
                      ; - jdk.internal.loader.Resource::getBytes@117
                      ; - java.net.URLClassLoader::defineClass@179
  0x0000024b0b48ee20: 5cff 09ff 

  0x0000024b0b48ee24: ;   {other}
  0x0000024b0b48ee24: 0f1f 8400 | 9449 0029 | 448b d8e9 | e3d8 ffff | 448b 5424 | 6045 8b5a | 1445 85db | 0f84 f0cc 
  0x0000024b0b48ee44: ffff 4d8b | 5728 498b | cb4d 85d2 | 0f84 b617 | 0000 4d8b | 5f38 4b89 | 4c13 f849 | 83c2 f84d 
  0x0000024b0b48ee64: 8957 28e9 | cacc ffff | 4d8b 5748 | 4d8b 5f58 | f083 4424 | c000 8039 | 000f 84f3 | ccff ff44 
  0x0000024b0b48ee84: 8821 4d85 | d275 2049 | 8bd7 c5f8 | 7749 ba50 | edc4 00fc | 7f00 0041 

  0x0000024b0b48ee9c: ;   {other}
  0x0000024b0b48ee9c: ffd2 0f1f | 8400 0000 | 0000 e9cb | ccff ff4b | 894c 13f8 | 4983 c2f8 | 4d89 5748 | e9b9 ccff 
  0x0000024b0b48eebc: ff44 8b54 | 2454 458b | 5a14 4585 | db0f 8438 | dbff ff4d | 8b57 2849 | 8bcb 4d85 | d20f 844d 
  0x0000024b0b48eedc: 1700 004d | 8b5f 384b | 894c 13f8 | 4983 c2f8 | 4d89 5728 | e912 dbff | ff4d 8b57 | 484d 8b5f 
  0x0000024b0b48eefc: 58f0 8344 | 24c0 0080 | 3900 0f84 | 3bdb ffff | 4488 214d | 85d2 7520 | 498b d7c5 | f877 49ba 
  0x0000024b0b48ef1c: 50ed c400 | fc7f 0000 

  0x0000024b0b48ef24: ;   {other}
  0x0000024b0b48ef24: 41ff d20f | 1f84 0000 | 0000 00e9 | 13db ffff | 4b89 4c13 | f849 83c2 | f84d 8957 | 48e9 01db 
  0x0000024b0b48ef44: ffff 4c89 | 5c24 4841 | 8be8 c5f8 | 7748 b8ff | ffff ffff 

  0x0000024b0b48ef58: ;   {virtual_call}
  0x0000024b0b48ef58: ffff ffe8 

  0x0000024b0b48ef5c: ; ImmutableOopMap {[32]=Oop [40]=Oop [48]=Oop [68]=NarrowOop [72]=Oop [96]=Oop }
                      ;*invokevirtual close {reexecute=0 rethrow=0 return_oop=0}
                      ; - jdk.internal.loader.Resource::getBytes@183
                      ; - java.net.URLClassLoader::defineClass@179
  0x0000024b0b48ef5c: 20fe 09ff 

  0x0000024b0b48ef60: ;   {other}
  0x0000024b0b48ef60: 0f1f 8400 | d04a 002a | e90b d8ff | ff89 4c24 | 404c 895c | 2470 4489 | 4c24 6c48 | 897c 2478 
  0x0000024b0b48ef80: 899c 2480 | 0000 0089 | b424 8400 | 0000 4489 | 9424 8800 | 0000 4889 | 9424 9000 | 0000 4889 
  0x0000024b0b48efa0: 8424 9800 | 0000 4c89 | 8424 a000 

  0x0000024b0b48efac: ;   {metadata({type array byte})}
  0x0000024b0b48efac: 0000 48ba | 280a 0400 | 0100 0000 | 448b 8424 | 8800 0000 

  0x0000024b0b48efc0: ;   {runtime_call _new_array_nozero_Java}
  0x0000024b0b48efc0: c5f8 77e8 

  0x0000024b0b48efc4: ; ImmutableOopMap {[32]=Oop [40]=Oop [48]=Oop [64]=NarrowOop [68]=NarrowOop [72]=Oop [96]=Oop [112]=Oop [144]=Derived_oop_[112] [120]=Oop }
                      ;*newarray {reexecute=0 rethrow=0 return_oop=1}
                      ; - java.util.Arrays::copyOf@15
                      ; - jdk.internal.loader.Resource::getBytes@94
                      ; - java.net.URLClassLoader::defineClass@179
  0x0000024b0b48efc4: 3870 16ff 

  0x0000024b0b48efc8: ;   {other}
  0x0000024b0b48efc8: 0f1f 8400 | 384b 002b | 448b 9424 | 8800 0000 | 4c8b d8e9 | 62d6 ffff | ba45 ffff | ff66 6690 
  0x0000024b0b48efe8: ;   {runtime_call UncommonTrapBlob}
  0x0000024b0b48efe8: c5f8 77e8 

  0x0000024b0b48efec: ; ImmutableOopMap {rbp=NarrowOop [32]=Oop [40]=Oop [48]=Oop [68]=NarrowOop }
                      ;*ifeq {reexecute=1 rethrow=0 return_oop=0}
                      ; - (reexecute) jdk.internal.loader.Resource::getByteBuffer@9
                      ; - java.net.URLClassLoader::defineClass@132
  0x0000024b0b48efec: 1056 0aff 

  0x0000024b0b48eff0: ;   {other}
  0x0000024b0b48eff0: 0f1f 8400 | 604b 002c | bae4 ffff | ff44 8944 | 244c 6690 

  0x0000024b0b48f004: ;   {runtime_call UncommonTrapBlob}
  0x0000024b0b48f004: c5f8 77e8 

  0x0000024b0b48f008: ; ImmutableOopMap {[32]=Oop [40]=Oop [48]=Oop [76]=NarrowOop [104]=Oop }
                      ;*invokestatic checkIndex {reexecute=0 rethrow=0 return_oop=0}
                      ; - java.nio.Buffer::checkIndex@8
                      ; - java.nio.DirectLongBufferU::get@11
                      ; - jdk.internal.perf.PerfCounter::get@5
                      ; - jdk.internal.perf.PerfCounter::add@1
                      ; - jdk.internal.perf.PerfCounter::addElapsedTimeFrom@6
                      ; - java.net.URLClassLoader::defineClass@207
  0x0000024b0b48f008: f455 0aff 

  0x0000024b0b48f00c: ;   {other}
  0x0000024b0b48f00c: 0f1f 8400 | 7c4b 002d | 4c89 6c24 | 4844 8974 | 2444 4889 | 7424 2048 | 8b6c 2428 | 488b d64c 
  0x0000024b0b48f02c: 8d84 24d0 | 0000 0090 

  0x0000024b0b48f034: ;   {runtime_call _complete_monitor_locking_Java}
  0x0000024b0b48f034: c5f8 77e8 

  0x0000024b0b48f038: ; ImmutableOopMap {rbp=Oop [32]=Oop [48]=Oop [68]=NarrowOop [72]=Oop }
                      ;*synchronization entry
                      ; - jdk.internal.loader.Resource::cachedInputStream@-1
                      ; - jdk.internal.loader.Resource::getByteBuffer@1
                      ; - java.net.URLClassLoader::defineClass@132
  0x0000024b0b48f038: 44a0 16ff 

  0x0000024b0b48f03c: ;   {other}
  0x0000024b0b48f03c: 0f1f 8400 | ac4b 002e | 4889 6c24 | 2848 8b74 | 2420 448b | 7424 444c | 8b6c 2448 | e94d c1ff 
  0x0000024b0b48f05c: ff44 8944 | 2444 4c89 | 6c24 2048 | 8bce 488d | 9424 d000 | 0000 4d8b | c7c5 f877 | 49ba 105a 
  0x0000024b0b48f07c: 0601 fc7f | 0000 41ff 

  0x0000024b0b48f084: ;   {other}
  0x0000024b0b48f084: d20f 1f84 | 0000 0000 | 0044 8b44 | 2444 4c8b | 6c24 20e9 | 73c2 ffff 

  0x0000024b0b48f09c: ;   {oop(a 'jdk/internal/perf/PerfCounter'{0x000000008161f6d0})}
  0x0000024b0b48f09c: 48ba d0f6 | 6181 0000 | 0000 4c8d | 8424 d000 | 0000 488b | 6c24 3090 

  0x0000024b0b48f0b4: ;   {runtime_call _complete_monitor_locking_Java}
  0x0000024b0b48f0b4: c5f8 77e8 

  0x0000024b0b48f0b8: ; ImmutableOopMap {rbp=Oop [32]=Oop [40]=Oop [48]=Oop [104]=Oop }
                      ;*synchronization entry
                      ; - jdk.internal.perf.PerfCounter::add@-1
                      ; - jdk.internal.perf.PerfCounter::addElapsedTimeFrom@6
                      ; - java.net.URLClassLoader::defineClass@207
  0x0000024b0b48f0b8: c49f 16ff 

  0x0000024b0b48f0bc: ;   {other}
  0x0000024b0b48f0bc: 0f1f 8400 | 2c4c 002f | e9a6 c4ff | ffba ccff | ffff 4489 | 4424 4c90 

  0x0000024b0b48f0d4: ;   {runtime_call UncommonTrapBlob}
  0x0000024b0b48f0d4: c5f8 77e8 

  0x0000024b0b48f0d8: ; ImmutableOopMap {[32]=Oop [40]=Oop [48]=Oop [76]=NarrowOop [104]=Oop }
                      ;*invokestatic checkIndex {reexecute=0 rethrow=0 return_oop=0}
                      ; - java.nio.Buffer::checkIndex@8
                      ; - java.nio.DirectLongBufferU::get@11
                      ; - jdk.internal.perf.PerfCounter::get@5
                      ; - jdk.internal.perf.PerfCounter::add@1
                      ; - jdk.internal.perf.PerfCounter::addElapsedTimeFrom@6
                      ; - java.net.URLClassLoader::defineClass@207
  0x0000024b0b48f0d8: 2455 0aff 

  0x0000024b0b48f0dc: ;   {other}
  0x0000024b0b48f0dc: 0f1f 8400 | 4c4c 0030 

  0x0000024b0b48f0e4: ;   {oop(a 'jdk/internal/perf/PerfCounter'{0x000000008161f6d0})}
  0x0000024b0b48f0e4: 48b9 d0f6 | 6181 0000 | 0000 488d | 9424 d000 | 0000 4d8b | c7c5 f877 | 49ba 105a | 0601 fc7f 
  0x0000024b0b48f104: 0000 41ff 

  0x0000024b0b48f108: ;   {other}
  0x0000024b0b48f108: d20f 1f84 | 0000 0000 | 00e9 38c5 | ffff bade | ffff ff4c | 8b5c 2430 | 498b eb48 | ff74 2428 
  0x0000024b0b48f128: 488f 4424 | 2048 ff74 | 2438 488f | 4424 3044 | 8974 2438 | 4889 7c24 | 4844 8944 | 243c 4489 
  0x0000024b0b48f148: 5424 5090 

  0x0000024b0b48f14c: ;   {runtime_call UncommonTrapBlob}
  0x0000024b0b48f14c: c5f8 77e8 

  0x0000024b0b48f150: ; ImmutableOopMap {rbp=Oop [32]=Oop [56]=NarrowOop [60]=NarrowOop [72]=Oop [80]=NarrowOop [144]=Oop }
                      ;*invokeinterface ensureInitialization {reexecute=0 rethrow=0 return_oop=0}
                      ; - jdk.internal.loader.URLClassPath$JarLoader$2::getManifest@10
                      ; - java.net.URLClassLoader::defineClass@34
  0x0000024b0b48f150: ac54 0aff 

  0x0000024b0b48f154: ;   {other}
  0x0000024b0b48f154: 0f1f 8400 | c44c 0031 | 4c89 4424 | 6844 8954 | 2460 4889 | 7c24 584c | 896c 2450 | 4489 7424 
  0x0000024b0b48f174: 4c48 8944 | 24f8 8b44 | 2440 8944 | 2448 488b | 4424 f848 | 8974 2440 | 48ff 7424 | 2848 8f44 
  0x0000024b0b48f194: 2420 498b | d04c 8d84 | 24d0 0000 | 0066 6690 

  0x0000024b0b48f1a4: ;   {runtime_call _complete_monitor_locking_Java}
  0x0000024b0b48f1a4: c5f8 77e8 

  0x0000024b0b48f1a8: ; ImmutableOopMap {[32]=Oop [48]=Oop [64]=Oop [76]=NarrowOop [80]=Oop [88]=Oop [96]=NarrowOop [104]=Oop [144]=Oop }
                      ;*synchronization entry
                      ; - java.util.jar.JarFile::ensureInitialization@-1
                      ; - java.util.jar.JavaUtilJarAccessImpl::ensureInitialization@1
                      ; - jdk.internal.loader.URLClassPath$JarLoader$2::getManifest@10
                      ; - java.net.URLClassLoader::defineClass@34
  0x0000024b0b48f1a8: d49e 16ff 

  0x0000024b0b48f1ac: ;   {other}
  0x0000024b0b48f1ac: 0f1f 8400 | 1c4d 0032 | 48ff 7424 | 2048 8f44 | 2428 488b | 7424 4048 | 8944 24f8 | 8b44 2448 
  0x0000024b0b48f1cc: 8944 2440 | 488b 4424 | f844 8b74 | 244c 488b | 7c24 5844 | 8b54 2460 | 4c8b 4424 | 684c 8b6c 
  0x0000024b0b48f1ec: 2450 e9a1 | bdff ff49 | 8bc8 488d | 9424 d000 | 0000 4d8b | c7c5 f877 | 49ba 105a | 0601 fc7f 
  0x0000024b0b48f20c: 0000 41ff 

  0x0000024b0b48f210: ;   {other}
  0x0000024b0b48f210: d20f 1f84 | 0000 0000 | 00e9 2fbe | ffff bade | ffff ff4c | 8b54 2430 | 4c89 5424 | 2048 897c 
  0x0000024b0b48f230: 2430 4489 | 7424 4090 

  0x0000024b0b48f238: ;   {runtime_call UncommonTrapBlob}
  0x0000024b0b48f238: c5f8 77e8 

  0x0000024b0b48f23c: ; ImmutableOopMap {rbp=NarrowOop [32]=Oop [40]=Oop [48]=Oop [64]=NarrowOop [144]=Oop }
                      ;*invokevirtual getManifest {reexecute=0 rethrow=0 return_oop=0}
                      ; - jdk.internal.loader.URLClassPath$JarLoader$2::getManifest@22
                      ; - java.net.URLClassLoader::defineClass@34
  0x0000024b0b48f23c: c053 0aff 

  0x0000024b0b48f240: ;   {other}
  0x0000024b0b48f240: 0f1f 8400 | b04d 0033 | bade ffff | ff4c 8b54 | 2430 4c89 | 5424 204c | 8b54 2438 | 4c89 5424 
  0x0000024b0b48f260: 3044 8b54 | 2444 4489 | 5424 3890 

  0x0000024b0b48f26c: ;   {runtime_call UncommonTrapBlob}
  0x0000024b0b48f26c: c5f8 77e8 

  0x0000024b0b48f270: ; ImmutableOopMap {rbp=NarrowOop [32]=Oop [40]=Oop [56]=NarrowOop [104]=Oop }
                      ;*invokevirtual getCodeSigners {reexecute=0 rethrow=0 return_oop=0}
                      ; - jdk.internal.loader.URLClassPath$JarLoader$2::getCodeSigners@4
                      ; - java.net.URLClassLoader::defineClass@185
  0x0000024b0b48f270: 8c53 0aff 

  0x0000024b0b48f274: ;   {other}
  0x0000024b0b48f274: 0f1f 8400 | e44d 0034 | baf6 ffff | ff4c 894c | 2448 6690 

  0x0000024b0b48f288: ;   {runtime_call UncommonTrapBlob}
  0x0000024b0b48f288: c5f8 77e8 

  0x0000024b0b48f28c: ; ImmutableOopMap {rbp=NarrowOop [32]=Oop [40]=Oop [48]=Oop [68]=NarrowOop [72]=Oop }
                      ;*invokevirtual getInputStream {reexecute=0 rethrow=0 return_oop=0}
                      ; - jdk.internal.loader.URLClassPath$JarLoader$2::getInputStream@11
                      ; - jdk.internal.loader.Resource::cachedInputStream@9
                      ; - jdk.internal.loader.Resource::getByteBuffer@1
                      ; - java.net.URLClassLoader::defineClass@132
  0x0000024b0b48f28c: 7053 0aff 

  0x0000024b0b48f290: ;   {other}
  0x0000024b0b48f290: 0f1f 8400 | 004e 0035 

  0x0000024b0b48f298: ;   {metadata({type array byte})}
  0x0000024b0b48f298: 418b e948 | ba28 0a04 | 0001 0000 | 0045 33c0 

  0x0000024b0b48f2a8: ;   {runtime_call _new_array_Java}
  0x0000024b0b48f2a8: c5f8 77e8 

  0x0000024b0b48f2ac: ; ImmutableOopMap {[32]=Oop [40]=Oop [48]=Oop [64]=NarrowOop [68]=NarrowOop [72]=Oop [96]=Oop }
                      ;*newarray {reexecute=0 rethrow=0 return_oop=1}
                      ; - jdk.internal.loader.Resource::getBytes@30
                      ; - java.net.URLClassLoader::defineClass@179
  0x0000024b0b48f2ac: 506a 16ff 

  0x0000024b0b48f2b0: ;   {other}
  0x0000024b0b48f2b0: 0f1f 8400 | 204e 0036 | 4c8b d844 | 8bcd e931 | d2ff ff33 | ed45 85db | 400f 94c5 | ba45 ffff 
  0x0000024b0b48f2d0: ff4c 8b54 | 2430 4c89 | 5424 2048 | 8974 2430 | 4489 4424 | 4866 6690 

  0x0000024b0b48f2e8: ;   {runtime_call UncommonTrapBlob}
  0x0000024b0b48f2e8: c5f8 77e8 

  0x0000024b0b48f2ec: ; ImmutableOopMap {[32]=Oop [40]=Oop [48]=Oop }
                      ;*ifeq {reexecute=1 rethrow=0 return_oop=0}
                      ; - (reexecute) java.lang.String::lastIndexOf@4
                      ; - java.lang.String::lastIndexOf@8
                      ; - java.net.URLClassLoader::defineClass@7
  0x0000024b0b48f2ec: 1053 0aff 

  0x0000024b0b48f2f0: ;   {other}
  0x0000024b0b48f2f0: 0f1f 8400 | 604e 0037 | 498b d7c5 | f877 49ba | 70ed c400 | fc7f 0000 

  0x0000024b0b48f308: ;   {other}
  0x0000024b0b48f308: 41ff d20f | 1f84 0000 | 0000 00e9 | 7ac1 ffff | ba45 ffff | ff89 4424 | 2089 4424 | 2448 8974 
  0x0000024b0b48f328: 2440 4489 | 7424 4844 | 8954 2458 

  0x0000024b0b48f334: ;   {runtime_call UncommonTrapBlob}
  0x0000024b0b48f334: c5f8 77e8 

  0x0000024b0b48f338: ; ImmutableOopMap {[40]=Oop [48]=Oop [64]=Oop [72]=NarrowOop }
                      ;*if_icmpgt {reexecute=1 rethrow=0 return_oop=0}
                      ; - (reexecute) jdk.internal.util.Preconditions::checkFromToIndex@6
                      ; - java.lang.String::checkBoundsBeginEnd@6
                      ; - java.lang.String::substring@8
                      ; - java.net.URLClassLoader::defineClass@28
  0x0000024b0b48f338: c452 0aff 

  0x0000024b0b48f33c: ;   {other}
  0x0000024b0b48f33c: 0f1f 8400 | ac4e 0038 | ba45 ffff | ff48 8b6c | 2430 4c8b | 5424 384c | 8954 2430 | 4489 5c24 
  0x0000024b0b48f35c: 4c66 6690 

  0x0000024b0b48f360: ;   {runtime_call UncommonTrapBlob}
  0x0000024b0b48f360: c5f8 77e8 

  0x0000024b0b48f364: ; ImmutableOopMap {rbp=Oop [32]=Oop [40]=Oop [76]=NarrowOop [96]=Oop [104]=Oop }
                      ;*ifnull {reexecute=1 rethrow=0 return_oop=0}
                      ; - (reexecute) java.security.CodeSource::<init>@25
                      ; - java.net.URLClassLoader::defineClass@198
  0x0000024b0b48f364: 9852 0aff 

  0x0000024b0b48f368: ;   {other}
  0x0000024b0b48f368: 0f1f 8400 | d84e 0039 | ba45 ffff | ff44 8944 | 244c 6690 

  0x0000024b0b48f37c: ;   {runtime_call UncommonTrapBlob}
  0x0000024b0b48f37c: c5f8 77e8 

  0x0000024b0b48f380: ; ImmutableOopMap {rbp=NarrowOop [32]=Oop [40]=Oop [48]=Oop [76]=NarrowOop [104]=Oop }
                      ;*ifnull {reexecute=1 rethrow=0 return_oop=0}
                      ; - (reexecute) java.nio.Buffer::session@4
                      ; - java.nio.DirectLongBufferU::get@4
                      ; - jdk.internal.perf.PerfCounter::get@5
                      ; - jdk.internal.perf.PerfCounter::add@1
                      ; - jdk.internal.perf.PerfCounter::addElapsedTimeFrom@6
                      ; - java.net.URLClassLoader::defineClass@207
  0x0000024b0b48f380: 7c52 0aff 

  0x0000024b0b48f384: ;   {other}
  0x0000024b0b48f384: 0f1f 8400 | f44e 003a | ba45 ffff | ff89 4424 | 2089 4424 | 2448 8974 | 2440 4489 | 7424 4844 
  0x0000024b0b48f3a4: 8954 2458 | 4489 5424 | 5c66 6690 

  0x0000024b0b48f3b0: ;   {runtime_call UncommonTrapBlob}
  0x0000024b0b48f3b0: c5f8 77e8 

  0x0000024b0b48f3b4: ; ImmutableOopMap {[40]=Oop [48]=Oop [64]=Oop [72]=NarrowOop }
                      ;*if_icmple {reexecute=1 rethrow=0 return_oop=0}
                      ; - (reexecute) jdk.internal.util.Preconditions::checkFromToIndex@11
                      ; - java.lang.String::checkBoundsBeginEnd@6
                      ; - java.lang.String::substring@8
                      ; - java.net.URLClassLoader::defineClass@28
  0x0000024b0b48f3b4: 4852 0aff 

  0x0000024b0b48f3b8: ;   {other}
  0x0000024b0b48f3b8: 0f1f 8400 | 284f 003b | 33ed 4585 | db40 0f95 | c5ba 45ff | ffff 4889 | 4424 7090 

  0x0000024b0b48f3d4: ;   {runtime_call UncommonTrapBlob}
  0x0000024b0b48f3d4: c5f8 77e8 

  0x0000024b0b48f3d8: ; ImmutableOopMap {[32]=Oop [40]=Oop [48]=Oop [68]=NarrowOop [80]=Oop [112]=Oop [144]=Oop }
                      ;*ifne {reexecute=1 rethrow=0 return_oop=0}
                      ; - (reexecute) java.lang.Package::isSealed@7
                      ; - java.net.URLClassLoader::getAndVerifyPackage@14
                      ; - java.net.URLClassLoader::defineClass@46
  0x0000024b0b48f3d8: 2452 0aff 

  0x0000024b0b48f3dc: ;   {other}
  0x0000024b0b48f3dc: 0f1f 8400 | 4c4f 003c | ba45 ffff | ff48 8944 | 2470 6690 

  0x0000024b0b48f3f0: ;   {runtime_call UncommonTrapBlob}
  0x0000024b0b48f3f0: c5f8 77e8 

  0x0000024b0b48f3f4: ; ImmutableOopMap {rbp=NarrowOop [32]=Oop [40]=Oop [48]=Oop [68]=NarrowOop [80]=Oop [112]=Oop [144]=Oop }
                      ;*ifnull {reexecute=1 rethrow=0 return_oop=0}
                      ; - (reexecute) java.lang.Package::isSealed@17
                      ; - java.net.URLClassLoader::getAndVerifyPackage@14
                      ; - java.net.URLClassLoader::defineClass@46
  0x0000024b0b48f3f4: 0852 0aff 

  0x0000024b0b48f3f8: ;   {other}
  0x0000024b0b48f3f8: 0f1f 8400 | 684f 003d | 4889 7c24 

  0x0000024b0b48f404: ;   {metadata('java/io/FileInputStream')}
  0x0000024b0b48f404: 5048 ba90 | 0007 0001 | 0000 0048 | 8b6c 2430 

  0x0000024b0b48f414: ;   {runtime_call _new_instance_Java}
  0x0000024b0b48f414: c5f8 77e8 

  0x0000024b0b48f418: ; ImmutableOopMap {rbp=Oop [32]=Oop [40]=Oop [48]=Oop [68]=NarrowOop [72]=Oop [80]=Oop }
                      ;*new {reexecute=0 rethrow=0 return_oop=1}
                      ; - jdk.internal.loader.URLClassPath$FileLoader$1::getInputStream@0
                      ; - jdk.internal.loader.Resource::cachedInputStream@9
                      ; - jdk.internal.loader.Resource::getBytes@1
                      ; - java.net.URLClassLoader::defineClass@179
  0x0000024b0b48f418: e465 16ff 

  0x0000024b0b48f41c: ;   {other}
  0x0000024b0b48f41c: 0f1f 8400 | 8c4f 003e | 488b 7c24 | 50e9 32c5 | ffff 418b | ea4c 8944 | 2458 4889 

  0x0000024b0b48f438: ;   {metadata('java/lang/Object')}
  0x0000024b0b48f438: 7c24 5048 | ba48 1204 | 0001 0000 | 0066 6690 

  0x0000024b0b48f448: ;   {runtime_call _new_instance_Java}
  0x0000024b0b48f448: c5f8 77e8 

  0x0000024b0b48f44c: ; ImmutableOopMap {rbp=NarrowOop [32]=Oop [40]=Oop [48]=Oop [68]=NarrowOop [72]=Oop [80]=Oop [88]=Oop }
                      ;*new {reexecute=0 rethrow=0 return_oop=1}
                      ; - java.io.FileInputStream::<init>@5
                      ; - jdk.internal.loader.URLClassPath$FileLoader$1::getInputStream@8
                      ; - jdk.internal.loader.Resource::cachedInputStream@9
                      ; - jdk.internal.loader.Resource::getBytes@1
                      ; - java.net.URLClassLoader::defineClass@179
  0x0000024b0b48f44c: b065 16ff 

  0x0000024b0b48f450: ;   {other}
  0x0000024b0b48f450: 0f1f 8400 | c04f 003f | e953 c5ff 

  0x0000024b0b48f45c: ;   {metadata('java/io/FileDescriptor')}
  0x0000024b0b48f45c: ff48 ba58 | 0307 0001 | 0000 0048 | 8b6c 2430 

  0x0000024b0b48f46c: ;   {runtime_call _new_instance_Java}
  0x0000024b0b48f46c: c5f8 77e8 

  0x0000024b0b48f470: ; ImmutableOopMap {rbp=Oop [32]=Oop [40]=Oop [48]=Oop [68]=NarrowOop [72]=Oop [80]=Oop [88]=Oop [100]=NarrowOop [104]=Oop }
                      ;*new {reexecute=0 rethrow=0 return_oop=1}
                      ; - java.io.FileInputStream::<init>@71
                      ; - jdk.internal.loader.URLClassPath$FileLoader$1::getInputStream@8
                      ; - jdk.internal.loader.Resource::cachedInputStream@9
                      ; - jdk.internal.loader.Resource::getBytes@1
                      ; - java.net.URLClassLoader::defineClass@179
  0x0000024b0b48f470: 8c65 16ff 

  0x0000024b0b48f474: ;   {other}
  0x0000024b0b48f474: 0f1f 8400 | e44f 0040 | 4c8b c8e9 | 33c7 ffff | 4889 5c24 | 6844 895c | 245c 4889 | 4c24 6044 
  0x0000024b0b48f494: 8954 2458 

  0x0000024b0b48f498: ;   {metadata('java/io/FileCleanable')}
  0x0000024b0b48f498: 48ba 6878 | 0800 0100 | 0000 6690 

  0x0000024b0b48f4a4: ;   {runtime_call _new_instance_Java}
  0x0000024b0b48f4a4: c5f8 77e8 

  0x0000024b0b48f4a8: ; ImmutableOopMap {rbp=Oop [32]=Oop [40]=Oop [48]=Oop [64]=NarrowOop [68]=NarrowOop [72]=Oop [80]=Oop [88]=NarrowOop [104]=Oop }
                      ;*new {reexecute=0 rethrow=0 return_oop=1}
                      ; - java.io.FileCleanable::register@32
                      ; - java.io.FileInputStream::<init>@103
                      ; - jdk.internal.loader.URLClassPath$FileLoader$1::getInputStream@8
                      ; - jdk.internal.loader.Resource::cachedInputStream@9
                      ; - jdk.internal.loader.Resource::getBytes@1
                      ; - java.net.URLClassLoader::defineClass@179
  0x0000024b0b48f4a8: 5465 16ff 

  0x0000024b0b48f4ac: ;   {other}
  0x0000024b0b48f4ac: 0f1f 8400 | 1c50 0041 | 4c8b c544 | 8b54 2458 | 488b 4c24 | 6044 8b5c | 245c 4c8b | c848 8b5c 
  0x0000024b0b48f4cc: 2468 e98d | c9ff ffba | 45ff ffff | 488b 6c24 | 3048 ff74 | 2438 488f | 4424 3044 | 8b5c 2444 
  0x0000024b0b48f4ec: 4489 5c24 | 3848 ff74 | 2450 488f | 4424 4889 | 4424 3c90 

  0x0000024b0b48f500: ;   {runtime_call UncommonTrapBlob}
  0x0000024b0b48f500: c5f8 77e8 

  0x0000024b0b48f504: ; ImmutableOopMap {rbp=Oop [32]=Oop [40]=Oop [56]=NarrowOop [72]=Oop [144]=Oop }
                      ;*ifeq {reexecute=1 rethrow=0 return_oop=0}
                      ; - (reexecute) java.net.URLClassLoader::getAndVerifyPackage@71
                      ; - java.net.URLClassLoader::defineClass@46
  0x0000024b0b48f504: f850 0aff 

  0x0000024b0b48f508: ;   {other}
  0x0000024b0b48f508: 0f1f 8400 | 7850 0042 

  0x0000024b0b48f510: ;   {metadata('java/lang/Object')}
  0x0000024b0b48f510: 48ba 4812 | 0400 0100 | 0000 488b | 6c24 3090 

  0x0000024b0b48f520: ;   {runtime_call _new_instance_Java}
  0x0000024b0b48f520: c5f8 77e8 

  0x0000024b0b48f524: ; ImmutableOopMap {rbp=Oop [32]=Oop [40]=Oop [48]=Oop [68]=NarrowOop [72]=Oop [84]=NarrowOop [88]=Oop [96]=Oop }
                      ;*new {reexecute=0 rethrow=0 return_oop=1}
                      ; - java.io.FileInputStream::<init>@5
                      ; - jdk.internal.loader.URLClassPath$FileLoader$1::getInputStream@8
                      ; - jdk.internal.loader.Resource::cachedInputStream@9
                      ; - jdk.internal.loader.Resource::getByteBuffer@1
                      ; - java.net.URLClassLoader::defineClass@132
  0x0000024b0b48f524: d864 16ff 

  0x0000024b0b48f528: ;   {other}
  0x0000024b0b48f528: 0f1f 8400 | 9850 0043 | e95c d3ff 

  0x0000024b0b48f534: ;   {metadata('java/io/FileInputStream')}
  0x0000024b0b48f534: ff48 ba90 | 0007 0001 | 0000 0048 | 8b6c 2430 

  0x0000024b0b48f544: ;   {runtime_call _new_instance_Java}
  0x0000024b0b48f544: c5f8 77e8 

  0x0000024b0b48f548: ; ImmutableOopMap {rbp=Oop [32]=Oop [40]=Oop [48]=Oop [68]=NarrowOop [72]=Oop [88]=Oop }
                      ;*new {reexecute=0 rethrow=0 return_oop=1}
                      ; - jdk.internal.loader.URLClassPath$FileLoader$1::getInputStream@0
                      ; - jdk.internal.loader.Resource::cachedInputStream@9
                      ; - jdk.internal.loader.Resource::getByteBuffer@1
                      ; - java.net.URLClassLoader::defineClass@132
  0x0000024b0b48f548: b464 16ff 

  0x0000024b0b48f54c: ;   {other}
  0x0000024b0b48f54c: 0f1f 8400 | bc50 0044 | e9e6 d2ff 

  0x0000024b0b48f558: ;   {metadata('java/io/FileDescriptor')}
  0x0000024b0b48f558: ff48 ba58 | 0307 0001 | 0000 0048 | 8b6c 2430 

  0x0000024b0b48f568: ;   {runtime_call _new_instance_Java}
  0x0000024b0b48f568: c5f8 77e8 

  0x0000024b0b48f56c: ; ImmutableOopMap {rbp=Oop [32]=Oop [40]=Oop [48]=Oop [68]=NarrowOop [72]=Oop [88]=Oop [96]=Oop [104]=NarrowOop [112]=Oop }
                      ;*new {reexecute=0 rethrow=0 return_oop=1}
                      ; - java.io.FileInputStream::<init>@71
                      ; - jdk.internal.loader.URLClassPath$FileLoader$1::getInputStream@8
                      ; - jdk.internal.loader.Resource::cachedInputStream@9
                      ; - jdk.internal.loader.Resource::getByteBuffer@1
                      ; - java.net.URLClassLoader::defineClass@132
  0x0000024b0b48f56c: 9064 16ff 

  0x0000024b0b48f570: ;   {other}
  0x0000024b0b48f570: 0f1f 8400 | e050 0045 | 4c8b d0e9 | 08d5 ffff 

  0x0000024b0b48f580: ;   {metadata('java/io/FileCleanable')}
  0x0000024b0b48f580: 48ba 6878 | 0800 0100 | 0000 6690 

  0x0000024b0b48f58c: ;   {runtime_call _new_instance_Java}
  0x0000024b0b48f58c: c5f8 77e8 

  0x0000024b0b48f590: ; ImmutableOopMap {rbp=Oop [32]=Oop [40]=Oop [48]=Oop [68]=NarrowOop [72]=Oop [84]=NarrowOop [88]=Oop [96]=Oop [120]=Oop }
                      ;*new {reexecute=0 rethrow=0 return_oop=1}
                      ; - java.io.FileCleanable::register@32
                      ; - java.io.FileInputStream::<init>@103
                      ; - jdk.internal.loader.URLClassPath$FileLoader$1::getInputStream@8
                      ; - jdk.internal.loader.Resource::cachedInputStream@9
                      ; - jdk.internal.loader.Resource::getByteBuffer@1
                      ; - java.net.URLClassLoader::defineClass@132
  0x0000024b0b48f590: 6c64 16ff 

  0x0000024b0b48f594: ;   {other}
  0x0000024b0b48f594: 0f1f 8400 | 0451 0046 | 4c8b d0e9 | d0d7 ffff | 498b d7c5 | f877 49ba | 70ed c400 | fc7f 0000 
  0x0000024b0b48f5b4: ;   {other}
  0x0000024b0b48f5b4: 41ff d20f | 1f84 0000 | 0000 00e9 | dcb8 ffff | 4c8b 5424 | 2045 8b52 | 1045 85d2 | 0f84 c8e0 
  0x0000024b0b48f5d4: ffff 4d8b | 5f28 498b | ca4d 85db | 0f84 7211 | 0000 4d8b | 5738 4b89 | 4c1a f849 | 83c3 f84d 
  0x0000024b0b48f5f4: 895f 28e9 | a2e0 ffff | 498b d7c5 | f877 49ba | 70ed c400 | fc7f 0000 

  0x0000024b0b48f60c: ;   {other}
  0x0000024b0b48f60c: 41ff d20f | 1f84 0000 | 0000 00e9 | 0bbc ffff | 4c63 d8e9 | 1cb7 ffff | 4983 c3fe | 498b cb49 
  0x0000024b0b48f62c: 8bf9 4833 | c048 83f9 | 087f 1048 | ffc9 784f | 4889 04cf | 48ff c97d | f7eb 44c5 | fdef c0e9 
  0x0000024b0b48f64c: 0d00 0000 | c5fe 7f07 | c5fe 7f47 | 2048 83c7 | 4048 83e9 | 087d ed48 | 83c1 047c | 0cc5 fe7f 
  0x0000024b0b48f66c: 0748 83c7 | 2048 83e9 | 0448 83c1 | 047e 1048 | ffc9 c5f9 | d607 4883 | c708 48ff | c97d f3e9 
  0x0000024b0b48f68c: 70b7 ffff | bacc ffff | ff89 4424 | 2048 8974 | 2440 4489 | 7424 2448 | 895c 2450 | 4489 4c24 
  0x0000024b0b48f6ac: 5866 6690 

  0x0000024b0b48f6b0: ;   {runtime_call UncommonTrapBlob}
  0x0000024b0b48f6b0: c5f8 77e8 

  0x0000024b0b48f6b4: ; ImmutableOopMap {[36]=NarrowOop [40]=Oop [48]=Oop [64]=Oop [80]=Oop [88]=NarrowOop }
                      ;*newarray {reexecute=1 rethrow=0 return_oop=0}
                      ; - (reexecute) java.util.Arrays::copyOfRangeByte@10
                      ; - java.util.Arrays::copyOfRange@13
                      ; - java.lang.StringLatin1::newString@16
                      ; - java.lang.String::substring@41
                      ; - java.net.URLClassLoader::defineClass@28
  0x0000024b0b48f6b4: 484f 0aff 

  0x0000024b0b48f6b8: ;   {other}
  0x0000024b0b48f6b8: 0f1f 8400 | 2852 0047 | 4d85 c90f | 8565 e2ff | ffeb 524d | 8b57 584d | 8b5f 48f0 | 8344 24c0 
  0x0000024b0b48f6d8: 0080 3900 | 7432 4488 | 214d 85db | 740f 4b89 | 4c1a f849 | 83c3 f84d | 895f 48eb | 1b49 8bd7 
  0x0000024b0b48f6f8: c5f8 7749 | ba50 edc4 | 00fc 7f00 | 0041 ffd2 

  0x0000024b0b48f708: ;   {other}
  0x0000024b0b48f708: 0f1f 8400 | 0000 0000 | 448b 475c | 4585 c00f | 8511 e2ff | ff48 ff74 | 2420 488f | 4424 6048 
  0x0000024b0b48f728: ff74 2448 | 488f 4424 | 58e9 d1bc | ffff 488b | 7c24 5044 | 8b57 5c45 | 85d2 0f84 | a3e1 ffff 
  0x0000024b0b48f748: 4d8b 5f28 | 498b ca4d | 85db 0f84 | 2010 0000 | 4d8b 5738 | 4b89 4c1a | f849 83c3 | f84d 895f 
  0x0000024b0b48f768: 28e9 7de1 | ffff 4c89 | 4c24 4848 | ff74 2458 | 488f 4424 

  0x0000024b0b48f77c: ;   {metadata('java/security/CodeSigner'[])}
  0x0000024b0b48f77c: 2048 baa8 | 536c 0001 | 0000 0090 

  0x0000024b0b48f788: ;   {runtime_call _new_array_Java}
  0x0000024b0b48f788: c5f8 77e8 

  0x0000024b0b48f78c: ; ImmutableOopMap {[40]=Oop [48]=Oop [64]=Oop [96]=Oop [104]=Oop }
                      ;*invokevirtual clone {reexecute=1 rethrow=0 return_oop=1}
                      ; - (reexecute) java.security.CodeSource::<init>@42
                      ; - java.net.URLClassLoader::defineClass@198
  0x0000024b0b48f78c: 7065 16ff 

  0x0000024b0b48f790: ;   {other}
  0x0000024b0b48f790: 0f1f 8400 | 0053 0048 | 48ff 7424 | 2048 8f44 | 2458 48ff | 7424 4048 | 8f44 2420 | 4c8b 4c24 
  0x0000024b0b48f7b0: 4848 8bd8 | e9a7 deff | ff4c 894c | 2448 4489 

  0x0000024b0b48f7c0: ;   {metadata('java/security/CodeSigner'[])}
  0x0000024b0b48f7c0: 4424 4048 | baa8 536c | 0001 0000 | 0044 8bc1 

  0x0000024b0b48f7d0: ;   {runtime_call _new_array_Java}
  0x0000024b0b48f7d0: c5f8 77e8 

  0x0000024b0b48f7d4: ; ImmutableOopMap {rbp=Oop [40]=Oop [48]=Oop [64]=NarrowOop [68]=NarrowOop [104]=Oop }
                      ;*invokevirtual clone {reexecute=1 rethrow=0 return_oop=1}
                      ; - (reexecute) java.util.jar.JarFile$JarFileEntry::getCodeSigners@70
                      ; - jdk.internal.loader.URLClassPath$JarLoader$2::getCodeSigners@4
                      ; - java.net.URLClassLoader::defineClass@185
  0x0000024b0b48f7d4: 2865 16ff 

  0x0000024b0b48f7d8: ;   {other}
  0x0000024b0b48f7d8: 0f1f 8400 | 4853 0049 | 448b 4424 | 404c 8b4c | 2448 488b | d8e9 b2e1 | ffff 4963 | c2e9 74cd 
  0x0000024b0b48f7f8: ffff 4983 | c1fe 498b | c949 8bf8 | 4833 c048 | 83f9 087f | 1048 ffc9 | 784f 4889 | 04cf 48ff 
  0x0000024b0b48f818: c97d f7eb | 44c5 fdef | c0e9 0d00 | 0000 c5fe | 7f07 c5fe | 7f47 2048 | 83c7 4048 | 83e9 087d 
  0x0000024b0b48f838: ed48 83c1 | 047c 0cc5 | fe7f 0748 | 83c7 2048 | 83e9 0448 | 83c1 047e | 1048 ffc9 | c5f9 d607 
  0x0000024b0b48f858: 4883 c708 | 48ff c97d | f3e9 3cce | ffff bacc | ffff ff48 | 8b6c 2430 | 48ff 7424 | 2848 8f44 
  0x0000024b0b48f878: 2420 4c8b | 4424 384c | 8944 2430 | 448b 4424 | 4444 8944 | 2438 894c | 243c 4489 | 4c24 4489 
  0x0000024b0b48f898: 5c24 4889 | 7424 4c4c | 895c 2450 | 4489 5424 | 5c66 6690 

  0x0000024b0b48f8ac: ;   {runtime_call UncommonTrapBlob}
  0x0000024b0b48f8ac: c5f8 77e8 

  0x0000024b0b48f8b0: ; ImmutableOopMap {rbp=Oop [32]=Oop [56]=NarrowOop [60]=NarrowOop [80]=Oop [96]=Oop }
                      ;*newarray {reexecute=1 rethrow=0 return_oop=0}
                      ; - (reexecute) java.util.Arrays::copyOf@15
                      ; - jdk.internal.loader.Resource::getBytes@94
                      ; - java.net.URLClassLoader::defineClass@179
  0x0000024b0b48f8b0: 4c4d 0aff 

  0x0000024b0b48f8b4: ;   {other}
  0x0000024b0b48f8b4: 0f1f 8400 | 2454 004a | baf6 ffff | ff48 8b6c | 2430 48ff | 7424 2848 | 8f44 2420 | 4c8b 5c24 
  0x0000024b0b48f8d4: 384c 895c | 2430 448b | 5c24 4444 | 895c 2438 | 4889 7c24 | 4089 5c24 | 3c44 8954 | 2448 6690 
  0x0000024b0b48f8f4: ;   {runtime_call UncommonTrapBlob}
  0x0000024b0b48f8f4: c5f8 77e8 

  0x0000024b0b48f8f8: ; ImmutableOopMap {rbp=Oop [32]=Oop [56]=NarrowOop [60]=NarrowOop [64]=Oop }
                      ;*invokevirtual length {reexecute=0 rethrow=0 return_oop=0}
                      ; - jdk.internal.loader.URLClassPath$FileLoader$1::getContentLength@4
                      ; - jdk.internal.loader.Resource::getBytes@10
                      ; - java.net.URLClassLoader::defineClass@179
  0x0000024b0b48f8f8: 044d 0aff 

  0x0000024b0b48f8fc: ;   {other}
  0x0000024b0b48f8fc: 0f1f 8400 | 6c54 004b | ba45 ffff | ff4c 8b54 | 2430 4c89 | 5424 2044 | 895c 2458 

  0x0000024b0b48f918: ;   {runtime_call UncommonTrapBlob}
  0x0000024b0b48f918: c5f8 77e8 

  0x0000024b0b48f91c: ; ImmutableOopMap {[32]=Oop [40]=Oop [64]=NarrowOop [68]=NarrowOop [96]=Oop [136]=Oop }
                      ;*ifge {reexecute=1 rethrow=0 return_oop=0}
                      ; - (reexecute) jdk.internal.loader.Resource::getBytes@135
                      ; - java.net.URLClassLoader::defineClass@179
  0x0000024b0b48f91c: e04c 0aff 

  0x0000024b0b48f920: ;   {other}
  0x0000024b0b48f920: 0f1f 8400 | 9054 004c | ba45 ffff | ff48 8b6c | 2430 48ff | 7424 2848 | 8f44 2420 | 4c8b 5424 
  0x0000024b0b48f940: 384c 8954 | 2430 448b | 4424 4444 | 8944 2438 | 4c89 5c24 | 4089 4c24 | 3c44 894c | 244c 895c 
  0x0000024b0b48f960: 2450 8974 | 2454 6690 

  0x0000024b0b48f968: ;   {runtime_call UncommonTrapBlob}
  0x0000024b0b48f968: c5f8 77e8 

  0x0000024b0b48f96c: ; ImmutableOopMap {rbp=Oop [32]=Oop [56]=NarrowOop [60]=NarrowOop [64]=Oop [96]=Oop }
                      ;*ifge {reexecute=1 rethrow=0 return_oop=0}
                      ; - (reexecute) jdk.internal.loader.Resource::getBytes@78
                      ; - java.net.URLClassLoader::defineClass@179
  0x0000024b0b48f96c: 904c 0aff 

  0x0000024b0b48f970: ;   {other}
  0x0000024b0b48f970: 0f1f 8400 | e054 004d | bac6 ffff | ff48 8b6c | 2430 4c8b | 5424 384c | 8954 2430 | 4489 7424 
  0x0000024b0b48f990: 3866 6690 

  0x0000024b0b48f994: ;   {runtime_call UncommonTrapBlob}
  0x0000024b0b48f994: c5f8 77e8 

  0x0000024b0b48f998: ; ImmutableOopMap {rbp=Oop [32]=Oop [40]=Oop [56]=NarrowOop }
                      ;*invokevirtual getBytes {reexecute=0 rethrow=0 return_oop=0}
                      ; - java.net.URLClassLoader::defineClass@179
  0x0000024b0b48f998: 644c 0aff 

  0x0000024b0b48f99c: ;   {other}
  0x0000024b0b48f99c: 0f1f 8400 | 0c55 004e | 488b ef48 | 8bd7 4c8d | 8424 d000 | 0000 6690 

  0x0000024b0b48f9b4: ;   {runtime_call _complete_monitor_locking_Java}
  0x0000024b0b48f9b4: c5f8 77e8 

  0x0000024b0b48f9b8: ; ImmutableOopMap {rbp=Oop [32]=Oop [40]=Oop [48]=Oop [68]=NarrowOop [72]=Oop }
                      ;*synchronization entry
                      ; - jdk.internal.loader.Resource::cachedInputStream@-1
                      ; - jdk.internal.loader.Resource::getBytes@1
                      ; - java.net.URLClassLoader::defineClass@179
  0x0000024b0b48f9b8: c496 16ff 

  0x0000024b0b48f9bc: ;   {other}
  0x0000024b0b48f9bc: 0f1f 8400 | 2c55 004f | 488b fde9 | 45bf ffff | 488b cf48 | 8d94 24d0 | 0000 004d | 8bc7 c5f8 
  0x0000024b0b48f9dc: 7749 ba10 | 5a06 01fc | 7f00 0041 

  0x0000024b0b48f9e8: ;   {other}
  0x0000024b0b48f9e8: ffd2 0f1f | 8400 0000 | 0000 e946 | caff ffba | c6ff ffff | 8be8 4c8b | 5424 304c | 8954 2420 
  0x0000024b0b48fa08: 4889 7424 | 4066 6690 

  0x0000024b0b48fa10: ;   {runtime_call UncommonTrapBlob}
  0x0000024b0b48fa10: c5f8 77e8 

  0x0000024b0b48fa14: ; ImmutableOopMap {[32]=Oop [40]=Oop [64]=Oop }
                      ;*invokevirtual getCodeSourceURL {reexecute=0 rethrow=0 return_oop=0}
                      ; - java.net.URLClassLoader::defineClass@13
  0x0000024b0b48fa14: e84b 0aff 

  0x0000024b0b48fa18: ;   {other}
  0x0000024b0b48fa18: 0f1f 8400 | 8855 0050 | 894c 2440 | 498b eb44 | 894c 246c | 4889 7c24 | 7889 9c24 | 8000 0000 
  0x0000024b0b48fa38: 458b e889 | b424 8400 | 0000 4889 | 5424 704c | 8994 2488 

  0x0000024b0b48fa4c: ;   {metadata({type array byte})}
  0x0000024b0b48fa4c: 0000 0048 | ba28 0a04 | 0001 0000 | 0045 8bc5 

  0x0000024b0b48fa5c: ;   {runtime_call _new_array_nozero_Java}
  0x0000024b0b48fa5c: c5f8 77e8 

  0x0000024b0b48fa60: ; ImmutableOopMap {rbp=Oop [112]=Derived_oop_rbp [32]=Oop [40]=Oop [48]=Oop [64]=NarrowOop [68]=NarrowOop [72]=Oop [96]=Oop [120]=Oop }
                      ;*invokevirtual clone {reexecute=1 rethrow=0 return_oop=1}
                      ; - (reexecute) java.util.Arrays::copyOf@7
                      ; - jdk.internal.loader.Resource::getBytes@94
                      ; - java.net.URLClassLoader::defineClass@179
  0x0000024b0b48fa60: 9c65 16ff 

  0x0000024b0b48fa64: ;   {other}
  0x0000024b0b48fa64: 0f1f 8400 | d455 0051 | 4c8b d8e9 | 59e1 ffff | ba45 ffff | ff4c 8b44 | 2430 4c89 | 4424 2044 
  0x0000024b0b48fa84: 8b44 2444 | 4489 4424 | 404c 895c | 2470 4c89 | 5c24 7844 | 8954 2444 

  0x0000024b0b48fa9c: ;   {runtime_call UncommonTrapBlob}
  0x0000024b0b48fa9c: c5f8 77e8 

  0x0000024b0b48faa0: ; ImmutableOopMap {rbp=Oop [32]=Oop [40]=Oop [64]=NarrowOop [68]=NarrowOop [80]=Oop [112]=Oop [120]=Oop }
                      ;*ifeq {reexecute=1 rethrow=0 return_oop=0}
                      ; - (reexecute) jdk.internal.misc.Blocker::begin@14
                      ; - java.io.FileInputStream::open@0
                      ; - java.io.FileInputStream::<init>@96
                      ; - jdk.internal.loader.URLClassPath$FileLoader$1::getInputStream@8
                      ; - jdk.internal.loader.Resource::cachedInputStream@9
                      ; - jdk.internal.loader.Resource::getBytes@1
                      ; - java.net.URLClassLoader::defineClass@179
  0x0000024b0b48faa0: 5c4b 0aff 

  0x0000024b0b48faa4: ;   {other}
  0x0000024b0b48faa4: 0f1f 8400 | 1456 0052 | baf6 ffff | ff4c 8b54 | 2430 4c89 | 5424 2044 | 8b54 2444 | 4489 5424 
  0x0000024b0b48fac4: 404c 899c | 2488 0000 | 004c 899c | 2490 0000 | 0066 6690 

  0x0000024b0b48fad8: ;   {runtime_call UncommonTrapBlob}
  0x0000024b0b48fad8: c5f8 77e8 

  0x0000024b0b48fadc: ; ImmutableOopMap {rbp=NarrowOop [32]=Oop [40]=Oop [64]=NarrowOop [80]=Oop [88]=Oop [96]=NarrowOop [136]=Oop [144]=Oop }
                      ;*putfield next {reexecute=1 rethrow=0 return_oop=0}
                      ; - (reexecute) jdk.internal.ref.PhantomCleanable::insert@39
                      ; - jdk.internal.ref.PhantomCleanable::<init>@37
                      ; - java.io.FileCleanable::<init>@3
                      ; - java.io.FileCleanable::register@42
                      ; - java.io.FileInputStream::<init>@103
                      ; - jdk.internal.loader.URLClassPath$FileLoader$1::getInputStream@8
                      ; - jdk.internal.loader.Resource::cachedInputStream@9
                      ; - jdk.internal.loader.Resource::getBytes@1
                      ; - java.net.URLClassLoader::defineClass@179
  0x0000024b0b48fadc: 204b 0aff 

  0x0000024b0b48fae0: ;   {other}
  0x0000024b0b48fae0: 0f1f 8400 | 5056 0053 | ba45 ffff | ff44 8b54 | 2444 4489 | 5424 404c | 8b54 2458 | 4c89 5424 
  0x0000024b0b48fb00: 5066 6690 

  0x0000024b0b48fb04: ;   {runtime_call UncommonTrapBlob}
  0x0000024b0b48fb04: c5f8 77e8 

  0x0000024b0b48fb08: ; ImmutableOopMap {rbp=Oop [32]=Oop [40]=Oop [48]=Oop [64]=NarrowOop [80]=Oop [88]=Oop [96]=Oop [104]=NarrowOop }
                      ;*ifeq {reexecute=1 rethrow=0 return_oop=0}
                      ; - (reexecute) jdk.internal.misc.Blocker::begin@14
                      ; - java.io.FileInputStream::open@0
                      ; - java.io.FileInputStream::<init>@96
                      ; - jdk.internal.loader.URLClassPath$FileLoader$1::getInputStream@8
                      ; - jdk.internal.loader.Resource::cachedInputStream@9
                      ; - jdk.internal.loader.Resource::getByteBuffer@1
                      ; - java.net.URLClassLoader::defineClass@132
  0x0000024b0b48fb08: f44a 0aff 

  0x0000024b0b48fb0c: ;   {other}
  0x0000024b0b48fb0c: 0f1f 8400 | 7c56 0054 | baf6 ffff | ff44 8b54 | 2444 4489 | 5424 4044 | 8b54 2470 | 4489 5424 
  0x0000024b0b48fb2c: 504c 8b94 | 2480 0000 | 004c 8954 | 2470 6690 

  0x0000024b0b48fb3c: ;   {runtime_call UncommonTrapBlob}
  0x0000024b0b48fb3c: c5f8 77e8 

  0x0000024b0b48fb40: ; ImmutableOopMap {rbp=NarrowOop [32]=Oop [40]=Oop [48]=Oop [64]=NarrowOop [84]=NarrowOop [88]=Oop [96]=Oop [112]=Oop [128]=Oop }
                      ;*putfield next {reexecute=1 rethrow=0 return_oop=0}
                      ; - (reexecute) jdk.internal.ref.PhantomCleanable::insert@39
                      ; - jdk.internal.ref.PhantomCleanable::<init>@37
                      ; - java.io.FileCleanable::<init>@3
                      ; - java.io.FileCleanable::register@42
                      ; - java.io.FileInputStream::<init>@103
                      ; - jdk.internal.loader.URLClassPath$FileLoader$1::getInputStream@8
                      ; - jdk.internal.loader.Resource::cachedInputStream@9
                      ; - jdk.internal.loader.Resource::getByteBuffer@1
                      ; - java.net.URLClassLoader::defineClass@132
  0x0000024b0b48fb40: bc4a 0aff 

  0x0000024b0b48fb44: ;   {other}
  0x0000024b0b48fb44: 0f1f 8400 | b456 0055 | 4c89 4c24 | 5849 8beb | 498b d14c | 8d84 24d8 | 0000 0090 

  0x0000024b0b48fb60: ;   {runtime_call _complete_monitor_locking_Java}
  0x0000024b0b48fb60: c5f8 77e8 

  0x0000024b0b48fb64: ; ImmutableOopMap {rbp=Oop [32]=Oop [40]=Oop [48]=Oop [68]=NarrowOop [72]=Oop [80]=Oop [88]=Oop [100]=NarrowOop [104]=Oop }
                      ;*synchronization entry
                      ; - java.io.FileDescriptor::attach@-1
                      ; - java.io.FileInputStream::<init>@86
                      ; - jdk.internal.loader.URLClassPath$FileLoader$1::getInputStream@8
                      ; - jdk.internal.loader.Resource::cachedInputStream@9
                      ; - jdk.internal.loader.Resource::getBytes@1
                      ; - java.net.URLClassLoader::defineClass@179
  0x0000024b0b48fb64: 1895 16ff 

  0x0000024b0b48fb68: ;   {other}
  0x0000024b0b48fb68: 0f1f 8400 | d856 0056 | 4c8b dd4c | 8b4c 2458 | e9f8 c0ff | ff49 8bdb | 418b f849 | 8bc9 488d 
  0x0000024b0b48fb88: 9424 d800 | 0000 4d8b | c7c5 f877 | 49ba 105a | 0601 fc7f | 0000 41ff 

  0x0000024b0b48fba0: ;   {other}
  0x0000024b0b48fba0: d20f 1f84 | 0000 0000 | 0044 8bc7 | 4c8b dbe9 | a6c1 ffff | bade ffff | ff48 8b5c | 2430 4889 
  0x0000024b0b48fbc0: 5c24 208b | 5c24 4489 | 5c24 404c | 8944 2468 | 4c89 4c24 | 7844 899c | 2480 0000 | 0048 898c 
  0x0000024b0b48fbe0: 2488 0000 | 004c 898c | 2490 0000 | 0044 8994 | 2484 0000 | 0044 8994 | 24a0 0000 | 0066 6690 
  0x0000024b0b48fc00: ;   {runtime_call UncommonTrapBlob}
  0x0000024b0b48fc00: c5f8 77e8 

  0x0000024b0b48fc04: ; ImmutableOopMap {rbp=NarrowOop [32]=Oop [40]=Oop [64]=NarrowOop [80]=Oop [104]=Oop [120]=Oop [132]=NarrowOop [144]=Oop [160]=NarrowOop }
                      ;*invokeinterface apply {reexecute=0 rethrow=0 return_oop=0}
                      ; - jdk.internal.ref.CleanerImpl::getCleanerImpl@4
                      ; - jdk.internal.ref.PhantomCleanable::<init>@6
                      ; - java.io.FileCleanable::<init>@3
                      ; - java.io.FileCleanable::register@42
                      ; - java.io.FileInputStream::<init>@103
                      ; - jdk.internal.loader.URLClassPath$FileLoader$1::getInputStream@8
                      ; - jdk.internal.loader.Resource::cachedInputStream@9
                      ; - jdk.internal.loader.Resource::getBytes@1
                      ; - java.net.URLClassLoader::defineClass@179
  0x0000024b0b48fc04: f849 0aff 

  0x0000024b0b48fc08: ;   {other}
  0x0000024b0b48fc08: 0f1f 8400 | 7857 0057 | bade ffff | ff4c 8b54 | 2430 4c89 | 5424 2044 | 8b54 2444 | 4489 5424 
  0x0000024b0b48fc28: 404c 899c | 2488 0000 | 004c 899c | 2490 0000 | 0066 6690 

  0x0000024b0b48fc3c: ;   {runtime_call UncommonTrapBlob}
  0x0000024b0b48fc3c: c5f8 77e8 

  0x0000024b0b48fc40: ; ImmutableOopMap {rbp=NarrowOop [32]=Oop [40]=Oop [64]=NarrowOop [80]=Oop [88]=Oop [96]=NarrowOop [136]=Oop [144]=Oop }
                      ;*invokeinterface apply {reexecute=0 rethrow=0 return_oop=0}
                      ; - jdk.internal.ref.CleanerImpl::getCleanerImpl@4
                      ; - jdk.internal.ref.PhantomCleanable::<init>@27
                      ; - java.io.FileCleanable::<init>@3
                      ; - java.io.FileCleanable::register@42
                      ; - java.io.FileInputStream::<init>@103
                      ; - jdk.internal.loader.URLClassPath$FileLoader$1::getInputStream@8
                      ; - jdk.internal.loader.Resource::cachedInputStream@9
                      ; - jdk.internal.loader.Resource::getBytes@1
                      ; - java.net.URLClassLoader::defineClass@179
  0x0000024b0b48fc40: bc49 0aff 

  0x0000024b0b48fc44: ;   {other}
  0x0000024b0b48fc44: 0f1f 8400 | b457 0058 | 4c89 9424 | 8800 0000 | 8994 2480 | 0000 004c | 895c 2478 | 498b d24c 
  0x0000024b0b48fc64: 8d84 24d8 | 0000 0090 

  0x0000024b0b48fc6c: ;   {runtime_call _complete_monitor_locking_Java}
  0x0000024b0b48fc6c: c5f8 77e8 

  0x0000024b0b48fc70: ; ImmutableOopMap {rbp=NarrowOop [32]=Oop [40]=Oop [48]=Oop [64]=NarrowOop [68]=NarrowOop [72]=Oop [80]=Oop [88]=Oop [96]=NarrowOop [112]=Oop [120]=Oop [128]=NarrowOop [136]=Oop }
                      ;*monitorenter {reexecute=0 rethrow=0 return_oop=0}
                      ; - jdk.internal.ref.PhantomCleanable::insert@6
                      ; - jdk.internal.ref.PhantomCleanable::<init>@37
                      ; - java.io.FileCleanable::<init>@3
                      ; - java.io.FileCleanable::register@42
                      ; - java.io.FileInputStream::<init>@103
                      ; - jdk.internal.loader.URLClassPath$FileLoader$1::getInputStream@8
                      ; - jdk.internal.loader.Resource::cachedInputStream@9
                      ; - jdk.internal.loader.Resource::getBytes@1
                      ; - java.net.URLClassLoader::defineClass@179
  0x0000024b0b48fc70: 0c94 16ff 

  0x0000024b0b48fc74: ;   {other}
  0x0000024b0b48fc74: 0f1f 8400 | e457 0059 | 4c8b 5c24 | 788b 9424 | 8000 0000 | 4c8b 9424 | 8800 0000 | e9af c3ff 
  0x0000024b0b48fc94: ff89 5424 | 6448 897c | 2468 498b | eb48 8bd7 | 4c8d 8424 | d800 0000 

  0x0000024b0b48fcac: ;   {runtime_call _complete_monitor_locking_Java}
  0x0000024b0b48fcac: c5f8 77e8 

  0x0000024b0b48fcb0: ; ImmutableOopMap {rbp=Oop [32]=Oop [40]=Oop [48]=Oop [64]=NarrowOop [68]=NarrowOop [72]=Oop [80]=Oop [88]=Oop [96]=NarrowOop [100]=NarrowOop [104]=Oop }
                      ;*synchronization entry
                      ; - java.io.FileDescriptor::registerCleanup@-1
                      ; - java.io.FileCleanable::register@45
                      ; - java.io.FileInputStream::<init>@103
                      ; - jdk.internal.loader.URLClassPath$FileLoader$1::getInputStream@8
                      ; - jdk.internal.loader.Resource::cachedInputStream@9
                      ; - jdk.internal.loader.Resource::getBytes@1
                      ; - java.net.URLClassLoader::defineClass@179
  0x0000024b0b48fcb0: cc93 16ff 

  0x0000024b0b48fcb4: ;   {other}
  0x0000024b0b48fcb4: 0f1f 8400 | 2458 005a | 4c8b dd48 | 8b7c 2468 | 8b54 2464 | e9a9 c5ff | ff8b fa49 | 8bdb 498b 
  0x0000024b0b48fcd4: ca48 8d94 | 24d8 0000 | 004d 8bc7 | c5f8 7749 | ba10 5a06 | 01fc 7f00 | 0041 ffd2 

  0x0000024b0b48fcf0: ;   {other}
  0x0000024b0b48fcf0: 0f1f 8400 | 0000 0000 | 4c8b db8b | d7e9 f2c4 | ffff 488b | cf48 8d94 | 24d8 0000 | 004d 8bc7 
  0x0000024b0b48fd10: c5f8 7749 | ba10 5a06 | 01fc 7f00 | 0041 ffd2 

  0x0000024b0b48fd20: ;   {other}
  0x0000024b0b48fd20: 0f1f 8400 | 0000 0000 | e930 c6ff | ffba c6ff | ffff 488b | 6c24 3048 | ff74 2428 | 488f 4424 
  0x0000024b0b48fd40: 204c 8b54 | 2438 4c89 | 5424 3044 | 8974 2438 | 4889 7424 | 4866 6690 

  0x0000024b0b48fd58: ;   {runtime_call UncommonTrapBlob}
  0x0000024b0b48fd58: c5f8 77e8 

  0x0000024b0b48fd5c: ; ImmutableOopMap {rbp=Oop [32]=Oop [56]=NarrowOop [72]=Oop [144]=Oop }
                      ;*invokevirtual getManifest {reexecute=0 rethrow=0 return_oop=0}
                      ; - java.net.URLClassLoader::defineClass@34
  0x0000024b0b48fd5c: a048 0aff 

  0x0000024b0b48fd60: ;   {other}
  0x0000024b0b48fd60: 0f1f 8400 | d058 005b | bac6 ffff | ff48 8b6c | 2430 48ff | 7424 2848 | 8f44 2420 | 4c8b 5424 
  0x0000024b0b48fd80: 384c 8954 | 2430 4489 | 7424 3848 | 8974 2440 | 4889 7424 | 4866 6690 

  0x0000024b0b48fd98: ;   {runtime_call UncommonTrapBlob}
  0x0000024b0b48fd98: c5f8 77e8 

  0x0000024b0b48fd9c: ; ImmutableOopMap {rbp=Oop [32]=Oop [56]=NarrowOop [64]=Oop [72]=Oop }
                      ;*invokevirtual getInputStream {reexecute=0 rethrow=0 return_oop=0}
                      ; - jdk.internal.loader.Resource::cachedInputStream@9
                      ; - jdk.internal.loader.Resource::getByteBuffer@1
                      ; - java.net.URLClassLoader::defineClass@132
  0x0000024b0b48fd9c: 6048 0aff 

  0x0000024b0b48fda0: ;   {other}
  0x0000024b0b48fda0: 0f1f 8400 | 1059 005c | 488b 5424 | 784c 8d84 | 24d8 0000 | 0048 8b6c | 2430 6690 

  0x0000024b0b48fdbc: ;   {runtime_call _complete_monitor_locking_Java}
  0x0000024b0b48fdbc: c5f8 77e8 

  0x0000024b0b48fdc0: ; ImmutableOopMap {rbp=Oop [32]=Oop [40]=Oop [48]=Oop [68]=NarrowOop [72]=Oop [88]=Oop [96]=Oop [104]=NarrowOop [112]=Oop [120]=Oop }
                      ;*synchronization entry
                      ; - java.io.FileDescriptor::attach@-1
                      ; - java.io.FileInputStream::<init>@86
                      ; - jdk.internal.loader.URLClassPath$FileLoader$1::getInputStream@8
                      ; - jdk.internal.loader.Resource::cachedInputStream@9
                      ; - jdk.internal.loader.Resource::getByteBuffer@1
                      ; - java.net.URLClassLoader::defineClass@132
  0x0000024b0b48fdc0: bc92 16ff 

  0x0000024b0b48fdc4: ;   {other}
  0x0000024b0b48fdc4: 0f1f 8400 | 3459 005d | e983 cdff | ff48 8b4c | 2478 488d | 9424 d800 | 0000 4d8b | c7c5 f877 
  0x0000024b0b48fde4: 49ba 105a | 0601 fc7f | 0000 41ff 

  0x0000024b0b48fdf0: ;   {other}
  0x0000024b0b48fdf0: d20f 1f84 | 0000 0000 | 00e9 50ce | ffff bade | ffff ff44 | 8b5c 2444 | 4489 5c24 | 4044 8b54 
  0x0000024b0b48fe10: 2470 4489 | 5424 504c | 8b94 2480 | 0000 004c | 8954 2470 

  0x0000024b0b48fe24: ;   {runtime_call UncommonTrapBlob}
  0x0000024b0b48fe24: c5f8 77e8 

  0x0000024b0b48fe28: ; ImmutableOopMap {rbp=NarrowOop [32]=Oop [40]=Oop [48]=Oop [64]=NarrowOop [84]=NarrowOop [88]=Oop [96]=Oop [112]=Oop [128]=Oop }
                      ;*invokeinterface apply {reexecute=0 rethrow=0 return_oop=0}
                      ; - jdk.internal.ref.CleanerImpl::getCleanerImpl@4
                      ; - jdk.internal.ref.PhantomCleanable::<init>@6
                      ; - java.io.FileCleanable::<init>@3
                      ; - java.io.FileCleanable::register@42
                      ; - java.io.FileInputStream::<init>@103
                      ; - jdk.internal.loader.URLClassPath$FileLoader$1::getInputStream@8
                      ; - jdk.internal.loader.Resource::cachedInputStream@9
                      ; - jdk.internal.loader.Resource::getByteBuffer@1
                      ; - java.net.URLClassLoader::defineClass@132
  0x0000024b0b48fe28: d447 0aff 

  0x0000024b0b48fe2c: ;   {other}
  0x0000024b0b48fe2c: 0f1f 8400 | 9c59 005e | bade ffff | ff44 8b54 | 2444 4489 | 5424 4044 | 8b54 2470 | 4489 5424 
  0x0000024b0b48fe4c: 504c 8b94 | 2480 0000 | 004c 8954 | 2470 6690 

  0x0000024b0b48fe5c: ;   {runtime_call UncommonTrapBlob}
  0x0000024b0b48fe5c: c5f8 77e8 

  0x0000024b0b48fe60: ; ImmutableOopMap {rbp=NarrowOop [32]=Oop [40]=Oop [48]=Oop [64]=NarrowOop [84]=NarrowOop [88]=Oop [96]=Oop [112]=Oop [128]=Oop }
                      ;*invokeinterface apply {reexecute=0 rethrow=0 return_oop=0}
                      ; - jdk.internal.ref.CleanerImpl::getCleanerImpl@4
                      ; - jdk.internal.ref.PhantomCleanable::<init>@27
                      ; - java.io.FileCleanable::<init>@3
                      ; - java.io.FileCleanable::register@42
                      ; - java.io.FileInputStream::<init>@103
                      ; - jdk.internal.loader.URLClassPath$FileLoader$1::getInputStream@8
                      ; - jdk.internal.loader.Resource::cachedInputStream@9
                      ; - jdk.internal.loader.Resource::getByteBuffer@1
                      ; - java.net.URLClassLoader::defineClass@132
  0x0000024b0b48fe60: 9c47 0aff 

  0x0000024b0b48fe64: ;   {other}
  0x0000024b0b48fe64: 0f1f 8400 | d459 005f | 498b d34c | 8d84 24d8 | 0000 0090 

  0x0000024b0b48fe78: ;   {runtime_call _complete_monitor_locking_Java}
  0x0000024b0b48fe78: c5f8 77e8 

  0x0000024b0b48fe7c: ; ImmutableOopMap {rbp=NarrowOop [32]=Oop [40]=Oop [48]=Oop [68]=NarrowOop [72]=Oop [84]=NarrowOop [88]=Oop [96]=Oop [116]=NarrowOop [120]=Oop [128]=Oop [136]=Oop }
                      ;*monitorenter {reexecute=0 rethrow=0 return_oop=0}
                      ; - jdk.internal.ref.PhantomCleanable::insert@6
                      ; - jdk.internal.ref.PhantomCleanable::<init>@37
                      ; - java.io.FileCleanable::<init>@3
                      ; - java.io.FileCleanable::register@42
                      ; - java.io.FileInputStream::<init>@103
                      ; - jdk.internal.loader.URLClassPath$FileLoader$1::getInputStream@8
                      ; - jdk.internal.loader.Resource::cachedInputStream@9
                      ; - jdk.internal.loader.Resource::getByteBuffer@1
                      ; - java.net.URLClassLoader::defineClass@132
  0x0000024b0b48fe7c: 0092 16ff 

  0x0000024b0b48fe80: ;   {other}
  0x0000024b0b48fe80: 0f1f 8400 | f059 0060 | e906 d1ff | ff49 8bcb | 488d 9424 | d800 0000 | 4d8b c7c5 | f877 49ba 
  0x0000024b0b48fea0: 105a 0601 | fc7f 0000 

  0x0000024b0b48fea8: ;   {other}
  0x0000024b0b48fea8: 41ff d20f | 1f84 0000 | 0000 00e9 | bbd2 ffff | 498b d34c | 8d84 24d8 | 0000 0048 | 8b6c 2430 
  0x0000024b0b48fec8: ;   {runtime_call _complete_monitor_locking_Java}
  0x0000024b0b48fec8: c5f8 77e8 

  0x0000024b0b48fecc: ; ImmutableOopMap {rbp=Oop [32]=Oop [40]=Oop [48]=Oop [68]=NarrowOop [72]=Oop [84]=NarrowOop [88]=Oop [96]=Oop [116]=NarrowOop [120]=Oop [128]=Oop }
                      ;*synchronization entry
                      ; - java.io.FileDescriptor::registerCleanup@-1
                      ; - java.io.FileCleanable::register@45
                      ; - java.io.FileInputStream::<init>@103
                      ; - jdk.internal.loader.URLClassPath$FileLoader$1::getInputStream@8
                      ; - jdk.internal.loader.Resource::cachedInputStream@9
                      ; - jdk.internal.loader.Resource::getByteBuffer@1
                      ; - java.net.URLClassLoader::defineClass@132
  0x0000024b0b48fecc: b091 16ff 

  0x0000024b0b48fed0: ;   {other}
  0x0000024b0b48fed0: 0f1f 8400 | 405a 0061 | e920 d3ff | ff49 8bc8 | 488d 9424 | d800 0000 | 4d8b c7c5 | f877 49ba 
  0x0000024b0b48fef0: 105a 0601 | fc7f 0000 

  0x0000024b0b48fef8: ;   {other}
  0x0000024b0b48fef8: 41ff d20f | 1f84 0000 | 0000 00e9 | f0d3 ffff | bace ffff | ff48 8b6c | 2430 48ff | 7424 2848 
  0x0000024b0b48ff18: 8f44 2420 | 4c8b 5424 | 384c 8954 | 2430 448b | 5424 4444 | 8954 2438 | 448b 4c24 | 6444 894c 
  0x0000024b0b48ff38: 243c 4489 | 4424 7844 | 895c 247c 

  0x0000024b0b48ff44: ;   {runtime_call UncommonTrapBlob}
  0x0000024b0b48ff44: c5f8 77e8 

  0x0000024b0b48ff48: ; ImmutableOopMap {rbp=Oop [32]=Oop [56]=NarrowOop [60]=NarrowOop [80]=Oop [88]=Oop [96]=NarrowOop [120]=NarrowOop }
                      ;*invokestatic indexOfChar {reexecute=0 rethrow=0 return_oop=0}
                      ; - java.lang.StringLatin1::indexOf@33
                      ; - java.lang.String::indexOf@17
                      ; - java.lang.String::indexOf@3
                      ; - java.io.WinNTFileSystem::isInvalid@5
                      ; - java.io.File::isInvalid@13
                      ; - java.io.FileInputStream::<init>@54
                      ; - jdk.internal.loader.URLClassPath$FileLoader$1::getInputStream@8
                      ; - jdk.internal.loader.Resource::cachedInputStream@9
                      ; - jdk.internal.loader.Resource::getBytes@1
                      ; - java.net.URLClassLoader::defineClass@179
  0x0000024b0b48ff48: b446 0aff 

  0x0000024b0b48ff4c: ;   {other}
  0x0000024b0b48ff4c: 0f1f 8400 | bc5a 0062 | bace ffff | ff48 8b6c | 2430 4c8b | 5424 384c | 8954 2430 | 448b 5424 
  0x0000024b0b48ff6c: 4444 8954 | 2438 4c8b | 5424 584c | 8954 2448 | 448b 5424 | 6844 8954 | 243c 4489 | 5c24 6844 
  0x0000024b0b48ff8c: 8944 246c 

  0x0000024b0b48ff90: ;   {runtime_call UncommonTrapBlob}
  0x0000024b0b48ff90: c5f8 77e8 

  0x0000024b0b48ff94: ; ImmutableOopMap {rbp=Oop [32]=Oop [40]=Oop [56]=NarrowOop [60]=NarrowOop [72]=Oop [84]=NarrowOop [88]=Oop [96]=Oop [104]=NarrowOop }
                      ;*invokestatic indexOfChar {reexecute=0 rethrow=0 return_oop=0}
                      ; - java.lang.StringLatin1::indexOf@33
                      ; - java.lang.String::indexOf@17
                      ; - java.lang.String::indexOf@3
                      ; - java.io.WinNTFileSystem::isInvalid@5
                      ; - java.io.File::isInvalid@13
                      ; - java.io.FileInputStream::<init>@54
                      ; - jdk.internal.loader.URLClassPath$FileLoader$1::getInputStream@8
                      ; - jdk.internal.loader.Resource::cachedInputStream@9
                      ; - jdk.internal.loader.Resource::getByteBuffer@1
                      ; - java.net.URLClassLoader::defineClass@132
  0x0000024b0b48ff94: 6846 0aff 

  0x0000024b0b48ff98: ;   {other}
  0x0000024b0b48ff98: 0f1f 8400 | 085b 0063 | ba45 ffff | ff4c 8b54 | 2430 4c89 | 5424 2044 | 8b5c 2444 | 4489 5c24 
  0x0000024b0b48ffb8: 4048 897c | 2448 895c | 2444 4c89 | 4424 5090 

  0x0000024b0b48ffc8: ;   {runtime_call UncommonTrapBlob}
  0x0000024b0b48ffc8: c5f8 77e8 

  0x0000024b0b48ffcc: ; ImmutableOopMap {[32]=Oop [40]=Oop [64]=NarrowOop [68]=NarrowOop [72]=Oop [80]=Oop }
                      ;*ifeq {reexecute=1 rethrow=0 return_oop=0}
                      ; - (reexecute) java.lang.Thread::getAndClearInterrupt@6
                      ; - java.lang.Thread::interrupted@3
                      ; - jdk.internal.loader.Resource::getBytes@5
                      ; - java.net.URLClassLoader::defineClass@179
  0x0000024b0b48ffcc: 3046 0aff 

  0x0000024b0b48ffd0: ;   {other}
  0x0000024b0b48ffd0: 0f1f 8400 | 405b 0064 | ba45 ffff | ff48 8b6c | 2430 48ff | 7424 2848 | 8f44 2420 | 4c8b 5424 
  0x0000024b0b48fff0: 384c 8954 | 2430 448b | 4424 4444 | 8944 2438 | 4c89 5c24 | 4844 8b5c | 2440 4489 | 5c24 3c44 
  0x0000024b0b490010: 894c 2444 

  0x0000024b0b490014: ;   {runtime_call UncommonTrapBlob}
  0x0000024b0b490014: c5f8 77e8 

  0x0000024b0b490018: ; ImmutableOopMap {rbp=Oop [32]=Oop [56]=NarrowOop [60]=NarrowOop [72]=Oop [96]=Oop }
                      ;*if_icmpne {reexecute=1 rethrow=0 return_oop=0}
                      ; - (reexecute) jdk.internal.loader.Resource::getBytes@36
                      ; - java.net.URLClassLoader::defineClass@179
  0x0000024b0b490018: e445 0aff 

  0x0000024b0b49001c: ;   {other}
  0x0000024b0b49001c: 0f1f 8400 | 8c5b 0065 | 41bb 0100 | 0000 ba45 | ffff ff48 | 8b6c 2430 | 48ff 7424 | 2848 8f44 
  0x0000024b0b49003c: 2420 4c8b | 5424 384c | 8954 2430 | 448b 4424 | 4444 8944 | 2438 4489 | 5c24 3c90 

  0x0000024b0b490058: ;   {runtime_call UncommonTrapBlob}
  0x0000024b0b490058: c5f8 77e8 

  0x0000024b0b49005c: ; ImmutableOopMap {rbp=Oop [32]=Oop [56]=NarrowOop [72]=Oop [96]=Oop }
                      ;*ifeq {reexecute=1 rethrow=0 return_oop=0}
                      ; - (reexecute) jdk.internal.loader.Resource::getBytes@199
                      ; - java.net.URLClassLoader::defineClass@179
  0x0000024b0b49005c: a045 0aff 

  0x0000024b0b490060: ;   {other}
  0x0000024b0b490060: 0f1f 8400 | d05b 0066 | ba45 ffff | ff4c 8b54 | 2430 4c89 | 5424 2044 | 8b54 2444 | 4489 5424 
  0x0000024b0b490080: 404c 895c | 2478 448b | 5424 6444 | 8954 2444 | 4c89 9c24 | 8000 0000 | 4c89 8c24 | 8800 0000 
  0x0000024b0b4900a0: ;   {runtime_call UncommonTrapBlob}
  0x0000024b0b4900a0: c5f8 77e8 

  0x0000024b0b4900a4: ; ImmutableOopMap {rbp=NarrowOop [32]=Oop [40]=Oop [64]=NarrowOop [68]=NarrowOop [80]=Oop [120]=Oop [128]=Oop [136]=Oop }
                      ;*ifnonnull {reexecute=1 rethrow=0 return_oop=0}
                      ; - (reexecute) java.io.FileDescriptor::attach@4
                      ; - java.io.FileInputStream::<init>@86
                      ; - jdk.internal.loader.URLClassPath$FileLoader$1::getInputStream@8
                      ; - jdk.internal.loader.Resource::cachedInputStream@9
                      ; - jdk.internal.loader.Resource::getBytes@1
                      ; - java.net.URLClassLoader::defineClass@179
  0x0000024b0b4900a4: 5845 0aff 

  0x0000024b0b4900a8: ;   {other}
  0x0000024b0b4900a8: 0f1f 8400 | 185c 0067 | ba45 ffff | ff4c 8b44 | 2430 4c89 | 4424 2044 | 8b44 2444 | 4489 4424 
  0x0000024b0b4900c8: 404c 895c | 2470 4c89 | 5c24 7844 | 8954 2444 

  0x0000024b0b4900d8: ;   {runtime_call UncommonTrapBlob}
  0x0000024b0b4900d8: c5f8 77e8 

  0x0000024b0b4900dc: ; ImmutableOopMap {[32]=Oop [40]=Oop [64]=NarrowOop [68]=NarrowOop [80]=Oop [112]=Oop [120]=Oop }
                      ;*if_icmplt {reexecute=1 rethrow=0 return_oop=0}
                      ; - (reexecute) jdk.internal.misc.VM::isBooted@4
                      ; - jdk.internal.misc.Blocker::begin@0
                      ; - java.io.FileInputStream::open@0
                      ; - java.io.FileInputStream::<init>@96
                      ; - jdk.internal.loader.URLClassPath$FileLoader$1::getInputStream@8
                      ; - jdk.internal.loader.Resource::cachedInputStream@9
                      ; - jdk.internal.loader.Resource::getBytes@1
                      ; - java.net.URLClassLoader::defineClass@179
  0x0000024b0b4900dc: 2045 0aff 

  0x0000024b0b4900e0: ;   {other}
  0x0000024b0b4900e0: 0f1f 8400 | 505c 0068 | 498b f949 | 8bd7 c5f8 | 7749 ba70 | edc4 00fc | 7f00 0041 

  0x0000024b0b4900fc: ;   {other}
  0x0000024b0b4900fc: ffd2 0f1f | 8400 0000 | 0000 4c8b | 5c24 584c | 8bcf e9c4 | baff ff49 | 8bf9 498b | db49 8bd7 
  0x0000024b0b49011c: c5f8 7749 | ba70 edc4 | 00fc 7f00 | 0041 ffd2 

  0x0000024b0b49012c: ;   {other}
  0x0000024b0b49012c: 0f1f 8400 | 0000 0000 | 4c8b db4c | 8bcf e94d | bbff ff49 | 8bdb 418b | f849 8bd7 | c5f8 7749 
  0x0000024b0b49014c: ba70 edc4 | 00fc 7f00 | 0041 ffd2 

  0x0000024b0b490158: ;   {other}
  0x0000024b0b490158: 0f1f 8400 | 0000 0000 | e921 ddff | ff49 8bd7 | c5f8 7749 | ba70 edc4 | 00fc 7f00 | 0041 ffd2 
  0x0000024b0b490178: ;   {other}
  0x0000024b0b490178: 0f1f 8400 | 0000 0000 | e9a8 ddff | ff49 8bd7 | c5f8 7749 | ba70 edc4 | 00fc 7f00 | 0041 ffd2 
  0x0000024b0b490198: ;   {other}
  0x0000024b0b490198: 0f1f 8400 | 0000 0000 | e9c7 ddff | ff49 8bfb | 498b d7c5 | f877 49ba | 70ed c400 | fc7f 0000 
  0x0000024b0b4901b8: ;   {other}
  0x0000024b0b4901b8: 41ff d20f | 1f84 0000 | 0000 00e9 | 2ddd ffff | 8bf3 498b | db49 8bd7 | c5f8 7749 | ba70 edc4 
  0x0000024b0b4901d8: 00fc 7f00 | 0041 ffd2 

  0x0000024b0b4901e0: ;   {other}
  0x0000024b0b4901e0: 0f1f 8400 | 0000 0000 | 4c8b db8b | d6e9 a8bd | ffff 498b | f28b fa49 | 8bdb 498b | d7c5 f877 
  0x0000024b0b490200: 49ba 70ed | c400 fc7f | 0000 41ff 

  0x0000024b0b49020c: ;   {other}
  0x0000024b0b49020c: d20f 1f84 | 0000 0000 | 004c 8bdb | 8bd7 4c8b | d6e9 2dbe | ffff 4d8b | ea8b f249 | 8bfb 498b 
  0x0000024b0b49022c: d7c5 f877 | 49ba 70ed | c400 fc7f | 0000 41ff 

  0x0000024b0b49023c: ;   {other}
  0x0000024b0b49023c: d20f 1f84 | 0000 0000 | 00e9 98de | ffff 4d8b | ea8b f249 | 8bdb 498b | d7c5 f877 | 49ba 70ed 
  0x0000024b0b49025c: c400 fc7f | 0000 41ff 

  0x0000024b0b490264: ;   {other}
  0x0000024b0b490264: d20f 1f84 | 0000 0000 | 00e9 b3de | ffff 498b | ea8b f249 | 8bfb 498b | d7c5 f877 | 49ba 70ed 
  0x0000024b0b490284: c400 fc7f | 0000 41ff 

  0x0000024b0b49028c: ;   {other}
  0x0000024b0b49028c: d20f 1f84 | 0000 0000 | 004c 8bdf | 8bd6 4c8b | d5e9 88be | ffff 8bea | 488b f749 | 8bdb 418b 
  0x0000024b0b4902ac: fa49 8bd7 | c5f8 7749 | ba70 edc4 | 00fc 7f00 | 0041 ffd2 

  0x0000024b0b4902c0: ;   {other}
  0x0000024b0b4902c0: 0f1f 8400 | 0000 0000 | 448b d74c | 8bdb 488b | fe8b d5e9 | babf ffff | 498b d7c5 | f877 49ba 
  0x0000024b0b4902e0: 70ed c400 | fc7f 0000 

  0x0000024b0b4902e8: ;   {other}
  0x0000024b0b4902e8: 41ff d20f | 1f84 0000 | 0000 00e9 | 75c0 ffff | ba45 ffff | ff44 8b54 | 2444 4489 | 5424 404c 
  0x0000024b0b490308: 8b54 2458 | 4c89 5424 | 5044 8b5c | 2468 4489 | 5c24 4490 

  0x0000024b0b49031c: ;   {runtime_call UncommonTrapBlob}
  0x0000024b0b49031c: c5f8 77e8 

  0x0000024b0b490320: ; ImmutableOopMap {rbp=NarrowOop [32]=Oop [40]=Oop [48]=Oop [64]=NarrowOop [68]=NarrowOop [80]=Oop [88]=Oop [96]=Oop [120]=Oop }
                      ;*ifnonnull {reexecute=1 rethrow=0 return_oop=0}
                      ; - (reexecute) java.io.FileDescriptor::attach@4
                      ; - java.io.FileInputStream::<init>@86
                      ; - jdk.internal.loader.URLClassPath$FileLoader$1::getInputStream@8
                      ; - jdk.internal.loader.Resource::cachedInputStream@9
                      ; - jdk.internal.loader.Resource::getByteBuffer@1
                      ; - java.net.URLClassLoader::defineClass@132
  0x0000024b0b490320: dc42 0aff 

  0x0000024b0b490324: ;   {other}
  0x0000024b0b490324: 0f1f 8400 | 945e 0069 | ba45 ffff | ff44 8b5c | 2444 4489 | 5c24 404c | 8b54 2458 | 4c89 5424 
  0x0000024b0b490344: 5066 6690 

  0x0000024b0b490348: ;   {runtime_call UncommonTrapBlob}
  0x0000024b0b490348: c5f8 77e8 

  0x0000024b0b49034c: ; ImmutableOopMap {[32]=Oop [40]=Oop [48]=Oop [64]=NarrowOop [80]=Oop [88]=Oop [96]=Oop [104]=NarrowOop }
                      ;*if_icmplt {reexecute=1 rethrow=0 return_oop=0}
                      ; - (reexecute) jdk.internal.misc.VM::isBooted@4
                      ; - jdk.internal.misc.Blocker::begin@0
                      ; - java.io.FileInputStream::open@0
                      ; - java.io.FileInputStream::<init>@96
                      ; - jdk.internal.loader.URLClassPath$FileLoader$1::getInputStream@8
                      ; - jdk.internal.loader.Resource::cachedInputStream@9
                      ; - jdk.internal.loader.Resource::getByteBuffer@1
                      ; - java.net.URLClassLoader::defineClass@132
  0x0000024b0b49034c: b042 0aff 

  0x0000024b0b490350: ;   {other}
  0x0000024b0b490350: 0f1f 8400 | c05e 006a | 498b d7c5 | f877 49ba | 70ed c400 | fc7f 0000 

  0x0000024b0b490368: ;   {other}
  0x0000024b0b490368: 41ff d20f | 1f84 0000 | 0000 00e9 | 27e3 ffff | 498b d7c5 | f877 49ba | 70ed c400 | fc7f 0000 
  0x0000024b0b490388: ;   {other}
  0x0000024b0b490388: 41ff d20f | 1f84 0000 | 0000 00e9 | c1c8 ffff | 498b d7c5 | f877 49ba | 70ed c400 | fc7f 0000 
  0x0000024b0b4903a8: ;   {other}
  0x0000024b0b4903a8: 41ff d20f | 1f84 0000 | 0000 00e9 | b8c7 ffff | 498b d7c5 | f877 49ba | 70ed c400 | fc7f 0000 
  0x0000024b0b4903c8: ;   {other}
  0x0000024b0b4903c8: 41ff d20f | 1f84 0000 | 0000 00e9 | a3ca ffff | 498b d7c5 | f877 49ba | 70ed c400 | fc7f 0000 
  0x0000024b0b4903e8: ;   {other}
  0x0000024b0b4903e8: 41ff d20f | 1f84 0000 | 0000 00e9 | 78ca ffff | 498b d7c5 | f877 49ba | 70ed c400 | fc7f 0000 
  0x0000024b0b490408: ;   {other}
  0x0000024b0b490408: 41ff d20f | 1f84 0000 | 0000 00e9 | 07ca ffff | 498b d7c5 | f877 49ba | 70ed c400 | fc7f 0000 
  0x0000024b0b490428: ;   {other}
  0x0000024b0b490428: 41ff d20f | 1f84 0000 | 0000 00e9 | 94ca ffff | 498b d7c5 | f877 49ba | 70ed c400 | fc7f 0000 
  0x0000024b0b490448: ;   {other}
  0x0000024b0b490448: 41ff d20f | 1f84 0000 | 0000 00e9 | 46cb ffff | 498b d7c5 | f877 49ba | 70ed c400 | fc7f 0000 
  0x0000024b0b490468: ;   {other}
  0x0000024b0b490468: 41ff d20f | 1f84 0000 | 0000 00e9 | 76cb ffff | 498b d7c5 | f877 49ba | 70ed c400 | fc7f 0000 
  0x0000024b0b490488: ;   {other}
  0x0000024b0b490488: 41ff d20f | 1f84 0000 | 0000 00e9 | a5cb ffff | 498b d7c5 | f877 49ba | 70ed c400 | fc7f 0000 
  0x0000024b0b4904a8: ;   {other}
  0x0000024b0b4904a8: 41ff d20f | 1f84 0000 | 0000 00e9 | decb ffff | 498b d7c5 | f877 49ba | 70ed c400 | fc7f 0000 
  0x0000024b0b4904c8: ;   {other}
  0x0000024b0b4904c8: 41ff d20f | 1f84 0000 | 0000 00e9 | 41cd ffff | 49c7 c3ff | ffff ff49 | 3bcb bdff | ffff ff7c 
  0x0000024b0b4904e8: 0840 0f95 | c540 0fb6 | edba 45ff | ffff 4c8b | 5c24 304c | 895c 2420 | 448b 5c24 | 4444 895c 
  0x0000024b0b490508: 2440 4c89 | 4424 6844 | 8954 2470 

  0x0000024b0b490514: ;   {runtime_call UncommonTrapBlob}
  0x0000024b0b490514: c5f8 77e8 

  0x0000024b0b490518: ; ImmutableOopMap {[32]=Oop [40]=Oop [64]=NarrowOop [80]=Oop [104]=Oop [112]=NarrowOop }
                      ;*ifne {reexecute=1 rethrow=0 return_oop=0}
                      ; - (reexecute) java.io.FileDescriptor::valid@8
                      ; - java.io.FileCleanable::register@5
                      ; - java.io.FileInputStream::<init>@103
                      ; - jdk.internal.loader.URLClassPath$FileLoader$1::getInputStream@8
                      ; - jdk.internal.loader.Resource::cachedInputStream@9
                      ; - jdk.internal.loader.Resource::getBytes@1
                      ; - java.net.URLClassLoader::defineClass@179
  0x0000024b0b490518: e440 0aff 

  0x0000024b0b49051c: ;   {other}
  0x0000024b0b49051c: 0f1f 8400 | 8c60 006b | ba45 ffff | ff4c 8b44 | 2430 4c89 | 4424 2044 | 8b44 2444 | 4489 4424 
  0x0000024b0b49053c: 404c 895c | 2470 4489 | 5424 7890 

  0x0000024b0b490548: ;   {runtime_call UncommonTrapBlob}
  0x0000024b0b490548: c5f8 77e8 

  0x0000024b0b49054c: ; ImmutableOopMap {rbp=NarrowOop [32]=Oop [40]=Oop [64]=NarrowOop [80]=Oop [88]=Oop [112]=Oop [120]=NarrowOop }
                      ;*ifnull {reexecute=1 rethrow=0 return_oop=0}
                      ; - (reexecute) java.io.FileDescriptor::registerCleanup@11
                      ; - java.io.FileCleanable::register@45
                      ; - java.io.FileInputStream::<init>@103
                      ; - jdk.internal.loader.URLClassPath$FileLoader$1::getInputStream@8
                      ; - jdk.internal.loader.Resource::cachedInputStream@9
                      ; - jdk.internal.loader.Resource::getBytes@1
                      ; - java.net.URLClassLoader::defineClass@179
  0x0000024b0b49054c: b040 0aff 

  0x0000024b0b490550: ;   {other}
  0x0000024b0b490550: 0f1f 8400 | c060 006c | baf6 ffff | ff48 8b6c | 2430 48ff | 7424 2848 | 8f44 2420 | 4c8b 5424 
  0x0000024b0b490570: 384c 8954 | 2430 448b | 4424 4444 | 8944 2438 | 4c89 5c24 | 4066 6690 

  0x0000024b0b490588: ;   {runtime_call UncommonTrapBlob}
  0x0000024b0b490588: c5f8 77e8 

  0x0000024b0b49058c: ; ImmutableOopMap {rbp=Oop [32]=Oop [56]=NarrowOop [64]=Oop [96]=Oop }
                      ;*invokevirtual close {reexecute=0 rethrow=0 return_oop=0}
                      ; - jdk.internal.loader.Resource::getBytes@183
                      ; - java.net.URLClassLoader::defineClass@179
  0x0000024b0b49058c: 7040 0aff 

  0x0000024b0b490590: ;   {other}
  0x0000024b0b490590: 0f1f 8400 | 0061 006d | 49c7 c3ff | ffff ff4d | 3bd3 bdff | ffff ff7c | 0840 0f95 | c540 0fb6 
  0x0000024b0b4905b0: edba 45ff | ffff 448b | 5424 4444 | 8954 2440 | 448b 5424 | 5445 8bda | 4489 5c24 | 5066 6690 
  0x0000024b0b4905d0: ;   {runtime_call UncommonTrapBlob}
  0x0000024b0b4905d0: c5f8 77e8 

  0x0000024b0b4905d4: ; ImmutableOopMap {[32]=Oop [40]=Oop [48]=Oop [64]=NarrowOop [80]=NarrowOop [84]=NarrowOop [88]=Oop [96]=Oop }
                      ;*ifne {reexecute=1 rethrow=0 return_oop=0}
                      ; - (reexecute) java.io.FileDescriptor::valid@8
                      ; - java.io.FileCleanable::register@5
                      ; - java.io.FileInputStream::<init>@103
                      ; - jdk.internal.loader.URLClassPath$FileLoader$1::getInputStream@8
                      ; - jdk.internal.loader.Resource::cachedInputStream@9
                      ; - jdk.internal.loader.Resource::getByteBuffer@1
                      ; - java.net.URLClassLoader::defineClass@132
  0x0000024b0b4905d4: 2840 0aff 

  0x0000024b0b4905d8: ;   {other}
  0x0000024b0b4905d8: 0f1f 8400 | 4861 006e | ba45 ffff | ff44 8b5c | 2444 4489 | 5c24 4044 | 8b54 2454 | 4489 5424 
  0x0000024b0b4905f8: 4466 6690 

  0x0000024b0b4905fc: ;   {runtime_call UncommonTrapBlob}
  0x0000024b0b4905fc: c5f8 77e8 

  0x0000024b0b490600: ; ImmutableOopMap {rbp=NarrowOop [32]=Oop [40]=Oop [48]=Oop [64]=NarrowOop [68]=NarrowOop [88]=Oop [96]=Oop [128]=Oop }
                      ;*ifnull {reexecute=1 rethrow=0 return_oop=0}
                      ; - (reexecute) java.io.FileDescriptor::registerCleanup@11
                      ; - java.io.FileCleanable::register@45
                      ; - java.io.FileInputStream::<init>@103
                      ; - jdk.internal.loader.URLClassPath$FileLoader$1::getInputStream@8
                      ; - jdk.internal.loader.Resource::cachedInputStream@9
                      ; - jdk.internal.loader.Resource::getByteBuffer@1
                      ; - java.net.URLClassLoader::defineClass@132
  0x0000024b0b490600: fc3f 0aff 

  0x0000024b0b490604: ;   {other}
  0x0000024b0b490604: 0f1f 8400 | 7461 006f | 498b d7c5 | f877 49ba | 70ed c400 | fc7f 0000 

  0x0000024b0b49061c: ;   {other}
  0x0000024b0b49061c: 41ff d20f | 1f84 0000 | 0000 00e9 | 0ab5 ffff | 498b d7c5 | f877 49ba | 70ed c400 | fc7f 0000 
  0x0000024b0b49063c: ;   {other}
  0x0000024b0b49063c: 41ff d20f | 1f84 0000 | 0000 00e9 | bbc3 ffff | ba45 ffff | ff48 8b6c | 2430 48ff | 7424 2848 
  0x0000024b0b49065c: 8f44 2420 | 4c8b 5424 | 384c 8954 | 2430 448b | 5424 4444 | 8954 2438 | 448b 5424 | 6444 8954 
  0x0000024b0b49067c: 243c 4489 | 4424 6490 

  0x0000024b0b490684: ;   {runtime_call UncommonTrapBlob}
  0x0000024b0b490684: c5f8 77e8 

  0x0000024b0b490688: ; ImmutableOopMap {rbp=Oop [32]=Oop [56]=NarrowOop [60]=NarrowOop [80]=Oop [88]=Oop [96]=NarrowOop }
                      ;*iflt {reexecute=1 rethrow=0 return_oop=0}
                      ; - (reexecute) java.io.WinNTFileSystem::isInvalid@8
                      ; - java.io.File::isInvalid@13
                      ; - java.io.FileInputStream::<init>@54
                      ; - jdk.internal.loader.URLClassPath$FileLoader$1::getInputStream@8
                      ; - jdk.internal.loader.Resource::cachedInputStream@9
                      ; - jdk.internal.loader.Resource::getBytes@1
                      ; - java.net.URLClassLoader::defineClass@179
  0x0000024b0b490688: 743f 0aff 

  0x0000024b0b49068c: ;   {other}
  0x0000024b0b49068c: 0f1f 8400 | fc61 0070 | ba45 ffff | ff48 8b6c | 2430 4c8b | 5424 384c | 8954 2430 | 448b 5424 
  0x0000024b0b4906ac: 4444 8954 | 2438 4c8b | 5424 584c | 8954 2448 | 448b 5c24 | 5444 895c | 2450 4489 | 4424 5490 
  0x0000024b0b4906cc: ;   {runtime_call UncommonTrapBlob}
  0x0000024b0b4906cc: c5f8 77e8 

  0x0000024b0b4906d0: ; ImmutableOopMap {rbp=Oop [32]=Oop [40]=Oop [56]=NarrowOop [72]=Oop [80]=NarrowOop [88]=Oop [96]=Oop [104]=NarrowOop }
                      ;*iflt {reexecute=1 rethrow=0 return_oop=0}
                      ; - (reexecute) java.io.WinNTFileSystem::isInvalid@8
                      ; - java.io.File::isInvalid@13
                      ; - java.io.FileInputStream::<init>@54
                      ; - jdk.internal.loader.URLClassPath$FileLoader$1::getInputStream@8
                      ; - jdk.internal.loader.Resource::cachedInputStream@9
                      ; - jdk.internal.loader.Resource::getByteBuffer@1
                      ; - java.net.URLClassLoader::defineClass@132
  0x0000024b0b4906d0: 2c3f 0aff 

  0x0000024b0b4906d4: ;   {other}
  0x0000024b0b4906d4: 0f1f 8400 | 4462 0071 | ba66 ffff | ff48 8b6c | 2430 4c8b | 5424 584c | 8954 2428 | 4c8b 5424 
  0x0000024b0b4906f4: 384c 8954 | 2430 448b | 5424 4c44 | 8954 2438 | 448b 5424 | 6044 8954 | 2450 4489 | 5424 5490 
  0x0000024b0b490714: ;   {runtime_call UncommonTrapBlob}
  0x0000024b0b490714: c5f8 77e8 

  0x0000024b0b490718: ; ImmutableOopMap {rbp=Oop [32]=Oop [40]=Oop [56]=NarrowOop [80]=NarrowOop [84]=NarrowOop [144]=Oop }
                      ;*invokevirtual getManifest {reexecute=0 rethrow=0 return_oop=0}
                      ; - java.util.jar.JarFile::maybeInstantiateVerifier@31
                      ; - java.util.jar.JarFile::ensureInitialization@1
                      ; - java.util.jar.JavaUtilJarAccessImpl::ensureInitialization@1
                      ; - jdk.internal.loader.URLClassPath$JarLoader$2::getManifest@10
                      ; - java.net.URLClassLoader::defineClass@34
  0x0000024b0b490718: e43e 0aff 

  0x0000024b0b49071c: ;   {other}
  0x0000024b0b49071c: 0f1f 8400 | 8c62 0072 | bade ffff | ff4c 8b54 | 2430 4c89 | 5424 204c | 8b54 2438 | 4c89 5424 
  0x0000024b0b49073c: 3044 8b54 | 2444 4489 | 5424 3890 

  0x0000024b0b490748: ;   {runtime_call UncommonTrapBlob}
  0x0000024b0b490748: c5f8 77e8 

  0x0000024b0b49074c: ; ImmutableOopMap {rbp=NarrowOop [32]=Oop [40]=Oop [56]=NarrowOop [80]=Oop [104]=Oop }
                      ;*invokevirtual getManifest {reexecute=0 rethrow=0 return_oop=0}
                      ; - java.util.jar.JarFile::maybeInstantiateVerifier@31
                      ; - java.util.jar.JarFile$JarFileEntry::getCodeSigners@4
                      ; - jdk.internal.loader.URLClassPath$JarLoader$2::getCodeSigners@4
                      ; - java.net.URLClassLoader::defineClass@185
  0x0000024b0b49074c: b03e 0aff 

  0x0000024b0b490750: ;   {other}
  0x0000024b0b490750: 0f1f 8400 | c062 0073 | 498b d7c5 | f877 49ba | 70ed c400 | fc7f 0000 

  0x0000024b0b490768: ;   {other}
  0x0000024b0b490768: 41ff d20f | 1f84 0000 | 0000 00e9 | 26cf ffff | 498b d7c5 | f877 49ba | 70ed c400 | fc7f 0000 
  0x0000024b0b490788: ;   {other}
  0x0000024b0b490788: 41ff d20f | 1f84 0000 | 0000 00e9 | 53d1 ffff | baf6 ffff | ff48 8b6c | 2430 48ff | 7424 2848 
  0x0000024b0b4907a8: 8f44 2420 | 4c8b 5424 | 384c 8954 | 2430 448b | 4424 4444 | 8944 2438 | 4c8b 5424 | 504c 8954 
  0x0000024b0b4907c8: 2440 4c89 | 5424 484c | 895c 2450 

  0x0000024b0b4907d4: ;   {runtime_call UncommonTrapBlob}
  0x0000024b0b4907d4: c5f8 77e8 

  0x0000024b0b4907d8: ; ImmutableOopMap {rbp=Oop [32]=Oop [56]=NarrowOop [64]=Oop [72]=Oop [80]=Oop }
                      ;*invokevirtual attach {reexecute=0 rethrow=0 return_oop=0}
                      ; - java.io.FileInputStream::<init>@86
                      ; - jdk.internal.loader.URLClassPath$FileLoader$1::getInputStream@8
                      ; - jdk.internal.loader.Resource::cachedInputStream@9
                      ; - jdk.internal.loader.Resource::getBytes@1
                      ; - java.net.URLClassLoader::defineClass@179
  0x0000024b0b4907d8: 243e 0aff 

  0x0000024b0b4907dc: ;   {other}
  0x0000024b0b4907dc: 0f1f 8400 | 4c63 0074 | baf6 ffff | ff48 8b6c | 2430 4c8b | 5424 384c | 8954 2430 | 448b 5c24 
  0x0000024b0b4907fc: 4444 895c | 2438 6690 

  0x0000024b0b490804: ;   {runtime_call UncommonTrapBlob}
  0x0000024b0b490804: c5f8 77e8 

  0x0000024b0b490808: ; ImmutableOopMap {rbp=Oop [32]=Oop [40]=Oop [56]=NarrowOop [88]=Oop [96]=Oop }
                      ;*invokevirtual attach {reexecute=0 rethrow=0 return_oop=0}
                      ; - java.io.FileInputStream::<init>@86
                      ; - jdk.internal.loader.URLClassPath$FileLoader$1::getInputStream@8
                      ; - jdk.internal.loader.Resource::cachedInputStream@9
                      ; - jdk.internal.loader.Resource::getByteBuffer@1
                      ; - java.net.URLClassLoader::defineClass@132
  0x0000024b0b490808: f43d 0aff 

  0x0000024b0b49080c: ;   {other}
  0x0000024b0b49080c: 0f1f 8400 | 7c63 0075 | baf6 ffff | ff48 8b6c | 2430 4889 | 7424 2090 

  0x0000024b0b490824: ;   {runtime_call UncommonTrapBlob}
  0x0000024b0b490824: c5f8 77e8 

  0x0000024b0b490828: ; ImmutableOopMap {rbp=Oop [32]=Oop }
                      ;*invokevirtual lastIndexOf {reexecute=0 rethrow=0 return_oop=0}
                      ; - java.net.URLClassLoader::defineClass@7
  0x0000024b0b490828: d43d 0aff 

  0x0000024b0b49082c: ;   {other}
  0x0000024b0b49082c: 0f1f 8400 | 9c63 0076 | baf6 ffff | ff48 8b6c | 2430 4c89 | 5424 2048 | 8974 2428 

  0x0000024b0b490848: ;   {runtime_call UncommonTrapBlob}
  0x0000024b0b490848: c5f8 77e8 

  0x0000024b0b49084c: ; ImmutableOopMap {rbp=Oop [32]=Oop [40]=Oop }
                      ;*arraylength {reexecute=0 rethrow=0 return_oop=0}
                      ; - java.lang.String::length@4
                      ; - java.lang.String::lastIndexOf@3
                      ; - java.net.URLClassLoader::defineClass@7
  0x0000024b0b49084c: b03d 0aff 

  0x0000024b0b490850: ;   {other}
  0x0000024b0b490850: 0f1f 8400 | c063 0077 | baf6 ffff | ff8b e84c | 8b54 2430 | 4c89 5424 | 2066 6690 

  0x0000024b0b49086c: ;   {runtime_call UncommonTrapBlob}
  0x0000024b0b49086c: c5f8 77e8 

  0x0000024b0b490870: ; ImmutableOopMap {[32]=Oop [40]=Oop }
                      ;*invokevirtual getCodeSourceURL {reexecute=0 rethrow=0 return_oop=0}
                      ; - java.net.URLClassLoader::defineClass@13
  0x0000024b0b490870: 8c3d 0aff 

  0x0000024b0b490874: ;   {other}
  0x0000024b0b490874: 0f1f 8400 | e463 0078 | baf4 ffff | ff48 8b6c | 2430 48ff | 7424 2848 | 8f44 2420 | 4889 7424 
  0x0000024b0b490894: 284c 8b54 | 2438 4c89 | 5424 3044 | 8974 2438 

  0x0000024b0b4908a4: ;   {runtime_call UncommonTrapBlob}
  0x0000024b0b4908a4: c5f8 77e8 

  0x0000024b0b4908a8: ; ImmutableOopMap {rbp=Oop [32]=Oop [40]=Oop [56]=NarrowOop }
                      ;*instanceof {reexecute=0 rethrow=0 return_oop=0}
                      ; - jdk.internal.loader.Resource::getByteBuffer@6
                      ; - java.net.URLClassLoader::defineClass@132
  0x0000024b0b4908a8: 543d 0aff 

  0x0000024b0b4908ac: ;   {other}
  0x0000024b0b4908ac: 0f1f 8400 | 1c64 0079 | baf6 ffff | ff48 8b6c | 2430 6690 

  0x0000024b0b4908c0: ;   {runtime_call UncommonTrapBlob}
  0x0000024b0b4908c0: c5f8 77e8 

  0x0000024b0b4908c4: ; ImmutableOopMap {rbp=Oop [32]=Oop [40]=Oop [104]=Oop }
                      ;*invokevirtual get {reexecute=0 rethrow=0 return_oop=0}
                      ; - jdk.internal.perf.PerfCounter::get@5
                      ; - jdk.internal.perf.PerfCounter::add@1
                      ; - jdk.internal.perf.PerfCounter::addElapsedTimeFrom@6
                      ; - java.net.URLClassLoader::defineClass@207
  0x0000024b0b4908c4: 383d 0aff 

  0x0000024b0b4908c8: ;   {other}
  0x0000024b0b4908c8: 0f1f 8400 | 3864 007a | baf6 ffff | ff48 8b6c | 2420 6690 

  0x0000024b0b4908dc: ;   {runtime_call UncommonTrapBlob}
  0x0000024b0b4908dc: c5f8 77e8 

  0x0000024b0b4908e0: ; ImmutableOopMap {rbp=Oop [40]=Oop [48]=Oop }
                      ;*arraylength {reexecute=0 rethrow=0 return_oop=0}
                      ; - java.net.URLClassLoader::defineClass@217
  0x0000024b0b4908e0: 1c3d 0aff 

  0x0000024b0b4908e4: ;   {other}
  0x0000024b0b4908e4: 0f1f 8400 | 5464 007b | baf6 ffff | ff8b e84c | 8b54 2430 | 4c89 5424 | 204c 895c | 2430 6690 
  0x0000024b0b490904: ;   {runtime_call UncommonTrapBlob}
  0x0000024b0b490904: c5f8 77e8 

  0x0000024b0b490908: ; ImmutableOopMap {[32]=Oop [40]=Oop [48]=Oop }
                      ;*getfield csu {reexecute=1 rethrow=0 return_oop=0}
                      ; - (reexecute) jdk.internal.loader.URLClassPath$JarLoader$2::getCodeSourceURL@4
                      ; - java.net.URLClassLoader::defineClass@13
  0x0000024b0b490908: f43c 0aff 

  0x0000024b0b49090c: ;   {other}
  0x0000024b0b49090c: 0f1f 8400 | 7c64 007c | baf6 ffff | ff48 8b6c | 2430 48ff | 7424 2848 | 8f44 2420 | 4889 7c24 
  0x0000024b0b49092c: 284c 8b54 | 2438 4c89 | 5424 3044 | 8974 2438 

  0x0000024b0b49093c: ;   {runtime_call UncommonTrapBlob}
  0x0000024b0b49093c: c5f8 77e8 

  0x0000024b0b490940: ; ImmutableOopMap {rbp=Oop [32]=Oop [40]=Oop [56]=NarrowOop [144]=Oop }
                      ;*getfield jar {reexecute=1 rethrow=0 return_oop=0}
                      ; - (reexecute) jdk.internal.loader.URLClassPath$JarLoader$2::getManifest@7
                      ; - java.net.URLClassLoader::defineClass@34
  0x0000024b0b490940: bc3c 0aff 

  0x0000024b0b490944: ;   {other}
  0x0000024b0b490944: 0f1f 8400 | b464 007d | baf6 ffff | ff48 8b6c | 2430 48ff | 7424 2848 | 8f44 2420 | 4889 7c24 
  0x0000024b0b490964: 284c 8b54 | 2438 4c89 | 5424 3044 | 8974 2438 

  0x0000024b0b490974: ;   {runtime_call UncommonTrapBlob}
  0x0000024b0b490974: c5f8 77e8 

  0x0000024b0b490978: ; ImmutableOopMap {rbp=Oop [32]=Oop [40]=Oop [56]=NarrowOop [144]=Oop }
                      ;*invokevirtual ensureInitialization {reexecute=0 rethrow=0 return_oop=0}
                      ; - java.util.jar.JavaUtilJarAccessImpl::ensureInitialization@1
                      ; - jdk.internal.loader.URLClassPath$JarLoader$2::getManifest@10
                      ; - java.net.URLClassLoader::defineClass@34
  0x0000024b0b490978: 843c 0aff 

  0x0000024b0b49097c: ;   {other}
  0x0000024b0b49097c: 0f1f 8400 | ec64 007e | baf6 ffff | ff48 8b6c | 2430 48ff | 7424 2848 | 8f44 2420 | 4889 7c24 
  0x0000024b0b49099c: 284c 8b54 | 2438 4c89 | 5424 3044 | 8974 2438 

  0x0000024b0b4909ac: ;   {runtime_call UncommonTrapBlob}
  0x0000024b0b4909ac: c5f8 77e8 

  0x0000024b0b4909b0: ; ImmutableOopMap {rbp=Oop [32]=Oop [40]=Oop [56]=NarrowOop [144]=Oop }
                      ;*getfield jar {reexecute=1 rethrow=0 return_oop=0}
                      ; - (reexecute) jdk.internal.loader.URLClassPath$JarLoader$2::getManifest@19
                      ; - java.net.URLClassLoader::defineClass@34
  0x0000024b0b4909b0: 4c3c 0aff 

  0x0000024b0b4909b4: ;   {other}
  0x0000024b0b4909b4: 0f1f 8400 | 2465 007f | baf6 ffff | ff48 8b6c | 2430 48ff | 7424 2848 | 8f44 2420 | 4889 7c24 
  0x0000024b0b4909d4: 284c 8b54 | 2438 4c89 | 5424 3044 | 8974 2438 

  0x0000024b0b4909e4: ;   {runtime_call UncommonTrapBlob}
  0x0000024b0b4909e4: c5f8 77e8 

  0x0000024b0b4909e8: ; ImmutableOopMap {rbp=Oop [32]=Oop [40]=Oop [56]=NarrowOop [144]=Oop }
                      ;*invokevirtual getManifest {reexecute=0 rethrow=0 return_oop=0}
                      ; - jdk.internal.loader.URLClassPath$JarLoader$2::getManifest@22
                      ; - java.net.URLClassLoader::defineClass@34
  0x0000024b0b4909e8: 143c 0aff 

  0x0000024b0b4909ec: ;   {other}
  0x0000024b0b4909ec: 0f1f 8400 | 5c65 0080 | baf6 ffff | ff48 8b6c | 2430 48ff | 7424 2848 | 8f44 2420 | 4c8b 5424 
  0x0000024b0b490a0c: 384c 8954 | 2428 6690 

  0x0000024b0b490a14: ;   {runtime_call UncommonTrapBlob}
  0x0000024b0b490a14: c5f8 77e8 

  0x0000024b0b490a18: ; ImmutableOopMap {rbp=Oop [32]=Oop [68]=NarrowOop [104]=Oop }
                      ;*invokevirtual getCodeSigners {reexecute=0 rethrow=0 return_oop=0}
                      ; - jdk.internal.loader.URLClassPath$JarLoader$2::getCodeSigners@4
                      ; - java.net.URLClassLoader::defineClass@185
  0x0000024b0b490a18: e43b 0aff 

  0x0000024b0b490a1c: ;   {other}
  0x0000024b0b490a1c: 0f1f 8400 | 8c65 0081 | baf6 ffff | ff48 8b6c | 2430 48ff | 7424 2848 | 8f44 2420 | 4c8b 5424 
  0x0000024b0b490a3c: 384c 8954 | 2428 448b | 5424 4444 | 8954 2430 | 4c89 4c24 | 4066 6690 

  0x0000024b0b490a54: ;   {runtime_call UncommonTrapBlob}
  0x0000024b0b490a54: c5f8 77e8 

  0x0000024b0b490a58: ; ImmutableOopMap {rbp=Oop [32]=Oop [48]=NarrowOop [64]=Oop [104]=Oop }
                      ;*invokevirtual maybeInstantiateVerifier {reexecute=0 rethrow=0 return_oop=0}
                      ; - java.util.jar.JarFile$JarFileEntry::getCodeSigners@4
                      ; - jdk.internal.loader.URLClassPath$JarLoader$2::getCodeSigners@4
                      ; - java.net.URLClassLoader::defineClass@185
  0x0000024b0b490a58: a43b 0aff 

  0x0000024b0b490a5c: ;   {other}
  0x0000024b0b490a5c: 0f1f 8400 | cc65 0082 | baf6 ffff | ff48 8b6c | 2430 48ff | 7424 2848 | 8f44 2420 | 4c8b 5424 
  0x0000024b0b490a7c: 384c 8954 | 2428 448b | 5424 4444 | 8954 2430 | 4c89 4c24 | 4066 6690 

  0x0000024b0b490a94: ;   {runtime_call UncommonTrapBlob}
  0x0000024b0b490a94: c5f8 77e8 

  0x0000024b0b490a98: ; ImmutableOopMap {rbp=Oop [32]=Oop [48]=NarrowOop [64]=Oop [104]=Oop }
                      ;*getfield jv {reexecute=1 rethrow=0 return_oop=0}
                      ; - (reexecute) java.util.jar.JarFile$JarFileEntry::getCodeSigners@31
                      ; - jdk.internal.loader.URLClassPath$JarLoader$2::getCodeSigners@4
                      ; - java.net.URLClassLoader::defineClass@185
  0x0000024b0b490a98: 643b 0aff 

  0x0000024b0b490a9c: ;   {other}
  0x0000024b0b490a9c: 0f1f 8400 | 0c66 0083 | baf6 ffff | ff48 8b6c | 2430 4c8b | 5424 384c | 8954 2430 | 448b 5c24 
  0x0000024b0b490abc: 4444 895c | 2438 6690 

  0x0000024b0b490ac4: ;   {runtime_call UncommonTrapBlob}
  0x0000024b0b490ac4: c5f8 77e8 

  0x0000024b0b490ac8: ; ImmutableOopMap {rbp=Oop [32]=Oop [40]=Oop [56]=NarrowOop [80]=Oop [144]=Oop }
                      ;*invokevirtual isNamed {reexecute=0 rethrow=0 return_oop=0}
                      ; - java.lang.Package::isSealed@4
                      ; - java.net.URLClassLoader::getAndVerifyPackage@14
                      ; - java.net.URLClassLoader::defineClass@46
  0x0000024b0b490ac8: 343b 0aff 

  0x0000024b0b490acc: ;   {other}
  0x0000024b0b490acc: 0f1f 8400 | 3c66 0084 | baf6 ffff | ff48 8b6c | 2430 4c8b | 5424 384c | 8954 2430 | 448b 5c24 
  0x0000024b0b490aec: 4444 895c | 2438 6690 

  0x0000024b0b490af4: ;   {runtime_call UncommonTrapBlob}
  0x0000024b0b490af4: c5f8 77e8 

  0x0000024b0b490af8: ; ImmutableOopMap {rbp=Oop [32]=Oop [40]=Oop [56]=NarrowOop [80]=Oop [144]=Oop }
                      ;*getfield sealBase {reexecute=1 rethrow=0 return_oop=0}
                      ; - (reexecute) java.lang.Package::isSealed@14
                      ; - java.net.URLClassLoader::getAndVerifyPackage@14
                      ; - java.net.URLClassLoader::defineClass@46
  0x0000024b0b490af8: 043b 0aff 

  0x0000024b0b490afc: ;   {other}
  0x0000024b0b490afc: 0f1f 8400 | 6c66 0085 | baf6 ffff | ff48 8b6c | 2430 48ff | 7424 2848 | 8f44 2420 | 4889 7424 
  0x0000024b0b490b1c: 284c 8b54 | 2438 4c89 | 5424 3044 | 8974 2438 | 4c89 4c24 | 4066 6690 

  0x0000024b0b490b34: ;   {runtime_call UncommonTrapBlob}
  0x0000024b0b490b34: c5f8 77e8 

  0x0000024b0b490b38: ; ImmutableOopMap {rbp=Oop [32]=Oop [40]=Oop [56]=NarrowOop [64]=Oop }
                      ;*getfield jar {reexecute=1 rethrow=0 return_oop=0}
                      ; - (reexecute) jdk.internal.loader.URLClassPath$JarLoader$2::getInputStream@4
                      ; - jdk.internal.loader.Resource::cachedInputStream@9
                      ; - jdk.internal.loader.Resource::getByteBuffer@1
                      ; - java.net.URLClassLoader::defineClass@132
  0x0000024b0b490b38: c43a 0aff 

  0x0000024b0b490b3c: ;   {other}
  0x0000024b0b490b3c: 0f1f 8400 | ac66 0086 | ba45 ffff | ff4c 8b54 | 2430 498b | ea48 ff74 | 2428 488f | 4424 2048 
  0x0000024b0b490b5c: ff74 2438 | 488f 4424 | 3044 8974 | 2438 4889 | 7c24 4844 | 8944 2450 

  0x0000024b0b490b74: ;   {runtime_call UncommonTrapBlob}
  0x0000024b0b490b74: c5f8 77e8 

  0x0000024b0b490b78: ; ImmutableOopMap {rbp=Oop [32]=Oop [56]=NarrowOop [72]=Oop [80]=NarrowOop [144]=Oop }
                      ;*ifnonnull {reexecute=1 rethrow=0 return_oop=0}
                      ; - (reexecute) jdk.internal.access.SharedSecrets::javaUtilJarAccess@5
                      ; - jdk.internal.loader.URLClassPath$JarLoader$2::getManifest@0
                      ; - java.net.URLClassLoader::defineClass@34
  0x0000024b0b490b78: 843a 0aff 

  0x0000024b0b490b7c: ;   {other}
  0x0000024b0b490b7c: 0f1f 8400 | ec66 0087 | baf6 ffff | ff48 8b6c | 2430 48ff | 7424 2848 | 8f44 2420 | 4c8b 5c24 
  0x0000024b0b490b9c: 384c 895c | 2430 448b | 4424 4444 | 8944 2438 | 4489 4c24 | 4889 5c24 | 5844 8954 | 245c 6690 
  0x0000024b0b490bbc: ;   {runtime_call UncommonTrapBlob}
  0x0000024b0b490bbc: c5f8 77e8 

  0x0000024b0b490bc0: ; ImmutableOopMap {rbp=Oop [32]=Oop [56]=NarrowOop [96]=Oop [136]=Oop }
                      ;*invokevirtual read {reexecute=0 rethrow=0 return_oop=0}
                      ; - jdk.internal.loader.Resource::getBytes@117
                      ; - java.net.URLClassLoader::defineClass@179
  0x0000024b0b490bc0: 3c3a 0aff 

  0x0000024b0b490bc4: ;   {other}
  0x0000024b0b490bc4: 0f1f 8400 | 3467 0088 | baf6 ffff | ff8b e84c | 8b54 2430 | 4c89 5424 | 204c 895c | 2430 6690 
  0x0000024b0b490be4: ;   {runtime_call UncommonTrapBlob}
  0x0000024b0b490be4: c5f8 77e8 

  0x0000024b0b490be8: ; ImmutableOopMap {[32]=Oop [40]=Oop [48]=Oop }
                      ;*invokevirtual getBaseURL {reexecute=0 rethrow=0 return_oop=0}
                      ; - jdk.internal.loader.URLClassPath$FileLoader$1::getCodeSourceURL@4
                      ; - java.net.URLClassLoader::defineClass@13
  0x0000024b0b490be8: 143a 0aff 

  0x0000024b0b490bec: ;   {other}
  0x0000024b0b490bec: 0f1f 8400 | 5c67 0089 | baf6 ffff | ff48 8b6c | 2430 48ff | 7424 2848 | 8f44 2420 | 4c8b 5424 
  0x0000024b0b490c0c: 384c 8954 | 2430 448b | 5424 4444 | 8954 2438 

  0x0000024b0b490c1c: ;   {runtime_call UncommonTrapBlob}
  0x0000024b0b490c1c: c5f8 77e8 

  0x0000024b0b490c20: ; ImmutableOopMap {rbp=Oop [32]=Oop [56]=NarrowOop [80]=Oop }
                      ;*invokeinterface apply {reexecute=0 rethrow=0 return_oop=0}
                      ; - jdk.internal.ref.CleanerImpl::getCleanerImpl@4
                      ; - jdk.internal.ref.PhantomCleanable::<init>@6
                      ; - java.io.FileCleanable::<init>@3
                      ; - java.io.FileCleanable::register@42
                      ; - java.io.FileInputStream::<init>@103
                      ; - jdk.internal.loader.URLClassPath$FileLoader$1::getInputStream@8
                      ; - jdk.internal.loader.Resource::cachedInputStream@9
                      ; - jdk.internal.loader.Resource::getBytes@1
                      ; - java.net.URLClassLoader::defineClass@179
  0x0000024b0b490c20: dc39 0aff 

  0x0000024b0b490c24: ;   {other}
  0x0000024b0b490c24: 0f1f 8400 | 9467 008a | ba5e ffff | ff48 8b6c | 2430 48ff | 7424 2848 | 8f44 2420 | 4c8b 5424 
  0x0000024b0b490c44: 384c 8954 | 2430 448b | 5424 4444 | 8954 2438 

  0x0000024b0b490c54: ;   {runtime_call UncommonTrapBlob}
  0x0000024b0b490c54: c5f8 77e8 

  0x0000024b0b490c58: ; ImmutableOopMap {rbp=Oop [32]=Oop [56]=NarrowOop [80]=Oop }
                      ;*getfield queue {reexecute=1 rethrow=0 return_oop=0}
                      ; - (reexecute) jdk.internal.ref.PhantomCleanable::<init>@9
                      ; - java.io.FileCleanable::<init>@3
                      ; - java.io.FileCleanable::register@42
                      ; - java.io.FileInputStream::<init>@103
                      ; - jdk.internal.loader.URLClassPath$FileLoader$1::getInputStream@8
                      ; - jdk.internal.loader.Resource::cachedInputStream@9
                      ; - jdk.internal.loader.Resource::getBytes@1
                      ; - java.net.URLClassLoader::defineClass@179
  0x0000024b0b490c58: a439 0aff 

  0x0000024b0b490c5c: ;   {other}
  0x0000024b0b490c5c: 0f1f 8400 | cc67 008b | baf6 ffff | ff48 8b6c | 2430 48ff | 7424 2848 | 8f44 2420 | 4c8b 5424 
  0x0000024b0b490c7c: 384c 8954 | 2430 448b | 5424 4444 | 8954 2438 

  0x0000024b0b490c8c: ;   {runtime_call UncommonTrapBlob}
  0x0000024b0b490c8c: c5f8 77e8 

  0x0000024b0b490c90: ; ImmutableOopMap {rbp=Oop [32]=Oop [56]=NarrowOop [80]=Oop }
                      ;*invokeinterface apply {reexecute=0 rethrow=0 return_oop=0}
                      ; - jdk.internal.ref.CleanerImpl::getCleanerImpl@4
                      ; - jdk.internal.ref.PhantomCleanable::<init>@27
                      ; - java.io.FileCleanable::<init>@3
                      ; - java.io.FileCleanable::register@42
                      ; - java.io.FileInputStream::<init>@103
                      ; - jdk.internal.loader.URLClassPath$FileLoader$1::getInputStream@8
                      ; - jdk.internal.loader.Resource::cachedInputStream@9
                      ; - jdk.internal.loader.Resource::getBytes@1
                      ; - java.net.URLClassLoader::defineClass@179
  0x0000024b0b490c90: 6c39 0aff 

  0x0000024b0b490c94: ;   {other}
  0x0000024b0b490c94: 0f1f 8400 | 0468 008c | ba5e ffff | ff48 8b6c | 2430 48ff | 7424 2848 | 8f44 2420 | 4c8b 5424 
  0x0000024b0b490cb4: 384c 8954 | 2430 448b | 5c24 4444 | 895c 2438 

  0x0000024b0b490cc4: ;   {runtime_call UncommonTrapBlob}
  0x0000024b0b490cc4: c5f8 77e8 

  0x0000024b0b490cc8: ; ImmutableOopMap {rbp=Oop [32]=Oop [56]=NarrowOop [80]=Oop }
                      ;*getfield phantomCleanableList {reexecute=1 rethrow=0 return_oop=0}
                      ; - (reexecute) jdk.internal.ref.PhantomCleanable::<init>@30
                      ; - java.io.FileCleanable::<init>@3
                      ; - java.io.FileCleanable::register@42
                      ; - java.io.FileInputStream::<init>@103
                      ; - jdk.internal.loader.URLClassPath$FileLoader$1::getInputStream@8
                      ; - jdk.internal.loader.Resource::cachedInputStream@9
                      ; - jdk.internal.loader.Resource::getBytes@1
                      ; - java.net.URLClassLoader::defineClass@179
  0x0000024b0b490cc8: 3439 0aff 

  0x0000024b0b490ccc: ;   {other}
  0x0000024b0b490ccc: 0f1f 8400 | 3c68 008d | baf6 ffff | ff48 8b6c | 2430 4c8b | 5424 384c | 8954 2430 | 448b 5c24 
  0x0000024b0b490cec: 4444 895c | 2438 6690 

  0x0000024b0b490cf4: ;   {runtime_call UncommonTrapBlob}
  0x0000024b0b490cf4: c5f8 77e8 

  0x0000024b0b490cf8: ; ImmutableOopMap {rbp=Oop [32]=Oop [40]=Oop [56]=NarrowOop [88]=Oop }
                      ;*invokeinterface apply {reexecute=0 rethrow=0 return_oop=0}
                      ; - jdk.internal.ref.CleanerImpl::getCleanerImpl@4
                      ; - jdk.internal.ref.PhantomCleanable::<init>@6
                      ; - java.io.FileCleanable::<init>@3
                      ; - java.io.FileCleanable::register@42
                      ; - java.io.FileInputStream::<init>@103
                      ; - jdk.internal.loader.URLClassPath$FileLoader$1::getInputStream@8
                      ; - jdk.internal.loader.Resource::cachedInputStream@9
                      ; - jdk.internal.loader.Resource::getByteBuffer@1
                      ; - java.net.URLClassLoader::defineClass@132
  0x0000024b0b490cf8: 0439 0aff 

  0x0000024b0b490cfc: ;   {other}
  0x0000024b0b490cfc: 0f1f 8400 | 6c68 008e | ba5e ffff | ff48 8b6c | 2430 4c8b | 5424 384c | 8954 2430 | 448b 5424 
  0x0000024b0b490d1c: 4444 8954 | 2438 6690 

  0x0000024b0b490d24: ;   {runtime_call UncommonTrapBlob}
  0x0000024b0b490d24: c5f8 77e8 

  0x0000024b0b490d28: ; ImmutableOopMap {rbp=Oop [32]=Oop [40]=Oop [56]=NarrowOop [88]=Oop }
                      ;*getfield queue {reexecute=1 rethrow=0 return_oop=0}
                      ; - (reexecute) jdk.internal.ref.PhantomCleanable::<init>@9
                      ; - java.io.FileCleanable::<init>@3
                      ; - java.io.FileCleanable::register@42
                      ; - java.io.FileInputStream::<init>@103
                      ; - jdk.internal.loader.URLClassPath$FileLoader$1::getInputStream@8
                      ; - jdk.internal.loader.Resource::cachedInputStream@9
                      ; - jdk.internal.loader.Resource::getByteBuffer@1
                      ; - java.net.URLClassLoader::defineClass@132
  0x0000024b0b490d28: d438 0aff 

  0x0000024b0b490d2c: ;   {other}
  0x0000024b0b490d2c: 0f1f 8400 | 9c68 008f | baf6 ffff | ff48 8b6c | 2430 4c8b | 5424 384c | 8954 2430 | 448b 5424 
  0x0000024b0b490d4c: 4444 8954 | 2438 6690 

  0x0000024b0b490d54: ;   {runtime_call UncommonTrapBlob}
  0x0000024b0b490d54: c5f8 77e8 

  0x0000024b0b490d58: ; ImmutableOopMap {rbp=Oop [32]=Oop [40]=Oop [56]=NarrowOop [88]=Oop }
                      ;*invokeinterface apply {reexecute=0 rethrow=0 return_oop=0}
                      ; - jdk.internal.ref.CleanerImpl::getCleanerImpl@4
                      ; - jdk.internal.ref.PhantomCleanable::<init>@27
                      ; - java.io.FileCleanable::<init>@3
                      ; - java.io.FileCleanable::register@42
                      ; - java.io.FileInputStream::<init>@103
                      ; - jdk.internal.loader.URLClassPath$FileLoader$1::getInputStream@8
                      ; - jdk.internal.loader.Resource::cachedInputStream@9
                      ; - jdk.internal.loader.Resource::getByteBuffer@1
                      ; - java.net.URLClassLoader::defineClass@132
  0x0000024b0b490d58: a438 0aff 

  0x0000024b0b490d5c: ;   {other}
  0x0000024b0b490d5c: 0f1f 8400 | cc68 0090 | ba5e ffff | ff48 8b6c | 2430 4c8b | 5424 384c | 8954 2430 | 448b 5c24 
  0x0000024b0b490d7c: 4444 895c | 2438 6690 

  0x0000024b0b490d84: ;   {runtime_call UncommonTrapBlob}
  0x0000024b0b490d84: c5f8 77e8 

  0x0000024b0b490d88: ; ImmutableOopMap {rbp=Oop [32]=Oop [40]=Oop [56]=NarrowOop [88]=Oop }
                      ;*getfield phantomCleanableList {reexecute=1 rethrow=0 return_oop=0}
                      ; - (reexecute) jdk.internal.ref.PhantomCleanable::<init>@30
                      ; - java.io.FileCleanable::<init>@3
                      ; - java.io.FileCleanable::register@42
                      ; - java.io.FileInputStream::<init>@103
                      ; - jdk.internal.loader.URLClassPath$FileLoader$1::getInputStream@8
                      ; - jdk.internal.loader.Resource::cachedInputStream@9
                      ; - jdk.internal.loader.Resource::getByteBuffer@1
                      ; - java.net.URLClassLoader::defineClass@132
  0x0000024b0b490d88: 7438 0aff 

  0x0000024b0b490d8c: ;   {other}
  0x0000024b0b490d8c: 0f1f 8400 | fc68 0091 | baf6 ffff | ff48 8b6c | 2430 48ff | 7424 2848 | 8f44 2420 | 4c8b 5424 
  0x0000024b0b490dac: 384c 8954 | 2430 448b | 5c24 4444 | 895c 2438 | 448b 5424 | 6444 8954 | 243c 6690 

  0x0000024b0b490dc8: ;   {runtime_call UncommonTrapBlob}
  0x0000024b0b490dc8: c5f8 77e8 

  0x0000024b0b490dcc: ; ImmutableOopMap {rbp=Oop [32]=Oop [56]=NarrowOop [60]=NarrowOop [80]=Oop [88]=Oop [96]=NarrowOop }
                      ;*arraylength {reexecute=0 rethrow=0 return_oop=0}
                      ; - java.lang.String::length@4
                      ; - java.lang.String::indexOf@14
                      ; - java.lang.String::indexOf@3
                      ; - java.io.WinNTFileSystem::isInvalid@5
                      ; - java.io.File::isInvalid@13
                      ; - java.io.FileInputStream::<init>@54
                      ; - jdk.internal.loader.URLClassPath$FileLoader$1::getInputStream@8
                      ; - jdk.internal.loader.Resource::cachedInputStream@9
                      ; - jdk.internal.loader.Resource::getBytes@1
                      ; - java.net.URLClassLoader::defineClass@179
  0x0000024b0b490dcc: 3038 0aff 

  0x0000024b0b490dd0: ;   {other}
  0x0000024b0b490dd0: 0f1f 8400 | 4069 0092 | baf6 ffff | ff48 8b6c | 2430 4c8b | 5424 384c | 8954 2430 | 448b 5c24 
  0x0000024b0b490df0: 4444 895c | 2438 4c8b | 5424 584c | 8954 2448 

  0x0000024b0b490e00: ;   {runtime_call UncommonTrapBlob}
  0x0000024b0b490e00: c5f8 77e8 

  0x0000024b0b490e04: ; ImmutableOopMap {rbp=Oop [32]=Oop [40]=Oop [56]=NarrowOop [72]=Oop [84]=NarrowOop [88]=Oop [96]=Oop [104]=NarrowOop }
                      ;*arraylength {reexecute=0 rethrow=0 return_oop=0}
                      ; - java.lang.String::length@4
                      ; - java.lang.String::indexOf@14
                      ; - java.lang.String::indexOf@3
                      ; - java.io.WinNTFileSystem::isInvalid@5
                      ; - java.io.File::isInvalid@13
                      ; - java.io.FileInputStream::<init>@54
                      ; - jdk.internal.loader.URLClassPath$FileLoader$1::getInputStream@8
                      ; - jdk.internal.loader.Resource::cachedInputStream@9
                      ; - jdk.internal.loader.Resource::getByteBuffer@1
                      ; - java.net.URLClassLoader::defineClass@132
  0x0000024b0b490e04: f837 0aff 

  0x0000024b0b490e08: ;   {other}
  0x0000024b0b490e08: 0f1f 8400 | 7869 0093 | ba45 ffff | ff48 8b6c | 2430 48ff | 7424 2848 | 8f44 2420 | 4c8b 5424 
  0x0000024b0b490e28: 384c 8954 | 2430 448b | 5424 4444 | 8954 2438 | 4489 4424 | 7066 6690 

  0x0000024b0b490e40: ;   {runtime_call UncommonTrapBlob}
  0x0000024b0b490e40: c5f8 77e8 

  0x0000024b0b490e44: ; ImmutableOopMap {rbp=Oop [32]=Oop [56]=NarrowOop [80]=Oop [88]=Oop [112]=NarrowOop }
                      ;*ifnull {reexecute=1 rethrow=0 return_oop=0}
                      ; - (reexecute) java.io.FileInputStream::<init>@16
                      ; - jdk.internal.loader.URLClassPath$FileLoader$1::getInputStream@8
                      ; - jdk.internal.loader.Resource::cachedInputStream@9
                      ; - jdk.internal.loader.Resource::getBytes@1
                      ; - java.net.URLClassLoader::defineClass@179
  0x0000024b0b490e44: b837 0aff 

  0x0000024b0b490e48: ;   {other}
  0x0000024b0b490e48: 0f1f 8400 | b869 0094 | ba45 ffff | ff48 8b6c | 2430 48ff | 7424 2848 | 8f44 2420 | 4c8b 5c24 
  0x0000024b0b490e68: 384c 895c | 2430 448b | 4424 4444 | 8944 2438 | 4489 5424 | 6866 6690 

  0x0000024b0b490e80: ;   {runtime_call UncommonTrapBlob}
  0x0000024b0b490e80: c5f8 77e8 

  0x0000024b0b490e84: ; ImmutableOopMap {rbp=Oop [32]=Oop [56]=NarrowOop [80]=Oop [88]=Oop [104]=NarrowOop }
                      ;*ifnonnull {reexecute=1 rethrow=0 return_oop=0}
                      ; - (reexecute) java.io.FileInputStream::<init>@42
                      ; - jdk.internal.loader.URLClassPath$FileLoader$1::getInputStream@8
                      ; - jdk.internal.loader.Resource::cachedInputStream@9
                      ; - jdk.internal.loader.Resource::getBytes@1
                      ; - java.net.URLClassLoader::defineClass@179
  0x0000024b0b490e84: 7837 0aff 

  0x0000024b0b490e88: ;   {other}
  0x0000024b0b490e88: 0f1f 8400 | f869 0095 | ba45 ffff | ff48 8b6c | 2430 48ff | 7424 2848 | 8f44 2420 | 4c8b 5c24 
  0x0000024b0b490ea8: 384c 895c | 2430 448b | 4c24 4444 | 894c 2438 | 4c89 4424 | 6044 8954 | 2468 6690 

  0x0000024b0b490ec4: ;   {runtime_call UncommonTrapBlob}
  0x0000024b0b490ec4: c5f8 77e8 

  0x0000024b0b490ec8: ; ImmutableOopMap {rbp=Oop [32]=Oop [56]=NarrowOop [80]=Oop [96]=Oop [104]=NarrowOop }
                      ;*ifnull {reexecute=1 rethrow=0 return_oop=0}
                      ; - (reexecute) java.io.FileCleanable::register@1
                      ; - java.io.FileInputStream::<init>@103
                      ; - jdk.internal.loader.URLClassPath$FileLoader$1::getInputStream@8
                      ; - jdk.internal.loader.Resource::cachedInputStream@9
                      ; - jdk.internal.loader.Resource::getBytes@1
                      ; - java.net.URLClassLoader::defineClass@179
  0x0000024b0b490ec8: 3437 0aff 

  0x0000024b0b490ecc: ;   {other}
  0x0000024b0b490ecc: 0f1f 8400 | 3c6a 0096 | ba45 ffff | ff48 8b6c | 2430 4c8b | 5424 384c | 8954 2430 | 448b 5c24 
  0x0000024b0b490eec: 4444 895c | 2438 4c8b | 5424 584c | 8954 2448 | 448b 5424 | 5445 8bda | 4489 5c24 | 5066 6690 
  0x0000024b0b490f0c: ;   {runtime_call UncommonTrapBlob}
  0x0000024b0b490f0c: c5f8 77e8 

  0x0000024b0b490f10: ; ImmutableOopMap {rbp=Oop [32]=Oop [40]=Oop [56]=NarrowOop [72]=Oop [80]=NarrowOop [84]=NarrowOop [88]=Oop [96]=Oop }
                      ;*ifnull {reexecute=1 rethrow=0 return_oop=0}
                      ; - (reexecute) java.io.FileInputStream::<init>@16
                      ; - jdk.internal.loader.URLClassPath$FileLoader$1::getInputStream@8
                      ; - jdk.internal.loader.Resource::cachedInputStream@9
                      ; - jdk.internal.loader.Resource::getByteBuffer@1
                      ; - java.net.URLClassLoader::defineClass@132
  0x0000024b0b490f10: ec36 0aff 

  0x0000024b0b490f14: ;   {other}
  0x0000024b0b490f14: 0f1f 8400 | 846a 0097 | ba45 ffff | ff48 8b6c | 2430 4c8b | 5424 384c | 8954 2430 | 448b 5424 
  0x0000024b0b490f34: 4444 8954 | 2438 4c8b | 5424 584c | 8954 2448 | 4c89 5424 | 504c 8b54 | 2460 4c89 | 5424 5844 
  0x0000024b0b490f54: 8b54 2468 | 4489 5424 | 6066 6690 

  0x0000024b0b490f60: ;   {runtime_call UncommonTrapBlob}
  0x0000024b0b490f60: c5f8 77e8 

  0x0000024b0b490f64: ; ImmutableOopMap {rbp=Oop [32]=Oop [40]=Oop [56]=NarrowOop [72]=Oop [80]=Oop [88]=Oop [96]=NarrowOop [104]=NarrowOop }
                      ;*ifnonnull {reexecute=1 rethrow=0 return_oop=0}
                      ; - (reexecute) java.io.FileInputStream::<init>@42
                      ; - jdk.internal.loader.URLClassPath$FileLoader$1::getInputStream@8
                      ; - jdk.internal.loader.Resource::cachedInputStream@9
                      ; - jdk.internal.loader.Resource::getByteBuffer@1
                      ; - java.net.URLClassLoader::defineClass@132
  0x0000024b0b490f64: 9836 0aff 

  0x0000024b0b490f68: ;   {other}
  0x0000024b0b490f68: 0f1f 8400 | d86a 0098 | ba45 ffff | ff4c 8b54 | 2438 4c89 | 5424 3044 | 8b5c 2444 | 4489 5c24 
  0x0000024b0b490f88: 384c 8b54 | 2458 4c89 | 5424 4844 | 8b5c 2454 | 4489 5c24 | 5066 6690 

  0x0000024b0b490fa0: ;   {runtime_call UncommonTrapBlob}
  0x0000024b0b490fa0: c5f8 77e8 

  0x0000024b0b490fa4: ; ImmutableOopMap {rbp=Oop [32]=Oop [40]=Oop [56]=NarrowOop [72]=Oop [80]=NarrowOop [84]=NarrowOop [88]=Oop [96]=Oop }
                      ;*ifnull {reexecute=1 rethrow=0 return_oop=0}
                      ; - (reexecute) java.io.FileCleanable::register@1
                      ; - java.io.FileInputStream::<init>@103
                      ; - jdk.internal.loader.URLClassPath$FileLoader$1::getInputStream@8
                      ; - jdk.internal.loader.Resource::cachedInputStream@9
                      ; - jdk.internal.loader.Resource::getByteBuffer@1
                      ; - java.net.URLClassLoader::defineClass@132
  0x0000024b0b490fa4: 5836 0aff 

  0x0000024b0b490fa8: ;   {other}
  0x0000024b0b490fa8: 0f1f 8400 | 186b 0099 | ba97 ffff | ff48 ff74 | 2430 488f | 4424 2848 | ff74 2438 | 488f 4424 
  0x0000024b0b490fc8: 3044 8b5c | 2450 4489 | 5c24 384c | 8b54 2460 | 4c89 5424 | 5066 6690 

  0x0000024b0b490fe0: ;   {runtime_call UncommonTrapBlob}
  0x0000024b0b490fe0: c5f8 77e8 

  0x0000024b0b490fe4: ; ImmutableOopMap {rbp=Oop [32]=Oop [40]=Oop [56]=NarrowOop [64]=NarrowOop [80]=Oop [96]=Oop }
                      ;*invokevirtual clone {reexecute=1 rethrow=0 return_oop=0}
                      ; - (reexecute) java.util.Arrays::copyOfRange@18
                      ; - java.lang.StringLatin1::newString@16
                      ; - java.lang.String::substring@41
                      ; - java.net.URLClassLoader::defineClass@28
  0x0000024b0b490fe4: 1836 0aff 

  0x0000024b0b490fe8: ;   {other}
  0x0000024b0b490fe8: 0f1f 8400 | 586b 009a | baf6 ffff | ff48 8b6c | 2430 48ff | 7424 2848 | 8f44 2420 | 4c8b 5424 
  0x0000024b0b491008: 384c 8954 | 2430 448b | 5c24 4444 | 895c 2438 | 448b 5424 | 6444 8954 | 243c 6690 

  0x0000024b0b491024: ;   {runtime_call UncommonTrapBlob}
  0x0000024b0b491024: c5f8 77e8 

  0x0000024b0b491028: ; ImmutableOopMap {rbp=Oop [32]=Oop [56]=NarrowOop [60]=NarrowOop [80]=Oop [88]=Oop [96]=NarrowOop }
                      ;*arraylength {reexecute=0 rethrow=0 return_oop=0}
                      ; - java.lang.String::length@4
                      ; - java.lang.String::indexOf@30
                      ; - java.lang.String::indexOf@3
                      ; - java.io.WinNTFileSystem::isInvalid@5
                      ; - java.io.File::isInvalid@13
                      ; - java.io.FileInputStream::<init>@54
                      ; - jdk.internal.loader.URLClassPath$FileLoader$1::getInputStream@8
                      ; - jdk.internal.loader.Resource::cachedInputStream@9
                      ; - jdk.internal.loader.Resource::getBytes@1
                      ; - java.net.URLClassLoader::defineClass@179
  0x0000024b0b491028: d435 0aff 

  0x0000024b0b49102c: ;   {other}
  0x0000024b0b49102c: 0f1f 8400 | 9c6b 009b | baf6 ffff | ff48 8b6c | 2430 4c8b | 5424 384c | 8954 2430 | 448b 5c24 
  0x0000024b0b49104c: 4444 895c | 2438 4c8b | 5424 584c | 8954 2448 

  0x0000024b0b49105c: ;   {runtime_call UncommonTrapBlob}
  0x0000024b0b49105c: c5f8 77e8 

  0x0000024b0b491060: ; ImmutableOopMap {rbp=Oop [32]=Oop [40]=Oop [56]=NarrowOop [72]=Oop [84]=NarrowOop [88]=Oop [96]=Oop [104]=NarrowOop }
                      ;*arraylength {reexecute=0 rethrow=0 return_oop=0}
                      ; - java.lang.String::length@4
                      ; - java.lang.String::indexOf@30
                      ; - java.lang.String::indexOf@3
                      ; - java.io.WinNTFileSystem::isInvalid@5
                      ; - java.io.File::isInvalid@13
                      ; - java.io.FileInputStream::<init>@54
                      ; - jdk.internal.loader.URLClassPath$FileLoader$1::getInputStream@8
                      ; - jdk.internal.loader.Resource::cachedInputStream@9
                      ; - jdk.internal.loader.Resource::getByteBuffer@1
                      ; - java.net.URLClassLoader::defineClass@132
  0x0000024b0b491060: 9c35 0aff 

  0x0000024b0b491064: ;   {other}
  0x0000024b0b491064: 0f1f 8400 | d46b 009c | ba97 ffff | ff4c 8b54 | 2430 4c89 | 5424 204c | 8b54 2438 | 4c89 5424 
  0x0000024b0b491084: 3066 6690 

  0x0000024b0b491088: ;   {runtime_call UncommonTrapBlob}
  0x0000024b0b491088: c5f8 77e8 

  0x0000024b0b49108c: ; ImmutableOopMap {[32]=Oop [40]=Oop [64]=Oop [96]=Oop [104]=Oop }
                      ;*invokevirtual clone {reexecute=1 rethrow=0 return_oop=0}
                      ; - (reexecute) java.security.CodeSource::<init>@42
                      ; - java.net.URLClassLoader::defineClass@198
  0x0000024b0b49108c: 7035 0aff 

  0x0000024b0b491090: ;   {other}
  0x0000024b0b491090: 0f1f 8400 | 006c 009d | ba97 ffff | ff48 8b6c | 2430 48ff | 7424 2848 | 8f44 2420 | 4c8b 5424 
  0x0000024b0b4910b0: 384c 8954 | 2428 6690 

  0x0000024b0b4910b8: ;   {runtime_call UncommonTrapBlob}
  0x0000024b0b4910b8: c5f8 77e8 

  0x0000024b0b4910bc: ; ImmutableOopMap {rbp=Oop [32]=Oop [64]=NarrowOop [68]=NarrowOop [104]=Oop }
                      ;*invokevirtual clone {reexecute=1 rethrow=0 return_oop=0}
                      ; - (reexecute) java.util.jar.JarFile$JarFileEntry::getCodeSigners@70
                      ; - jdk.internal.loader.URLClassPath$JarLoader$2::getCodeSigners@4
                      ; - java.net.URLClassLoader::defineClass@185
  0x0000024b0b4910bc: 4035 0aff 

  0x0000024b0b4910c0: ;   {other}
  0x0000024b0b4910c0: 0f1f 8400 | 306c 009e | ba97 ffff | ff4c 8b54 | 2430 4c89 | 5424 2090 

  0x0000024b0b4910d8: ;   {runtime_call UncommonTrapBlob}
  0x0000024b0b4910d8: c5f8 77e8 

  0x0000024b0b4910dc: ; ImmutableOopMap {rbp=Oop [32]=Oop [40]=Oop [64]=NarrowOop [68]=NarrowOop [96]=Oop }
                      ;*invokevirtual clone {reexecute=1 rethrow=0 return_oop=0}
                      ; - (reexecute) java.util.Arrays::copyOf@7
                      ; - jdk.internal.loader.Resource::getBytes@94
                      ; - java.net.URLClassLoader::defineClass@179
  0x0000024b0b4910dc: 2035 0aff 

  0x0000024b0b4910e0: ;   {other}
  0x0000024b0b4910e0: 0f1f 8400 | 506c 009f | 488b d8e9 | 7204 0000 | 4c8b c044 | 8b58 084d | 33d2 4f8d | 14da 4d8b 
  0x0000024b0b491100: ;   {metadata('java/io/InterruptedIOException')}
  0x0000024b0b491100: 5a50 49b9 | 6042 2700 | 0100 0000 | 4d3b d90f | 84a5 0200 | 004d 8b52 

  0x0000024b0b491118: ;   {metadata('java/io/IOException')}
  0x0000024b0b491118: 4849 bb60 | 4a09 0001 | 0000 004d | 3bd3 0f85 | de05 0000 | 448b 5c24 | 6845 85db | 0f85 8002 
  0x0000024b0b491138: 0000 e99d | 0200 004c | 8bc0 e9c3 | 0500 0048 | 8bd8 e90d | 0500 0048 | 8bd8 e9da | 0200 004c 
  0x0000024b0b491158: 8bc0 e9ab | 0500 0048 | 8be8 e924 | 0200 0048 | 8bd8 e9ed | 0400 0048 | 8bd8 e9e5 | 0400 0048 
  0x0000024b0b491178: 8bd8 e9dd | 0400 0048 | 8bd8 e9d5 | 0400 0048 | 8bd8 e9a2 | 0200 0048 | 8bd8 e99a | 0200 0048 
  0x0000024b0b491198: 8bd8 e992 | 0200 0048 | 8bd8 e98a | 0200 0048 | 8be8 e9dc | 0100 0048 | 8bd0 e965 | 0500 0048 
  0x0000024b0b4911b8: 8be8 e9cc | 0100 004c | 8bc0 448b | 5008 4d33 | c94f 8d0c | d1e9 d400 | 0000 448b | 5808 4d33 
  0x0000024b0b4911d8: c04f 8d04 | d8e9 7201 | 0000 4889 | 4424 2048 | 8b54 2428 | 48ff 7424 | 3048 8f44 | 2428 6690 
  0x0000024b0b4911f8: ;   {static_call}
  0x0000024b0b4911f8: c5f8 77e8 

  0x0000024b0b4911fc: ; ImmutableOopMap {rbp=Oop [32]=Oop [40]=Oop [68]=NarrowOop [80]=Oop [104]=Oop [144]=Oop }
                      ;*invokestatic endInit {reexecute=0 rethrow=0 return_oop=0}
                      ; - java.util.jar.JarFile::ensureInitialization@53
                      ; - java.util.jar.JavaUtilJarAccessImpl::ensureInitialization@1
                      ; - jdk.internal.loader.URLClassPath$JarLoader$2::getManifest@10
                      ; - java.net.URLClassLoader::defineClass@34
  0x0000024b0b4911fc: 80de 09ff 

  0x0000024b0b491200: ;   {other}
  0x0000024b0b491200: 0f1f 8400 | 706d 00a0 | 4c8b 5424 | 2049 8bda | e94d 0300 | 0048 8bd8 | e945 0300 | 0048 8bd8 
  0x0000024b0b491220: e93d 0300 | 0048 8bd8 | e92f 0400 | 0048 8bd8 | e9fc 0100 | 0048 8bd0 | e9df 0400 | 0048 8bd0 
  0x0000024b0b491240: e9d7 0400 | 00eb 0048 | 8bd0 e9cd | 0400 00e9 | fd03 0000 | e9f8 0300 | 0044 8b50 | 084d 33db 
  0x0000024b0b491260: 4f8d 1cd3 | e9d1 0300 | 0048 8bd8 | 448b 5008 | 4d33 c04f | 8d04 d0e9 | cf02 0000 | 448b 5008 
  0x0000024b0b491280: 4d33 db4f | 8d1c d34d | 8b53 504c | 3bd5 75a5 | 4533 c9e9 | 5a02 0000 | 4c8b c044 | 8b58 084d 
  0x0000024b0b4912a0: 33c9 4f8d | 0cd9 4d8b 

  0x0000024b0b4912a8: ;   {metadata('java/io/InterruptedIOException')}
  0x0000024b0b4912a8: 5150 49bb | 6042 2700 | 0100 0000 | 4d3b d30f | 8467 edff | ff4d 8b51 

  0x0000024b0b4912c0: ;   {metadata('java/io/IOException')}
  0x0000024b0b4912c0: 4849 bb60 | 4a09 0001 | 0000 004d | 3bd3 0f85 | 3604 0000 | 448b dd85 | ed0f 84a4 | b4ff ffe9 
  0x0000024b0b4912e0: 46ed ffff | 4c8b c044 | 8b58 084d | 33d2 4f8d | 14da 4d8b 

  0x0000024b0b4912f4: ;   {metadata('java/io/InterruptedIOException')}
  0x0000024b0b4912f4: 5250 49bb | 6042 2700 | 0100 0000 | 4d3b d30f | 8501 0400 | 0066 6690 

  0x0000024b0b49130c: ;   {static_call}
  0x0000024b0b49130c: c5f8 77e8 

  0x0000024b0b491310: ; ImmutableOopMap {rbp=Oop [32]=Oop [40]=Oop [48]=Oop [64]=NarrowOop [68]=NarrowOop [72]=Oop [96]=Oop }
                      ;*invokestatic interrupted {reexecute=0 rethrow=0 return_oop=0}
                      ; - jdk.internal.loader.Resource::getBytes@20
                      ; - java.net.URLClassLoader::defineClass@179
  0x0000024b0b491310: 6cdd 09ff 

  0x0000024b0b491314: ;   {other}
  0x0000024b0b491314: 0f1f 8400 | 846e 00a1 | 4d8b 9750 

  0x0000024b0b491320: ; ImmutableOopMap {rbp=Oop [32]=Oop [40]=Oop [48]=Oop [64]=NarrowOop [68]=NarrowOop [72]=Oop [96]=Oop }
                      ;*goto {reexecute=1 rethrow=0 return_oop=0}
                      ; - (reexecute) jdk.internal.loader.Resource::getBytes@26
                      ; - java.net.URLClassLoader::defineClass@179
                      ;   {poll}
  0x0000024b0b491320: 0400 0041 | 8502 41ba | 0100 0000 | 4c8b 4424 | 484c 8b4c | 2450 488b | 4c24 5848 | 8b7c 2460 
  0x0000024b0b491340: 8b5c 2440 | e916 b1ff | ff44 8b50 | 084d 33c0 | 4f8d 04d0 | 4d8b 5050 

  0x0000024b0b491358: ;   {metadata('java/io/InterruptedIOException')}
  0x0000024b0b491358: 49bb 6042 | 2700 0100 | 0000 4d3b | d375 2190 

  0x0000024b0b491368: ;   {static_call}
  0x0000024b0b491368: c5f8 77e8 

  0x0000024b0b49136c: ; ImmutableOopMap {[32]=Oop [40]=Oop [48]=Oop [64]=NarrowOop [68]=NarrowOop [72]=Oop [96]=Oop [112]=Oop [136]=Oop }
                      ;*invokestatic interrupted {reexecute=0 rethrow=0 return_oop=0}
                      ; - jdk.internal.loader.Resource::getBytes@127
                      ; - java.net.URLClassLoader::defineClass@179
  0x0000024b0b49136c: 10dd 09ff 

  0x0000024b0b491370: ;   {other}
  0x0000024b0b491370: 0f1f 8400 | e06e 00a3 | 448b 5424 | 6c41 b801 | 0000 00e9 | a5b3 ffff | 488b e844 | 8b5c 2440 
  0x0000024b0b491390: 498b d366 | 6690 c5f8 | 7748 b8ff | ffff ffff 

  0x0000024b0b4913a0: ;   {virtual_call}
  0x0000024b0b4913a0: ffff ffe8 

  0x0000024b0b4913a4: ; ImmutableOopMap {rbp=Oop [40]=Oop [48]=Oop [68]=NarrowOop [72]=Oop [96]=Oop }
                      ;*invokevirtual close {reexecute=0 rethrow=0 return_oop=0}
                      ; - jdk.internal.loader.Resource::getBytes@214
                      ; - java.net.URLClassLoader::defineClass@179
  0x0000024b0b4913a4: d8d9 09ff 

  0x0000024b0b4913a8: ;   {other}
  0x0000024b0b4913a8: 0f1f 8400 | 186f 00a4 | 448b 5424 | 6845 85d2 | 7422 488b | 5424 484c | 8b54 2430 | 4c89 5424 
  0x0000024b0b4913c8: 2066 6690 

  0x0000024b0b4913cc: ;   {optimized virtual_call}
  0x0000024b0b4913cc: c5f8 77e8 

  0x0000024b0b4913d0: ; ImmutableOopMap {rbp=Oop [32]=Oop [40]=Oop [68]=NarrowOop [96]=Oop }
                      ;*invokevirtual interrupt {reexecute=0 rethrow=0 return_oop=0}
                      ; - jdk.internal.loader.Resource::getBytes@236
                      ; - java.net.URLClassLoader::defineClass@179
  0x0000024b0b4913d0: acd6 09ff 

  0x0000024b0b4913d4: ;   {other}
  0x0000024b0b4913d4: 0f1f 8400 | 446f 00a5 | 4c8b c5e9 | 2603 0000 | 488b e848 | c7c2 ffff | ffff 4c8b | 5424 584c 
  0x0000024b0b4913f4: 8954 2450 

  0x0000024b0b4913f8: ;   {static_call}
  0x0000024b0b4913f8: c5f8 77e8 

  0x0000024b0b4913fc: ; ImmutableOopMap {rbp=Oop [32]=Oop [40]=Oop [48]=Oop [68]=NarrowOop [80]=Oop [88]=Oop [96]=Oop }
                      ;*invokestatic end {reexecute=0 rethrow=0 return_oop=0}
                      ; - java.io.FileInputStream::open@19
                      ; - java.io.FileInputStream::<init>@96
                      ; - jdk.internal.loader.URLClassPath$FileLoader$1::getInputStream@8
                      ; - jdk.internal.loader.Resource::cachedInputStream@9
                      ; - jdk.internal.loader.Resource::getByteBuffer@1
                      ; - java.net.URLClassLoader::defineClass@132
  0x0000024b0b4913fc: 80dc 09ff 

  0x0000024b0b491400: ;   {other}
  0x0000024b0b491400: 0f1f 8400 | 706f 00a6 | 488b dde9 | 4c02 0000 | 4889 4424 | 2048 c7c2 | ffff ffff 

  0x0000024b0b49141c: ;   {static_call}
  0x0000024b0b49141c: c5f8 77e8 

  0x0000024b0b491420: ; ImmutableOopMap {rbp=Oop [32]=Oop [40]=Oop [48]=Oop [68]=NarrowOop [80]=Oop }
                      ;*invokestatic end {reexecute=0 rethrow=0 return_oop=0}
                      ; - java.io.FileInputStream::open@19
                      ; - java.io.FileInputStream::<init>@96
                      ; - jdk.internal.loader.URLClassPath$FileLoader$1::getInputStream@8
                      ; - jdk.internal.loader.Resource::cachedInputStream@9
                      ; - jdk.internal.loader.Resource::getBytes@1
                      ; - java.net.URLClassLoader::defineClass@179
  0x0000024b0b491420: 5cdc 09ff 

  0x0000024b0b491424: ;   {other}
  0x0000024b0b491424: 0f1f 8400 | 946f 00a7 | 488b 5c24 | 204c 8b5c | 2450 488d | 8424 d000 | 0000 4883 | 3800 0f84 
  0x0000024b0b491444: 7900 0000 | 4d8b 1341 | f6c2 020f | 8462 0000 | 0049 83ba | 8600 0000 | 0074 0949 | ff8a 8600 
  0x0000024b0b491464: 0000 eb4b | 498b 8296 | 0000 0049 | 0b82 8e00 | 0000 750a | 49c7 423e | 0000 0000 | eb3d 4983 
  0x0000024b0b491484: ba9e 0000 | 0000 7422 | 4833 c049 | c742 3e00 | 0000 00f0 | 8304 2400 | 4983 ba9e | 0000 0000 
  0x0000024b0b4914a4: 750d f04d | 0fb1 7a3e | 7505 83c8 | 01eb 0ca8 | 00eb 084c | 8b10 f04d | 0fb1 1375 | 0a49 ff8f 
  0x0000024b0b4914c4: 4805 0000 | 4533 d20f | 850b 0300 | 004c 8bc3 | e931 0200 | 0044 8b58 | 084d 33d2 | 4f8d 14da 
  0x0000024b0b4914e4: 4d8b 5250 | 4c3b d575 | 484c 8b4c | 2450 488b | 5424 304c | 8b84 2490 | 0000 0048 | 8b7c 2458 
  0x0000024b0b491504: 488b ea90 

  0x0000024b0b491508: ;   {optimized virtual_call}
  0x0000024b0b491508: c5f8 77e8 

  0x0000024b0b49150c: ; ImmutableOopMap {rbp=Oop [32]=Oop [40]=Oop [48]=Oop [68]=NarrowOop [72]=Oop [144]=Oop }
                      ;*invokevirtual getAndVerifyPackage {reexecute=0 rethrow=0 return_oop=1}
                      ; - java.net.URLClassLoader::defineClass@97
  0x0000024b0b49150c: 70d5 09ff 

  0x0000024b0b491510: ;   {other}
  0x0000024b0b491510: 0f1f 8400 | 8070 00a8 | 4885 c00f | 8435 0200 | 0048 8b74 | 2420 448b | 7424 444c | 8b6c 2448 
  0x0000024b0b491530: e90a 9cff | ff48 8bd0 | e9df 0100 | 0048 8bd8 | 448b 5808 | 4d33 c04f | 8d04 d84d 

  0x0000024b0b49154c: ;   {metadata('java/io/IOException')}
  0x0000024b0b49154c: 8b50 4849 | bb60 4a09 | 0001 0000 | 004d 3bd3 | 0f84 0a02 | 0000 4c8b | 5c24 6848 | 8d84 24d0 
  0x0000024b0b49156c: 0000 0048 | 8338 000f | 8479 0000 | 004d 8b13 | 41f6 c202 | 0f84 6200 | 0000 4983 | ba86 0000 
  0x0000024b0b49158c: 0000 7409 | 49ff 8a86 | 0000 00eb | 4b49 8b82 | 9600 0000 | 490b 828e | 0000 0075 | 0a49 c742 
  0x0000024b0b4915ac: 3e00 0000 | 00eb 3d49 | 83ba 9e00 | 0000 0074 | 2248 33c0 | 49c7 423e | 0000 0000 | f083 0424 
  0x0000024b0b4915cc: 0049 83ba | 9e00 0000 | 0075 0df0 | 4d0f b17a | 3e75 0583 | c801 eb0c | a800 eb08 | 4c8b 10f0 
  0x0000024b0b4915ec: 4d0f b113 | 750a 49ff | 8f48 0500 | 0045 33d2 | 0f84 1001 | 0000 488b | 4c24 6848 | 8d94 24d0 
  0x0000024b0b49160c: 0000 004d | 8bc7 c5f8 | 7749 ba10 | 5a06 01fc | 7f00 0041 

  0x0000024b0b491620: ;   {other}
  0x0000024b0b491620: ffd2 0f1f | 8400 0000 | 0000 e9e3 | 0000 0044 | 8b50 084d | 33db 4f8d | 1cd3 4d8b 

  0x0000024b0b49163c: ;   {metadata('java/io/IOException')}
  0x0000024b0b49163c: 5348 49bb | 604a 0900 | 0100 0000 | 4d3b d30f | 8453 0100 | 0048 8bd0 | e9c3 0000 | 0048 8bd8 
  0x0000024b0b49165c: 4c8b 5c24 | 2048 8d84 | 24d0 0000 | 0048 8338 | 000f 8479 | 0000 004d | 8b13 41f6 | c202 0f84 
  0x0000024b0b49167c: 6200 0000 | 4983 ba86 | 0000 0000 | 7409 49ff | 8a86 0000 | 00eb 4b49 | 8b82 9600 | 0000 490b 
  0x0000024b0b49169c: 828e 0000 | 0075 0a49 | c742 3e00 | 0000 00eb | 3d49 83ba | 9e00 0000 | 0074 2248 | 33c0 49c7 
  0x0000024b0b4916bc: 423e 0000 | 0000 f083 | 0424 0049 | 83ba 9e00 | 0000 0075 | 0df0 4d0f | b17a 3e75 | 0583 c801 
  0x0000024b0b4916dc: eb0c a800 | eb08 4c8b | 10f0 4d0f | b113 750a | 49ff 8f48 | 0500 0045 | 33d2 7534 | 488b d3eb 
  0x0000024b0b4916fc: 1f48 8bd0 | eb1a 488b | d0eb 154c | 8bc0 498b | d0eb 0d48 | 8bd8 488b | d3eb 05eb | 0048 8bd0 
  0x0000024b0b49171c: c5f8 7748 | 81c4 f000 

  0x0000024b0b491724: ;   {runtime_call _rethrow_Java}
  0x0000024b0b491724: 0000 5de9 | d497 16ff | 488b 4c24 | 2048 8d94 | 24d0 0000 | 004d 8bc7 | c5f8 7749 | ba10 5a06 
  0x0000024b0b491744: 01fc 7f00 | 0041 ffd2 

  0x0000024b0b49174c: ;   {other}
  0x0000024b0b49174c: 0f1f 8400 | 0000 0000 | eba2 bafd | 0000 0090 

  0x0000024b0b49175c: ;   {runtime_call UncommonTrapBlob}
  0x0000024b0b49175c: c5f8 77e8 

  0x0000024b0b491760: ; ImmutableOopMap {[144]=Oop }
                      ;*new {reexecute=0 rethrow=0 return_oop=0}
                      ; - java.net.URLClassLoader::defineClass@103
  0x0000024b0b491760: 9c2e 0aff 

  0x0000024b0b491764: ;   {other}
  0x0000024b0b491764: 0f1f 8400 | d472 00a9 | 488b ebba | f201 0000 | 4c8b 5424 | 304c 8954 | 2428 4c8b | 5424 584c 
  0x0000024b0b491784: 8954 2430 | 448b 5c24 | 4c44 895c | 2440 6690 

  0x0000024b0b491794: ;   {runtime_call UncommonTrapBlob}
  0x0000024b0b491794: c5f8 77e8 

  0x0000024b0b491798: ; ImmutableOopMap {rbp=Oop [32]=Oop [40]=Oop [48]=Oop [64]=NarrowOop [96]=NarrowOop [144]=Oop }
                      ;*new {reexecute=0 rethrow=0 return_oop=0}
                      ; - java.util.jar.JarFile::ensureInitialization@8
                      ; - java.util.jar.JavaUtilJarAccessImpl::ensureInitialization@1
                      ; - jdk.internal.loader.URLClassPath$JarLoader$2::getManifest@10
                      ; - java.net.URLClassLoader::defineClass@34
  0x0000024b0b491798: 642e 0aff 

  0x0000024b0b49179c: ;   {other}
  0x0000024b0b49179c: 0f1f 8400 | 0c73 00aa | 488b e8ba | 2a00 0000 | 4c8b 5424 | 304c 8954 | 2420 4c8b | 5424 384c 
  0x0000024b0b4917bc: 8954 2430 | 448b 5424 | 4444 8954 | 2438 6690 

  0x0000024b0b4917cc: ;   {runtime_call UncommonTrapBlob}
  0x0000024b0b4917cc: c5f8 77e8 

  0x0000024b0b4917d0: ; ImmutableOopMap {rbp=Oop [32]=Oop [40]=Oop [56]=NarrowOop [104]=Oop }
                      ;*new {reexecute=0 rethrow=0 return_oop=0}
                      ; - java.util.jar.JarFile$JarFileEntry::getCodeSigners@11
                      ; - jdk.internal.loader.URLClassPath$JarLoader$2::getCodeSigners@4
                      ; - java.net.URLClassLoader::defineClass@185
  0x0000024b0b4917d0: 2c2e 0aff 

  0x0000024b0b4917d4: ;   {other}
  0x0000024b0b4917d4: 0f1f 8400 | 4473 00ab | 488b 4c24 | 5048 8d94 | 24d0 0000 | 004d 8bc7 | c5f8 7749 | ba10 5a06 
  0x0000024b0b4917f4: 01fc 7f00 | 0041 ffd2 

  0x0000024b0b4917fc: ;   {other}
  0x0000024b0b4917fc: 0f1f 8400 | 0000 0000 | e9c8 fcff 

  0x0000024b0b491808: ;   {internal_word}
  0x0000024b0b491808: ff49 ba83 | b648 0b4b | 0200 004d | 8997 6004 

  0x0000024b0b491818: ;   {runtime_call SafepointBlob}
  0x0000024b0b491818: 0000 e9e1 

  0x0000024b0b49181c: ;   {runtime_call StubRoutines (final stubs)}
  0x0000024b0b49181c: 3e0a ffe8 | fc82 08ff | e9d5 93ff | fff4 f4f4 | f4f4 f4f4 
[Stub Code]
  0x0000024b0b491830: ;   {no_reloc}
  0x0000024b0b491830: 48bb 0000 | 0000 0000 

  0x0000024b0b491838: ;   {runtime_call nmethod}
  0x0000024b0b491838: 0000 e9fb 

  0x0000024b0b49183c: ;   {static_stub}
  0x0000024b0b49183c: ffff ff48 | bb00 0000 | 0000 0000 

  0x0000024b0b491848: ;   {runtime_call nmethod}
  0x0000024b0b491848: 00e9 fbff 

  0x0000024b0b49184c: ;   {static_stub}
  0x0000024b0b49184c: ffff 48bb | 0000 0000 | 0000 0000 

  0x0000024b0b491858: ;   {runtime_call nmethod}
  0x0000024b0b491858: e9fb ffff 

  0x0000024b0b49185c: ;   {static_stub}
  0x0000024b0b49185c: ff48 bb00 | 0000 0000 

  0x0000024b0b491864: ;   {runtime_call nmethod}
  0x0000024b0b491864: 0000 00e9 | fbff ffff 

  0x0000024b0b49186c: ;   {static_stub}
  0x0000024b0b49186c: 48bb 0000 | 0000 0000 

  0x0000024b0b491874: ;   {runtime_call nmethod}
  0x0000024b0b491874: 0000 e9fb 

  0x0000024b0b491878: ;   {static_stub}
  0x0000024b0b491878: ffff ff48 | bb00 0000 | 0000 0000 

  0x0000024b0b491884: ;   {runtime_call nmethod}
  0x0000024b0b491884: 00e9 fbff 

  0x0000024b0b491888: ;   {static_stub}
  0x0000024b0b491888: ffff 48bb | 0000 0000 | 0000 0000 

  0x0000024b0b491894: ;   {runtime_call nmethod}
  0x0000024b0b491894: e9fb ffff 

  0x0000024b0b491898: ;   {static_stub}
  0x0000024b0b491898: ff48 bb00 | 0000 0000 

  0x0000024b0b4918a0: ;   {runtime_call nmethod}
  0x0000024b0b4918a0: 0000 00e9 | fbff ffff 

  0x0000024b0b4918a8: ;   {static_stub}
  0x0000024b0b4918a8: 48bb 0000 | 0000 0000 

  0x0000024b0b4918b0: ;   {runtime_call nmethod}
  0x0000024b0b4918b0: 0000 e9fb 

  0x0000024b0b4918b4: ;   {static_stub}
  0x0000024b0b4918b4: ffff ff48 | bb00 0000 | 0000 0000 

  0x0000024b0b4918c0: ;   {runtime_call nmethod}
  0x0000024b0b4918c0: 00e9 fbff 

  0x0000024b0b4918c4: ;   {static_stub}
  0x0000024b0b4918c4: ffff 48bb | 0000 0000 | 0000 0000 

  0x0000024b0b4918d0: ;   {runtime_call nmethod}
  0x0000024b0b4918d0: e9fb ffff 

  0x0000024b0b4918d4: ;   {static_stub}
  0x0000024b0b4918d4: ff48 bb00 | 0000 0000 

  0x0000024b0b4918dc: ;   {runtime_call nmethod}
  0x0000024b0b4918dc: 0000 00e9 | fbff ffff 

  0x0000024b0b4918e4: ;   {static_stub}
  0x0000024b0b4918e4: 48bb 0000 | 0000 0000 

  0x0000024b0b4918ec: ;   {runtime_call nmethod}
  0x0000024b0b4918ec: 0000 e9fb 

  0x0000024b0b4918f0: ;   {static_stub}
  0x0000024b0b4918f0: ffff ff48 | bb00 0000 | 0000 0000 

  0x0000024b0b4918fc: ;   {runtime_call nmethod}
  0x0000024b0b4918fc: 00e9 fbff 

  0x0000024b0b491900: ;   {static_stub}
  0x0000024b0b491900: ffff 48bb | 0000 0000 | 0000 0000 

  0x0000024b0b49190c: ;   {runtime_call nmethod}
  0x0000024b0b49190c: e9fb ffff 

  0x0000024b0b491910: ;   {static_stub}
  0x0000024b0b491910: ff48 bb00 | 0000 0000 

  0x0000024b0b491918: ;   {runtime_call nmethod}
  0x0000024b0b491918: 0000 00e9 | fbff ffff 

  0x0000024b0b491920: ;   {static_stub}
  0x0000024b0b491920: 48bb 0000 | 0000 0000 

  0x0000024b0b491928: ;   {runtime_call nmethod}
  0x0000024b0b491928: 0000 e9fb 

  0x0000024b0b49192c: ;   {static_stub}
  0x0000024b0b49192c: ffff ff48 | bb00 0000 | 0000 0000 

  0x0000024b0b491938: ;   {runtime_call nmethod}
  0x0000024b0b491938: 00e9 fbff 

  0x0000024b0b49193c: ;   {static_stub}
  0x0000024b0b49193c: ffff 48bb | 0000 0000 | 0000 0000 

  0x0000024b0b491948: ;   {runtime_call nmethod}
  0x0000024b0b491948: e9fb ffff 

  0x0000024b0b49194c: ;   {static_stub}
  0x0000024b0b49194c: ff48 bb00 | 0000 0000 

  0x0000024b0b491954: ;   {runtime_call nmethod}
  0x0000024b0b491954: 0000 00e9 | fbff ffff 

  0x0000024b0b49195c: ;   {static_stub}
  0x0000024b0b49195c: 48bb 0000 | 0000 0000 

  0x0000024b0b491964: ;   {runtime_call nmethod}
  0x0000024b0b491964: 0000 e9fb 

  0x0000024b0b491968: ;   {static_stub}
  0x0000024b0b491968: ffff ff48 | bb00 0000 | 0000 0000 

  0x0000024b0b491974: ;   {runtime_call nmethod}
  0x0000024b0b491974: 00e9 fbff 

  0x0000024b0b491978: ;   {static_stub}
  0x0000024b0b491978: ffff 48bb | 0000 0000 | 0000 0000 

  0x0000024b0b491984: ;   {runtime_call nmethod}
  0x0000024b0b491984: e9fb ffff 

  0x0000024b0b491988: ;   {static_stub}
  0x0000024b0b491988: ff48 bb00 | 0000 0000 

  0x0000024b0b491990: ;   {runtime_call nmethod}
  0x0000024b0b491990: 0000 00e9 | fbff ffff 
[Exception Handler]
  0x0000024b0b491998: ;   {runtime_call ExceptionBlob}
  0x0000024b0b491998: e963 0716 | ffe8 0000 | 0000 4883 

  0x0000024b0b4919a4: ;   {runtime_call DeoptimizationBlob}
  0x0000024b0b4919a4: 2c24 05e9 | f42f 0aff | f4f4 f4f4 
[/MachCode]


---------------  P R O C E S S  ---------------

Threads class SMR info:
_java_thread_list=0x0000024b1fe50170, length=255, elements={
0x0000024b7ba48ad0, 0x0000024b1619d7f0, 0x0000024b161eee10, 0x0000024b161d4090,
0x0000024b161f8d80, 0x0000024b161f97d0, 0x0000024b161d7420, 0x0000024b161d9880,
0x0000024b162049c0, 0x0000024b162f6580, 0x0000024b1683d7e0, 0x0000024b1c5d50f0,
0x0000024b1c487d70, 0x0000024b1c454440, 0x0000024b1c4c3800, 0x0000024b1c4c3e60,
0x0000024b1c4e8ed0, 0x0000024b1c4fe1f0, 0x0000024b1c50b080, 0x0000024b1c50f370,
0x0000024b1c50d2a0, 0x0000024b1c50dfc0, 0x0000024b1c50d930, 0x0000024b1c510090,
0x0000024b1c50ece0, 0x0000024b1c50e650, 0x0000024b1c50fa00, 0x0000024b1c510720,
0x0000024b2050ac60, 0x0000024b2050c6a0, 0x0000024b2050b2f0, 0x0000024b205098b0,
0x0000024b2050d3c0, 0x0000024b20509f40, 0x0000024b2050da50, 0x0000024b2050a5d0,
0x0000024b2050e0e0, 0x0000024b2050ee00, 0x0000024b2050e770, 0x0000024b205101b0,
0x0000024b2050f490, 0x0000024b2050fb20, 0x0000024b20510840, 0x0000024b20510ed0,
0x0000024b20dc1820, 0x0000024b20dc3f80, 0x0000024b20dc3260, 0x0000024b20dc4610,
0x0000024b20dc2bd0, 0x0000024b20dc38f0, 0x0000024b20dc1eb0, 0x0000024b20dc4ca0,
0x0000024b20dc5330, 0x0000024b20dc59c0, 0x0000024b20dc2540, 0x0000024b20dc66e0,
0x0000024b20dc8120, 0x0000024b20dc7400, 0x0000024b20dc8e40, 0x0000024b20dc87b0,
0x0000024b20dc6050, 0x0000024b20dc6d70, 0x0000024b20dc7a90, 0x0000024b213ffc50,
0x0000024b213ff5c0, 0x0000024b214002e0, 0x0000024b213fce60, 0x0000024b21400970,
0x0000024b213fdb80, 0x0000024b213fe8a0, 0x0000024b213fe210, 0x0000024b213fd4f0,
0x0000024b21401000, 0x0000024b21401690, 0x0000024b214023b0, 0x0000024b21401d20,
0x0000024b213fef30, 0x0000024b21403760, 0x0000024b214030d0, 0x0000024b20427290,
0x0000024b2042c7e0, 0x0000024b1dd4ea80, 0x0000024b1dd4f110, 0x0000024b1dd504c0,
0x0000024b1dd4f7a0, 0x0000024b1dd4d6d0, 0x0000024b1dd511e0, 0x0000024b1dd51870,
0x0000024b1dd4fe30, 0x0000024b1dd53940, 0x0000024b1dd53fd0, 0x0000024b1dd51f00,
0x0000024b1dd54cf0, 0x0000024b1dd52590, 0x0000024b1dd52c20, 0x0000024b1dd532b0,
0x0000024b1dd54660, 0x0000024b2042c150, 0x0000024b2042db90, 0x0000024b21403df0,
0x0000024b21404480, 0x0000024b275e2590, 0x0000024b275e2c20, 0x0000024b275e1870,
0x0000024b275e5380, 0x0000024b275e4660, 0x0000024b275e4cf0, 0x0000024b275e1f00,
0x0000024b275e3940, 0x0000024b275e5a10, 0x0000024b275e3fd0, 0x0000024b275e60a0,
0x0000024b275e6730, 0x0000024b275e32b0, 0x0000024b275e6dc0, 0x0000024b275e8e90,
0x0000024b275e7450, 0x0000024b275e7ae0, 0x0000024b275e8170, 0x0000024b275e8800,
0x0000024b276548f0, 0x0000024b27652820, 0x0000024b27654f80, 0x0000024b27656330,
0x0000024b27655610, 0x0000024b27654260, 0x0000024b27652eb0, 0x0000024b276569c0,
0x0000024b1f460680, 0x0000024b1f45e5b0, 0x0000024b1f4613a0, 0x0000024b1f460d10,
0x0000024b1f461a30, 0x0000024b1f4620c0, 0x0000024b1f45ec40, 0x0000024b1f45f2d0,
0x0000024b1f45f960, 0x0000024b1f45fff0, 0x0000024b221cdb00, 0x0000024b221cc750,
0x0000024b221ce820, 0x0000024b221ceeb0, 0x0000024b221cf540, 0x0000024b221cd470,
0x0000024b221ce190, 0x0000024b221cfbd0, 0x0000024b221d0260, 0x0000024b221ccde0,
0x0000024b221d3d70, 0x0000024b221d36e0, 0x0000024b221d1ca0, 0x0000024b221d1610,
0x0000024b221d08f0, 0x0000024b221d0f80, 0x0000024b221d2330, 0x0000024b221d29c0,
0x0000024b221d3050, 0x0000024b22c22130, 0x0000024b22c20060, 0x0000024b22c206f0,
0x0000024b22c234e0, 0x0000024b22c23b70, 0x0000024b22c227c0, 0x0000024b22c22e50,
0x0000024b22c21410, 0x0000024b22c24200, 0x0000024b22c20d80, 0x0000024b22c24890,
0x0000024b22c24f20, 0x0000024b22c21aa0, 0x0000024b22c26960, 0x0000024b22c26ff0,
0x0000024b22c255b0, 0x0000024b22c28a30, 0x0000024b22c283a0, 0x0000024b22c27680,
0x0000024b22c290c0, 0x0000024b22c27d10, 0x0000024b22c25c40, 0x0000024b22c29750,
0x0000024b22c262d0, 0x0000024b22c2beb0, 0x0000024b22c2ab00, 0x0000024b22c2b190,
0x0000024b22c2b820, 0x0000024b22c2cbd0, 0x0000024b22c2c540, 0x0000024b22c2d260,
0x0000024b22c29de0, 0x0000024b22c2d8f0, 0x0000024b22c2a470, 0x0000024b22c2df80,
0x0000024b22c2e610, 0x0000024b22c2eca0, 0x0000024b22c2f330, 0x0000024b27653540,
0x0000024b27653bd0, 0x0000024b27659e40, 0x0000024b276576e0, 0x0000024b27658400,
0x0000024b27657d70, 0x0000024b27658a90, 0x0000024b27657050, 0x0000024b27659120,
0x0000024b27655ca0, 0x0000024b276597b0, 0x0000024b1f45d200, 0x0000024b1f45aaa0,
0x0000024b1f45b130, 0x0000024b1f45d890, 0x0000024b1f45df20, 0x0000024b1f45b7c0,
0x0000024b1f45be50, 0x0000024b1d986fe0, 0x0000024b20fe8eb0, 0x0000024b20fe9bd0,
0x0000024b20fe6750, 0x0000024b20fe8190, 0x0000024b20fe9540, 0x0000024b20fe6de0,
0x0000024b20fedd70, 0x0000024b20fec330, 0x0000024b226f6700, 0x0000024b226f96b0,
0x0000024b226f6dd0, 0x0000024b209ebfb0, 0x0000024b209ec640, 0x0000024b209eccd0,
0x0000024b209ee710, 0x0000024b209ed360, 0x0000024b209ed9f0, 0x0000024b209ee080,
0x0000024b209eb290, 0x0000024b209ef430, 0x0000024b209f1b90, 0x0000024b209f2220,
0x0000024b209f0e70, 0x0000024b209efac0, 0x0000024b209f07e0, 0x0000024b209f1500,
0x0000024b209eeda0, 0x0000024b209e9ee0, 0x0000024b20fea260, 0x0000024b20fe7470,
0x0000024b20feaf80, 0x0000024b20fe7b00, 0x0000024b20fee400, 0x0000024b20fed050,
0x0000024b20ff25a0, 0x0000024b20ff11f0, 0x0000024b20ff1880, 0x0000024b20ff0b60,
0x0000024b20ff4670, 0x0000024b20ff2c30, 0x0000024b20ff5390
}

Java Threads: ( => current thread )
  0x0000024b7ba48ad0 JavaThread "main"                              [_thread_blocked, id=29828, stack(0x000000b07cf00000,0x000000b07d000000) (1024K)]
  0x0000024b1619d7f0 JavaThread "Reference Handler"          daemon [_thread_blocked, id=20028, stack(0x000000b07d700000,0x000000b07d800000) (1024K)]
  0x0000024b161eee10 JavaThread "Finalizer"                  daemon [_thread_blocked, id=26924, stack(0x000000b07d800000,0x000000b07d900000) (1024K)]
  0x0000024b161d4090 JavaThread "Signal Dispatcher"          daemon [_thread_blocked, id=36440, stack(0x000000b07d900000,0x000000b07da00000) (1024K)]
  0x0000024b161f8d80 JavaThread "Attach Listener"            daemon [_thread_blocked, id=15192, stack(0x000000b07da00000,0x000000b07db00000) (1024K)]
  0x0000024b161f97d0 JavaThread "Service Thread"             daemon [_thread_blocked, id=25928, stack(0x000000b07db00000,0x000000b07dc00000) (1024K)]
  0x0000024b161d7420 JavaThread "Monitor Deflation Thread"   daemon [_thread_blocked, id=22828, stack(0x000000b07dc00000,0x000000b07dd00000) (1024K)]
  0x0000024b161d9880 JavaThread "C2 CompilerThread0"         daemon [_thread_blocked, id=9688, stack(0x000000b07dd00000,0x000000b07de00000) (1024K)]
  0x0000024b162049c0 JavaThread "C1 CompilerThread0"         daemon [_thread_blocked, id=34620, stack(0x000000b07de00000,0x000000b07df00000) (1024K)]
  0x0000024b162f6580 JavaThread "Common-Cleaner"             daemon [_thread_blocked, id=7212, stack(0x000000b07df00000,0x000000b07e000000) (1024K)]
  0x0000024b1683d7e0 JavaThread "Notification Thread"        daemon [_thread_blocked, id=17800, stack(0x000000b07e300000,0x000000b07e400000) (1024K)]
  0x0000024b1c5d50f0 JavaThread "Daemon health stats"               [_thread_blocked, id=30836, stack(0x000000b07eb00000,0x000000b07ec00000) (1024K)]
  0x0000024b1c487d70 JavaThread "Incoming local TCP Connector on port 59433"        [_thread_in_native, id=9440, stack(0x000000b07ec00000,0x000000b07ed00000) (1024K)]
  0x0000024b1c454440 JavaThread "Daemon periodic checks"            [_thread_blocked, id=5508, stack(0x000000b07ee00000,0x000000b07ef00000) (1024K)]
  0x0000024b1c4c3800 JavaThread "Daemon"                            [_thread_blocked, id=36128, stack(0x000000b07ef00000,0x000000b07f000000) (1024K)]
  0x0000024b1c4c3e60 JavaThread "Handler for socket connection from /127.0.0.1:59433 to /127.0.0.1:59434"        [_thread_in_native, id=32776, stack(0x000000b07f000000,0x000000b07f100000) (1024K)]
  0x0000024b1c4e8ed0 JavaThread "Cancel handler"                    [_thread_blocked, id=3628, stack(0x000000b07f100000,0x000000b07f200000) (1024K)]
  0x0000024b1c4fe1f0 JavaThread "Daemon worker"                     [_thread_blocked, id=45412, stack(0x000000b07f200000,0x000000b07f300000) (1024K)]
  0x0000024b1c50b080 JavaThread "Asynchronous log dispatcher for DefaultDaemonConnection: socket connection from /127.0.0.1:59433 to /127.0.0.1:59434"        [_thread_blocked, id=38196, stack(0x000000b07f300000,0x000000b07f400000) (1024K)]
  0x0000024b1c50f370 JavaThread "Stdin handler"                     [_thread_blocked, id=19328, stack(0x000000b07f400000,0x000000b07f500000) (1024K)]
  0x0000024b1c50d2a0 JavaThread "Daemon client event forwarder"        [_thread_blocked, id=36904, stack(0x000000b07f500000,0x000000b07f600000) (1024K)]
  0x0000024b1c50dfc0 JavaThread "Cache worker for journal cache (C:\Users\SavvinPC\.gradle\caches\journal-1)"        [_thread_blocked, id=38284, stack(0x000000b07fe00000,0x000000b07ff00000) (1024K)]
  0x0000024b1c50d930 JavaThread "File lock request listener"        [_thread_in_native, id=37364, stack(0x000000b07ff00000,0x000000b080000000) (1024K)]
  0x0000024b1c510090 JavaThread "Cache worker for file hash cache (C:\Users\SavvinPC\.gradle\caches\8.11.1\fileHashes)"        [_thread_blocked, id=26840, stack(0x000000b000000000,0x000000b000100000) (1024K)]
  0x0000024b1c50ece0 JavaThread "Cache worker for file content cache (C:\Users\SavvinPC\.gradle\caches\8.11.1\fileContent)"        [_thread_blocked, id=41636, stack(0x000000b000200000,0x000000b000300000) (1024K)]
  0x0000024b1c50e650 JavaThread "Cache worker for file hash cache (C:\Users\SavvinPC\Documents\mirea\6sem\mobile-practs\Poster\.gradle\8.11.1\fileHashes)"        [_thread_blocked, id=1072, stack(0x000000b000400000,0x000000b000500000) (1024K)]
  0x0000024b1c50fa00 JavaThread "Cache worker for Build Output Cleanup Cache (C:\Users\SavvinPC\Documents\mirea\6sem\mobile-practs\Poster\.gradle\buildOutputCleanup)"        [_thread_blocked, id=35320, stack(0x000000b000500000,0x000000b000600000) (1024K)]
  0x0000024b1c510720 JavaThread "File watcher server"        daemon [_thread_in_native, id=3424, stack(0x000000b000600000,0x000000b000700000) (1024K)]
  0x0000024b2050ac60 JavaThread "File watcher consumer"      daemon [_thread_in_Java, id=2576, stack(0x000000b000700000,0x000000b000800000) (1024K)]
  0x0000024b2050c6a0 JavaThread "Cache worker for checksums cache (C:\Users\SavvinPC\Documents\mirea\6sem\mobile-practs\Poster\.gradle\8.11.1\checksums)"        [_thread_blocked, id=17312, stack(0x000000b000800000,0x000000b000900000) (1024K)]
  0x0000024b2050b2f0 JavaThread "Cache worker for cache directory md-rule (C:\Users\SavvinPC\.gradle\caches\8.11.1\md-rule)"        [_thread_blocked, id=10556, stack(0x000000b000900000,0x000000b000a00000) (1024K)]
  0x0000024b205098b0 JavaThread "Cache worker for cache directory md-supplier (C:\Users\SavvinPC\.gradle\caches\8.11.1\md-supplier)"        [_thread_blocked, id=43672, stack(0x000000b000a00000,0x000000b000b00000) (1024K)]
  0x0000024b2050d3c0 JavaThread "Unconstrained build operations"        [_thread_blocked, id=17392, stack(0x000000b000b00000,0x000000b000c00000) (1024K)]
  0x0000024b20509f40 JavaThread "Unconstrained build operations Thread 2"        [_thread_blocked, id=35328, stack(0x000000b000c00000,0x000000b000d00000) (1024K)]
  0x0000024b2050da50 JavaThread "Unconstrained build operations Thread 3"        [_thread_blocked, id=20884, stack(0x000000b000d00000,0x000000b000e00000) (1024K)]
  0x0000024b2050a5d0 JavaThread "Unconstrained build operations Thread 4"        [_thread_blocked, id=20692, stack(0x000000b000e00000,0x000000b000f00000) (1024K)]
  0x0000024b2050e0e0 JavaThread "Unconstrained build operations Thread 5"        [_thread_blocked, id=40636, stack(0x000000b000f00000,0x000000b001000000) (1024K)]
  0x0000024b2050ee00 JavaThread "Unconstrained build operations Thread 6"        [_thread_blocked, id=46480, stack(0x000000b001000000,0x000000b001100000) (1024K)]
  0x0000024b2050e770 JavaThread "Unconstrained build operations Thread 7"        [_thread_blocked, id=8100, stack(0x000000b001100000,0x000000b001200000) (1024K)]
  0x0000024b205101b0 JavaThread "Unconstrained build operations Thread 8"        [_thread_blocked, id=43472, stack(0x000000b001200000,0x000000b001300000) (1024K)]
  0x0000024b2050f490 JavaThread "Unconstrained build operations Thread 9"        [_thread_blocked, id=20800, stack(0x000000b001300000,0x000000b001400000) (1024K)]
  0x0000024b2050fb20 JavaThread "Unconstrained build operations Thread 10"        [_thread_blocked, id=2860, stack(0x000000b001400000,0x000000b001500000) (1024K)]
  0x0000024b20510840 JavaThread "Unconstrained build operations Thread 11"        [_thread_blocked, id=6104, stack(0x000000b001500000,0x000000b001600000) (1024K)]
  0x0000024b20510ed0 JavaThread "Unconstrained build operations Thread 12"        [_thread_blocked, id=40844, stack(0x000000b001600000,0x000000b001700000) (1024K)]
  0x0000024b20dc1820 JavaThread "Unconstrained build operations Thread 13"        [_thread_blocked, id=39820, stack(0x000000b001700000,0x000000b001800000) (1024K)]
  0x0000024b20dc3f80 JavaThread "Unconstrained build operations Thread 14"        [_thread_blocked, id=27248, stack(0x000000b001800000,0x000000b001900000) (1024K)]
  0x0000024b20dc3260 JavaThread "Unconstrained build operations Thread 15"        [_thread_blocked, id=44496, stack(0x000000b001900000,0x000000b001a00000) (1024K)]
  0x0000024b20dc4610 JavaThread "Unconstrained build operations Thread 16"        [_thread_blocked, id=4556, stack(0x000000b001a00000,0x000000b001b00000) (1024K)]
  0x0000024b20dc2bd0 JavaThread "Unconstrained build operations Thread 17"        [_thread_blocked, id=49488, stack(0x000000b001b00000,0x000000b001c00000) (1024K)]
  0x0000024b20dc38f0 JavaThread "Unconstrained build operations Thread 18"        [_thread_blocked, id=27388, stack(0x000000b001c00000,0x000000b001d00000) (1024K)]
  0x0000024b20dc1eb0 JavaThread "Unconstrained build operations Thread 19"        [_thread_blocked, id=46648, stack(0x000000b001d00000,0x000000b001e00000) (1024K)]
  0x0000024b20dc4ca0 JavaThread "Unconstrained build operations Thread 20"        [_thread_blocked, id=21372, stack(0x000000b001e00000,0x000000b001f00000) (1024K)]
  0x0000024b20dc5330 JavaThread "Unconstrained build operations Thread 21"        [_thread_blocked, id=35076, stack(0x000000b001f00000,0x000000b002000000) (1024K)]
  0x0000024b20dc59c0 JavaThread "Unconstrained build operations Thread 22"        [_thread_blocked, id=36476, stack(0x000000b002000000,0x000000b002100000) (1024K)]
  0x0000024b20dc2540 JavaThread "Unconstrained build operations Thread 23"        [_thread_blocked, id=46864, stack(0x000000b002100000,0x000000b002200000) (1024K)]
  0x0000024b20dc66e0 JavaThread "Unconstrained build operations Thread 24"        [_thread_blocked, id=4996, stack(0x000000b002200000,0x000000b002300000) (1024K)]
  0x0000024b20dc8120 JavaThread "Unconstrained build operations Thread 25"        [_thread_blocked, id=3888, stack(0x000000b002300000,0x000000b002400000) (1024K)]
  0x0000024b20dc7400 JavaThread "Unconstrained build operations Thread 26"        [_thread_blocked, id=43964, stack(0x000000b002400000,0x000000b002500000) (1024K)]
  0x0000024b20dc8e40 JavaThread "Unconstrained build operations Thread 27"        [_thread_blocked, id=27304, stack(0x000000b002500000,0x000000b002600000) (1024K)]
  0x0000024b20dc87b0 JavaThread "Unconstrained build operations Thread 28"        [_thread_blocked, id=33336, stack(0x000000b002600000,0x000000b002700000) (1024K)]
  0x0000024b20dc6050 JavaThread "Unconstrained build operations Thread 29"        [_thread_blocked, id=48652, stack(0x000000b002700000,0x000000b002800000) (1024K)]
  0x0000024b20dc6d70 JavaThread "Unconstrained build operations Thread 30"        [_thread_blocked, id=22532, stack(0x000000b002800000,0x000000b002900000) (1024K)]
  0x0000024b20dc7a90 JavaThread "Unconstrained build operations Thread 31"        [_thread_blocked, id=26456, stack(0x000000b002900000,0x000000b002a00000) (1024K)]
  0x0000024b213ffc50 JavaThread "Unconstrained build operations Thread 32"        [_thread_blocked, id=34076, stack(0x000000b002a00000,0x000000b002b00000) (1024K)]
  0x0000024b213ff5c0 JavaThread "Unconstrained build operations Thread 33"        [_thread_blocked, id=42616, stack(0x000000b002b00000,0x000000b002c00000) (1024K)]
  0x0000024b214002e0 JavaThread "Unconstrained build operations Thread 34"        [_thread_blocked, id=41128, stack(0x000000b002c00000,0x000000b002d00000) (1024K)]
  0x0000024b213fce60 JavaThread "Unconstrained build operations Thread 35"        [_thread_blocked, id=44292, stack(0x000000b002d00000,0x000000b002e00000) (1024K)]
  0x0000024b21400970 JavaThread "Unconstrained build operations Thread 36"        [_thread_blocked, id=8632, stack(0x000000b002e00000,0x000000b002f00000) (1024K)]
  0x0000024b213fdb80 JavaThread "Unconstrained build operations Thread 37"        [_thread_blocked, id=8060, stack(0x000000b002f00000,0x000000b003000000) (1024K)]
  0x0000024b213fe8a0 JavaThread "Unconstrained build operations Thread 38"        [_thread_blocked, id=21548, stack(0x000000b003000000,0x000000b003100000) (1024K)]
  0x0000024b213fe210 JavaThread "Unconstrained build operations Thread 39"        [_thread_blocked, id=22344, stack(0x000000b003100000,0x000000b003200000) (1024K)]
  0x0000024b213fd4f0 JavaThread "Unconstrained build operations Thread 40"        [_thread_blocked, id=2148, stack(0x000000b003200000,0x000000b003300000) (1024K)]
  0x0000024b21401000 JavaThread "Unconstrained build operations Thread 41"        [_thread_blocked, id=50164, stack(0x000000b003300000,0x000000b003400000) (1024K)]
  0x0000024b21401690 JavaThread "Unconstrained build operations Thread 42"        [_thread_blocked, id=49236, stack(0x000000b003400000,0x000000b003500000) (1024K)]
  0x0000024b214023b0 JavaThread "Unconstrained build operations Thread 43"        [_thread_blocked, id=36720, stack(0x000000b003500000,0x000000b003600000) (1024K)]
  0x0000024b21401d20 JavaThread "Unconstrained build operations Thread 44"        [_thread_blocked, id=39592, stack(0x000000b003600000,0x000000b003700000) (1024K)]
  0x0000024b213fef30 JavaThread "Unconstrained build operations Thread 45"        [_thread_blocked, id=18124, stack(0x000000b003700000,0x000000b003800000) (1024K)]
  0x0000024b21403760 JavaThread "build event listener"              [_thread_blocked, id=20960, stack(0x000000b000300000,0x000000b000400000) (1024K)]
  0x0000024b214030d0 JavaThread "Memory manager"                    [_thread_blocked, id=26780, stack(0x000000b003800000,0x000000b003900000) (1024K)]
  0x0000024b20427290 JavaThread "build event listener"              [_thread_blocked, id=24944, stack(0x000000b003a00000,0x000000b003b00000) (1024K)]
  0x0000024b2042c7e0 JavaThread "Problems report writer"            [_thread_blocked, id=29736, stack(0x000000b003900000,0x000000b003a00000) (1024K)]
  0x0000024b1dd4ea80 JavaThread "included builds"                   [_thread_blocked, id=50100, stack(0x000000b003d00000,0x000000b003e00000) (1024K)]
  0x0000024b1dd4f110 JavaThread "Execution worker"                  [_thread_blocked, id=1500, stack(0x000000b003e00000,0x000000b003f00000) (1024K)]
  0x0000024b1dd504c0 JavaThread "Execution worker Thread 2"         [_thread_blocked, id=36184, stack(0x000000b003f00000,0x000000b004000000) (1024K)]
  0x0000024b1dd4f7a0 JavaThread "Execution worker Thread 3"         [_thread_blocked, id=21040, stack(0x000000b004000000,0x000000b004100000) (1024K)]
  0x0000024b1dd4d6d0 JavaThread "Execution worker Thread 4"         [_thread_blocked, id=17308, stack(0x000000b004100000,0x000000b004200000) (1024K)]
  0x0000024b1dd511e0 JavaThread "Execution worker Thread 5"         [_thread_blocked, id=38672, stack(0x000000b004200000,0x000000b004300000) (1024K)]
  0x0000024b1dd51870 JavaThread "Execution worker Thread 6"         [_thread_blocked, id=1432, stack(0x000000b004300000,0x000000b004400000) (1024K)]
  0x0000024b1dd4fe30 JavaThread "Execution worker Thread 7"         [_thread_blocked, id=16916, stack(0x000000b004400000,0x000000b004500000) (1024K)]
  0x0000024b1dd53940 JavaThread "Execution worker Thread 8"         [_thread_blocked, id=17316, stack(0x000000b004500000,0x000000b004600000) (1024K)]
  0x0000024b1dd53fd0 JavaThread "Execution worker Thread 9"         [_thread_blocked, id=2128, stack(0x000000b004600000,0x000000b004700000) (1024K)]
  0x0000024b1dd51f00 JavaThread "Execution worker Thread 10"        [_thread_blocked, id=17004, stack(0x000000b004700000,0x000000b004800000) (1024K)]
  0x0000024b1dd54cf0 JavaThread "Execution worker Thread 11"        [_thread_blocked, id=16440, stack(0x000000b004800000,0x000000b004900000) (1024K)]
  0x0000024b1dd52590 JavaThread "Execution worker Thread 12"        [_thread_blocked, id=12552, stack(0x000000b004900000,0x000000b004a00000) (1024K)]
  0x0000024b1dd52c20 JavaThread "Execution worker Thread 13"        [_thread_blocked, id=44780, stack(0x000000b004a00000,0x000000b004b00000) (1024K)]
  0x0000024b1dd532b0 JavaThread "Execution worker Thread 14"        [_thread_blocked, id=45476, stack(0x000000b004b00000,0x000000b004c00000) (1024K)]
  0x0000024b1dd54660 JavaThread "Execution worker Thread 15"        [_thread_blocked, id=22084, stack(0x000000b004c00000,0x000000b004d00000) (1024K)]
  0x0000024b2042c150 JavaThread "Cache worker for execution history cache (C:\Users\SavvinPC\Documents\mirea\6sem\mobile-practs\Poster\.gradle\8.11.1\executionHistory)"        [_thread_blocked, id=45484, stack(0x000000b004d00000,0x000000b004e00000) (1024K)]
  0x0000024b2042db90 JavaThread "Unconstrained build operations Thread 46"        [_thread_blocked, id=20116, stack(0x000000b003c00000,0x000000b003d00000) (1024K)]
  0x0000024b21403df0 JavaThread "Unconstrained build operations Thread 47"        [_thread_blocked, id=46540, stack(0x000000b004e00000,0x000000b004f00000) (1024K)]
  0x0000024b21404480 JavaThread "Unconstrained build operations Thread 48"        [_thread_blocked, id=9188, stack(0x000000b004f00000,0x000000b005000000) (1024K)]
  0x0000024b275e2590 JavaThread "Unconstrained build operations Thread 49"        [_thread_blocked, id=41640, stack(0x000000b005000000,0x000000b005100000) (1024K)]
  0x0000024b275e2c20 JavaThread "Unconstrained build operations Thread 50"        [_thread_blocked, id=41216, stack(0x000000b005100000,0x000000b005200000) (1024K)]
  0x0000024b275e1870 JavaThread "Unconstrained build operations Thread 51"        [_thread_blocked, id=27504, stack(0x000000b005200000,0x000000b005300000) (1024K)]
  0x0000024b275e5380 JavaThread "Unconstrained build operations Thread 52"        [_thread_blocked, id=31096, stack(0x000000b005300000,0x000000b005400000) (1024K)]
  0x0000024b275e4660 JavaThread "Unconstrained build operations Thread 53"        [_thread_blocked, id=35200, stack(0x000000b005400000,0x000000b005500000) (1024K)]
  0x0000024b275e4cf0 JavaThread "Unconstrained build operations Thread 54"        [_thread_blocked, id=6124, stack(0x000000b005500000,0x000000b005600000) (1024K)]
  0x0000024b275e1f00 JavaThread "Unconstrained build operations Thread 55"        [_thread_blocked, id=29000, stack(0x000000b005600000,0x000000b005700000) (1024K)]
  0x0000024b275e3940 JavaThread "Unconstrained build operations Thread 56"        [_thread_blocked, id=24744, stack(0x000000b005700000,0x000000b005800000) (1024K)]
  0x0000024b275e5a10 JavaThread "Unconstrained build operations Thread 57"        [_thread_blocked, id=5848, stack(0x000000b005800000,0x000000b005900000) (1024K)]
  0x0000024b275e3fd0 JavaThread "Unconstrained build operations Thread 58"        [_thread_blocked, id=24784, stack(0x000000b005900000,0x000000b005a00000) (1024K)]
  0x0000024b275e60a0 JavaThread "Unconstrained build operations Thread 59"        [_thread_blocked, id=11060, stack(0x000000b005a00000,0x000000b005b00000) (1024K)]
  0x0000024b275e6730 JavaThread "Unconstrained build operations Thread 60"        [_thread_blocked, id=10812, stack(0x000000b005b00000,0x000000b005c00000) (1024K)]
  0x0000024b275e32b0 JavaThread "Unconstrained build operations Thread 61"        [_thread_blocked, id=20500, stack(0x000000b005d00000,0x000000b005e00000) (1024K)]
  0x0000024b275e6dc0 JavaThread "Unconstrained build operations Thread 62"        [_thread_blocked, id=50060, stack(0x000000b005e00000,0x000000b005f00000) (1024K)]
  0x0000024b275e8e90 JavaThread "Unconstrained build operations Thread 63"        [_thread_blocked, id=35092, stack(0x000000b005f00000,0x000000b006000000) (1024K)]
  0x0000024b275e7450 JavaThread "Unconstrained build operations Thread 64"        [_thread_blocked, id=46100, stack(0x000000b006000000,0x000000b006100000) (1024K)]
  0x0000024b275e7ae0 JavaThread "Unconstrained build operations Thread 65"        [_thread_blocked, id=18364, stack(0x000000b006100000,0x000000b006200000) (1024K)]
  0x0000024b275e8170 JavaThread "Unconstrained build operations Thread 66"        [_thread_blocked, id=48880, stack(0x000000b006200000,0x000000b006300000) (1024K)]
  0x0000024b275e8800 JavaThread "Unconstrained build operations Thread 67"        [_thread_blocked, id=39136, stack(0x000000b006300000,0x000000b006400000) (1024K)]
  0x0000024b276548f0 JavaThread "Unconstrained build operations Thread 68"        [_thread_blocked, id=11932, stack(0x000000b006400000,0x000000b006500000) (1024K)]
  0x0000024b27652820 JavaThread "Unconstrained build operations Thread 69"        [_thread_blocked, id=28456, stack(0x000000b006500000,0x000000b006600000) (1024K)]
  0x0000024b27654f80 JavaThread "Unconstrained build operations Thread 70"        [_thread_blocked, id=16256, stack(0x000000b006600000,0x000000b006700000) (1024K)]
  0x0000024b27656330 JavaThread "Unconstrained build operations Thread 71"        [_thread_blocked, id=13796, stack(0x000000b006700000,0x000000b006800000) (1024K)]
  0x0000024b27655610 JavaThread "Unconstrained build operations Thread 72"        [_thread_blocked, id=37060, stack(0x000000b006800000,0x000000b006900000) (1024K)]
  0x0000024b27654260 JavaThread "Unconstrained build operations Thread 73"        [_thread_blocked, id=30928, stack(0x000000b006900000,0x000000b006a00000) (1024K)]
  0x0000024b27652eb0 JavaThread "Unconstrained build operations Thread 74"        [_thread_blocked, id=44600, stack(0x000000b006a00000,0x000000b006b00000) (1024K)]
  0x0000024b276569c0 JavaThread "Unconstrained build operations Thread 75"        [_thread_blocked, id=11032, stack(0x000000b006b00000,0x000000b006c00000) (1024K)]
  0x0000024b1f460680 JavaThread "Unconstrained build operations Thread 76"        [_thread_blocked, id=22180, stack(0x000000b006c00000,0x000000b006d00000) (1024K)]
  0x0000024b1f45e5b0 JavaThread "Unconstrained build operations Thread 77"        [_thread_blocked, id=16060, stack(0x000000b006d00000,0x000000b006e00000) (1024K)]
  0x0000024b1f4613a0 JavaThread "Unconstrained build operations Thread 78"        [_thread_blocked, id=17876, stack(0x000000b006e00000,0x000000b006f00000) (1024K)]
  0x0000024b1f460d10 JavaThread "Unconstrained build operations Thread 79"        [_thread_blocked, id=24876, stack(0x000000b006f00000,0x000000b007000000) (1024K)]
  0x0000024b1f461a30 JavaThread "Unconstrained build operations Thread 80"        [_thread_blocked, id=12608, stack(0x000000b007000000,0x000000b007100000) (1024K)]
  0x0000024b1f4620c0 JavaThread "Unconstrained build operations Thread 81"        [_thread_blocked, id=26408, stack(0x000000b007100000,0x000000b007200000) (1024K)]
  0x0000024b1f45ec40 JavaThread "Unconstrained build operations Thread 82"        [_thread_blocked, id=37712, stack(0x000000b007200000,0x000000b007300000) (1024K)]
  0x0000024b1f45f2d0 JavaThread "Unconstrained build operations Thread 83"        [_thread_blocked, id=28192, stack(0x000000b007300000,0x000000b007400000) (1024K)]
  0x0000024b1f45f960 JavaThread "Unconstrained build operations Thread 84"        [_thread_blocked, id=28228, stack(0x000000b007400000,0x000000b007500000) (1024K)]
  0x0000024b1f45fff0 JavaThread "Unconstrained build operations Thread 85"        [_thread_blocked, id=17620, stack(0x000000b007500000,0x000000b007600000) (1024K)]
  0x0000024b221cdb00 JavaThread "Unconstrained build operations Thread 86"        [_thread_blocked, id=5472, stack(0x000000b007600000,0x000000b007700000) (1024K)]
  0x0000024b221cc750 JavaThread "Unconstrained build operations Thread 87"        [_thread_blocked, id=47804, stack(0x000000b007700000,0x000000b007800000) (1024K)]
  0x0000024b221ce820 JavaThread "Unconstrained build operations Thread 88"        [_thread_blocked, id=43576, stack(0x000000b007800000,0x000000b007900000) (1024K)]
  0x0000024b221ceeb0 JavaThread "Unconstrained build operations Thread 89"        [_thread_blocked, id=4084, stack(0x000000b007900000,0x000000b007a00000) (1024K)]
  0x0000024b221cf540 JavaThread "Unconstrained build operations Thread 90"        [_thread_blocked, id=23432, stack(0x000000b007a00000,0x000000b007b00000) (1024K)]
  0x0000024b221cd470 JavaThread "Unconstrained build operations Thread 91"        [_thread_blocked, id=48384, stack(0x000000b007b00000,0x000000b007c00000) (1024K)]
  0x0000024b221ce190 JavaThread "Unconstrained build operations Thread 92"        [_thread_blocked, id=1660, stack(0x000000b007c00000,0x000000b007d00000) (1024K)]
  0x0000024b221cfbd0 JavaThread "Unconstrained build operations Thread 93"        [_thread_blocked, id=5464, stack(0x000000b007d00000,0x000000b007e00000) (1024K)]
  0x0000024b221d0260 JavaThread "Unconstrained build operations Thread 94"        [_thread_blocked, id=38896, stack(0x000000b007e00000,0x000000b007f00000) (1024K)]
  0x0000024b221ccde0 JavaThread "Unconstrained build operations Thread 95"        [_thread_blocked, id=30736, stack(0x000000b007f00000,0x000000b008000000) (1024K)]
  0x0000024b221d3d70 JavaThread "Unconstrained build operations Thread 96"        [_thread_blocked, id=39432, stack(0x000000b008000000,0x000000b008100000) (1024K)]
  0x0000024b221d36e0 JavaThread "Unconstrained build operations Thread 97"        [_thread_blocked, id=16744, stack(0x000000b008100000,0x000000b008200000) (1024K)]
  0x0000024b221d1ca0 JavaThread "Unconstrained build operations Thread 98"        [_thread_blocked, id=44120, stack(0x000000b008200000,0x000000b008300000) (1024K)]
  0x0000024b221d1610 JavaThread "Unconstrained build operations Thread 99"        [_thread_blocked, id=38616, stack(0x000000b008300000,0x000000b008400000) (1024K)]
  0x0000024b221d08f0 JavaThread "Unconstrained build operations Thread 100"        [_thread_blocked, id=30428, stack(0x000000b008400000,0x000000b008500000) (1024K)]
  0x0000024b221d0f80 JavaThread "Unconstrained build operations Thread 101"        [_thread_blocked, id=8676, stack(0x000000b008500000,0x000000b008600000) (1024K)]
  0x0000024b221d2330 JavaThread "Unconstrained build operations Thread 102"        [_thread_blocked, id=49648, stack(0x000000b008600000,0x000000b008700000) (1024K)]
  0x0000024b221d29c0 JavaThread "Unconstrained build operations Thread 103"        [_thread_blocked, id=18128, stack(0x000000b008700000,0x000000b008800000) (1024K)]
  0x0000024b221d3050 JavaThread "Unconstrained build operations Thread 104"        [_thread_blocked, id=14968, stack(0x000000b008800000,0x000000b008900000) (1024K)]
  0x0000024b22c22130 JavaThread "Unconstrained build operations Thread 105"        [_thread_blocked, id=40320, stack(0x000000b008900000,0x000000b008a00000) (1024K)]
  0x0000024b22c20060 JavaThread "Unconstrained build operations Thread 106"        [_thread_blocked, id=36976, stack(0x000000b008a00000,0x000000b008b00000) (1024K)]
  0x0000024b22c206f0 JavaThread "Unconstrained build operations Thread 107"        [_thread_blocked, id=14060, stack(0x000000b008b00000,0x000000b008c00000) (1024K)]
  0x0000024b22c234e0 JavaThread "Unconstrained build operations Thread 108"        [_thread_blocked, id=29876, stack(0x000000b008c00000,0x000000b008d00000) (1024K)]
  0x0000024b22c23b70 JavaThread "Unconstrained build operations Thread 109"        [_thread_blocked, id=14976, stack(0x000000b008d00000,0x000000b008e00000) (1024K)]
  0x0000024b22c227c0 JavaThread "Unconstrained build operations Thread 110"        [_thread_blocked, id=29116, stack(0x000000b008e00000,0x000000b008f00000) (1024K)]
  0x0000024b22c22e50 JavaThread "Unconstrained build operations Thread 111"        [_thread_blocked, id=2204, stack(0x000000b008f00000,0x000000b009000000) (1024K)]
  0x0000024b22c21410 JavaThread "Unconstrained build operations Thread 112"        [_thread_blocked, id=34800, stack(0x000000b009000000,0x000000b009100000) (1024K)]
  0x0000024b22c24200 JavaThread "Unconstrained build operations Thread 113"        [_thread_blocked, id=27344, stack(0x000000b009100000,0x000000b009200000) (1024K)]
  0x0000024b22c20d80 JavaThread "Unconstrained build operations Thread 114"        [_thread_blocked, id=2684, stack(0x000000b009200000,0x000000b009300000) (1024K)]
  0x0000024b22c24890 JavaThread "Unconstrained build operations Thread 115"        [_thread_blocked, id=23988, stack(0x000000b009300000,0x000000b009400000) (1024K)]
  0x0000024b22c24f20 JavaThread "Unconstrained build operations Thread 116"        [_thread_blocked, id=5728, stack(0x000000b009400000,0x000000b009500000) (1024K)]
  0x0000024b22c21aa0 JavaThread "Unconstrained build operations Thread 117"        [_thread_blocked, id=27652, stack(0x000000b009500000,0x000000b009600000) (1024K)]
  0x0000024b22c26960 JavaThread "Unconstrained build operations Thread 118"        [_thread_blocked, id=43808, stack(0x000000b009600000,0x000000b009700000) (1024K)]
  0x0000024b22c26ff0 JavaThread "Unconstrained build operations Thread 119"        [_thread_blocked, id=39604, stack(0x000000b009700000,0x000000b009800000) (1024K)]
  0x0000024b22c255b0 JavaThread "Unconstrained build operations Thread 120"        [_thread_blocked, id=26036, stack(0x000000b009800000,0x000000b009900000) (1024K)]
  0x0000024b22c28a30 JavaThread "Unconstrained build operations Thread 121"        [_thread_blocked, id=29796, stack(0x000000b009900000,0x000000b009a00000) (1024K)]
  0x0000024b22c283a0 JavaThread "Unconstrained build operations Thread 122"        [_thread_blocked, id=6604, stack(0x000000b009a00000,0x000000b009b00000) (1024K)]
  0x0000024b22c27680 JavaThread "Unconstrained build operations Thread 123"        [_thread_blocked, id=15152, stack(0x000000b009b00000,0x000000b009c00000) (1024K)]
  0x0000024b22c290c0 JavaThread "Unconstrained build operations Thread 124"        [_thread_blocked, id=37100, stack(0x000000b009c00000,0x000000b009d00000) (1024K)]
  0x0000024b22c27d10 JavaThread "Unconstrained build operations Thread 125"        [_thread_blocked, id=39304, stack(0x000000b009d00000,0x000000b009e00000) (1024K)]
  0x0000024b22c25c40 JavaThread "Unconstrained build operations Thread 126"        [_thread_blocked, id=20512, stack(0x000000b009e00000,0x000000b009f00000) (1024K)]
  0x0000024b22c29750 JavaThread "Unconstrained build operations Thread 127"        [_thread_blocked, id=36804, stack(0x000000b009f00000,0x000000b00a000000) (1024K)]
  0x0000024b22c262d0 JavaThread "Unconstrained build operations Thread 128"        [_thread_blocked, id=4368, stack(0x000000b00a000000,0x000000b00a100000) (1024K)]
  0x0000024b22c2beb0 JavaThread "Unconstrained build operations Thread 129"        [_thread_blocked, id=34736, stack(0x000000b00a100000,0x000000b00a200000) (1024K)]
  0x0000024b22c2ab00 JavaThread "Unconstrained build operations Thread 130"        [_thread_blocked, id=520, stack(0x000000b00a200000,0x000000b00a300000) (1024K)]
  0x0000024b22c2b190 JavaThread "Unconstrained build operations Thread 131"        [_thread_blocked, id=49272, stack(0x000000b00a300000,0x000000b00a400000) (1024K)]
  0x0000024b22c2b820 JavaThread "Unconstrained build operations Thread 132"        [_thread_blocked, id=9908, stack(0x000000b00a400000,0x000000b00a500000) (1024K)]
  0x0000024b22c2cbd0 JavaThread "Unconstrained build operations Thread 133"        [_thread_blocked, id=31344, stack(0x000000b00a500000,0x000000b00a600000) (1024K)]
  0x0000024b22c2c540 JavaThread "Unconstrained build operations Thread 134"        [_thread_blocked, id=49288, stack(0x000000b00a600000,0x000000b00a700000) (1024K)]
  0x0000024b22c2d260 JavaThread "Unconstrained build operations Thread 135"        [_thread_blocked, id=46196, stack(0x000000b00a700000,0x000000b00a800000) (1024K)]
  0x0000024b22c29de0 JavaThread "Unconstrained build operations Thread 136"        [_thread_blocked, id=35548, stack(0x000000b00a800000,0x000000b00a900000) (1024K)]
  0x0000024b22c2d8f0 JavaThread "Unconstrained build operations Thread 137"        [_thread_blocked, id=26868, stack(0x000000b00a900000,0x000000b00aa00000) (1024K)]
  0x0000024b22c2a470 JavaThread "Unconstrained build operations Thread 138"        [_thread_blocked, id=43436, stack(0x000000b00aa00000,0x000000b00ab00000) (1024K)]
  0x0000024b22c2df80 JavaThread "Unconstrained build operations Thread 139"        [_thread_blocked, id=15460, stack(0x000000b00ab00000,0x000000b00ac00000) (1024K)]
  0x0000024b22c2e610 JavaThread "Unconstrained build operations Thread 140"        [_thread_blocked, id=28108, stack(0x000000b00ac00000,0x000000b00ad00000) (1024K)]
  0x0000024b22c2eca0 JavaThread "Unconstrained build operations Thread 141"        [_thread_blocked, id=45900, stack(0x000000b00ad00000,0x000000b00ae00000) (1024K)]
  0x0000024b22c2f330 JavaThread "Unconstrained build operations Thread 142"        [_thread_blocked, id=34168, stack(0x000000b00ae00000,0x000000b00af00000) (1024K)]
  0x0000024b27653540 JavaThread "Unconstrained build operations Thread 143"        [_thread_blocked, id=11596, stack(0x000000b00af00000,0x000000b00b000000) (1024K)]
  0x0000024b27653bd0 JavaThread "Unconstrained build operations Thread 144"        [_thread_blocked, id=48032, stack(0x000000b00b000000,0x000000b00b100000) (1024K)]
  0x0000024b27659e40 JavaThread "Unconstrained build operations Thread 145"        [_thread_blocked, id=33756, stack(0x000000b00b100000,0x000000b00b200000) (1024K)]
  0x0000024b276576e0 JavaThread "Unconstrained build operations Thread 146"        [_thread_blocked, id=33104, stack(0x000000b00b200000,0x000000b00b300000) (1024K)]
  0x0000024b27658400 JavaThread "Unconstrained build operations Thread 147"        [_thread_blocked, id=9552, stack(0x000000b00b300000,0x000000b00b400000) (1024K)]
  0x0000024b27657d70 JavaThread "Unconstrained build operations Thread 148"        [_thread_blocked, id=27448, stack(0x000000b00b400000,0x000000b00b500000) (1024K)]
  0x0000024b27658a90 JavaThread "Unconstrained build operations Thread 149"        [_thread_blocked, id=44372, stack(0x000000b00b500000,0x000000b00b600000) (1024K)]
  0x0000024b27657050 JavaThread "Unconstrained build operations Thread 150"        [_thread_blocked, id=39436, stack(0x000000b00b600000,0x000000b00b700000) (1024K)]
  0x0000024b27659120 JavaThread "Unconstrained build operations Thread 151"        [_thread_blocked, id=7720, stack(0x000000b00b700000,0x000000b00b800000) (1024K)]
  0x0000024b27655ca0 JavaThread "Unconstrained build operations Thread 152"        [_thread_blocked, id=8820, stack(0x000000b00b800000,0x000000b00b900000) (1024K)]
  0x0000024b276597b0 JavaThread "Unconstrained build operations Thread 153"        [_thread_blocked, id=27920, stack(0x000000b00b900000,0x000000b00ba00000) (1024K)]
  0x0000024b1f45d200 JavaThread "Unconstrained build operations Thread 154"        [_thread_blocked, id=45036, stack(0x000000b00ba00000,0x000000b00bb00000) (1024K)]
  0x0000024b1f45aaa0 JavaThread "Unconstrained build operations Thread 155"        [_thread_blocked, id=20140, stack(0x000000b00bb00000,0x000000b00bc00000) (1024K)]
  0x0000024b1f45b130 JavaThread "Unconstrained build operations Thread 156"        [_thread_blocked, id=20020, stack(0x000000b00bc00000,0x000000b00bd00000) (1024K)]
  0x0000024b1f45d890 JavaThread "Unconstrained build operations Thread 157"        [_thread_blocked, id=5596, stack(0x000000b00bd00000,0x000000b00be00000) (1024K)]
  0x0000024b1f45df20 JavaThread "Unconstrained build operations Thread 158"        [_thread_blocked, id=13736, stack(0x000000b00be00000,0x000000b00bf00000) (1024K)]
  0x0000024b1f45b7c0 JavaThread "Unconstrained build operations Thread 159"        [_thread_blocked, id=17872, stack(0x000000b00bf00000,0x000000b00c000000) (1024K)]
  0x0000024b1f45be50 JavaThread "Unconstrained build operations Thread 160"        [_thread_blocked, id=15984, stack(0x000000b00c000000,0x000000b00c100000) (1024K)]
  0x0000024b1d986fe0 JavaThread "WorkerExecutor Queue"              [_thread_blocked, id=5576, stack(0x000000b003b00000,0x000000b003c00000) (1024K)]
  0x0000024b20fe8eb0 JavaThread "RMI Scheduler(0)"           daemon [_thread_blocked, id=30816, stack(0x000000b000100000,0x000000b000200000) (1024K)]
  0x0000024b20fe9bd0 JavaThread "RMI GC Daemon"              daemon [_thread_blocked, id=25012, stack(0x000000b00c100000,0x000000b00c200000) (1024K)]
  0x0000024b20fe6750 JavaThread "RMI TCP Accept-0"           daemon [_thread_in_native, id=5012, stack(0x000000b00c200000,0x000000b00c300000) (1024K)]
  0x0000024b20fe8190 JavaThread "RMI Reaper"                        [_thread_blocked, id=24260, stack(0x000000b00c300000,0x000000b00c400000) (1024K)]
  0x0000024b20fe9540 JavaThread "RMI TCP Connection(idle)"   daemon [_thread_blocked, id=40160, stack(0x000000b00c400000,0x000000b00c500000) (1024K)]
  0x0000024b20fe6de0 JavaThread "WorkerExecutor Queue Thread 2"        [_thread_blocked, id=18932, stack(0x000000b00cb00000,0x000000b00cc00000) (1024K)]
  0x0000024b20fedd70 JavaThread "WorkerExecutor Queue Thread 3"        [_thread_blocked, id=16164, stack(0x000000b005c00000,0x000000b005d00000) (1024K)]
  0x0000024b20fec330 JavaThread "RMI TCP Connection(4)-127.0.0.1" daemon [_thread_in_native, id=47144, stack(0x000000b00c900000,0x000000b00ca00000) (1024K)]
  0x0000024b226f6700 JavaThread "C1 CompilerThread1"         daemon [_thread_blocked, id=6396, stack(0x000000b00cc00000,0x000000b00cd00000) (1024K)]
  0x0000024b226f96b0 JavaThread "C1 CompilerThread2"         daemon [_thread_blocked, id=26124, stack(0x000000b00cd00000,0x000000b00ce00000) (1024K)]
  0x0000024b226f6dd0 JavaThread "C1 CompilerThread3"         daemon [_thread_blocked, id=33892, stack(0x000000b00ce00000,0x000000b00cf00000) (1024K)]
  0x0000024b209ebfb0 JavaThread "Cache worker for Java compile cache (C:\Users\SavvinPC\.gradle\caches\8.11.1\javaCompile)"        [_thread_blocked, id=14768, stack(0x000000b00c700000,0x000000b00c800000) (1024K)]
  0x0000024b209ec640 JavaThread "Build operations"                  [_thread_blocked, id=39508, stack(0x000000b00ca00000,0x000000b00cb00000) (1024K)]
  0x0000024b209eccd0 JavaThread "Build operations Thread 2"         [_thread_blocked, id=24408, stack(0x000000b00cf00000,0x000000b00d000000) (1024K)]
  0x0000024b209ee710 JavaThread "Build operations Thread 3"         [_thread_blocked, id=23108, stack(0x000000b00d000000,0x000000b00d100000) (1024K)]
  0x0000024b209ed360 JavaThread "Build operations Thread 4"         [_thread_blocked, id=14112, stack(0x000000b00d100000,0x000000b00d200000) (1024K)]
  0x0000024b209ed9f0 JavaThread "Build operations Thread 5"         [_thread_blocked, id=36644, stack(0x000000b00d200000,0x000000b00d300000) (1024K)]
  0x0000024b209ee080 JavaThread "Build operations Thread 6"         [_thread_blocked, id=42008, stack(0x000000b00d300000,0x000000b00d400000) (1024K)]
  0x0000024b209eb290 JavaThread "Build operations Thread 7"         [_thread_blocked, id=39572, stack(0x000000b00d600000,0x000000b00d700000) (1024K)]
  0x0000024b209ef430 JavaThread "Build operations Thread 8"         [_thread_blocked, id=4704, stack(0x000000b00d700000,0x000000b00d800000) (1024K)]
  0x0000024b209f1b90 JavaThread "Build operations Thread 9"         [_thread_blocked, id=42824, stack(0x000000b00d800000,0x000000b00d900000) (1024K)]
  0x0000024b209f2220 JavaThread "Build operations Thread 10"        [_thread_blocked, id=6484, stack(0x000000b00d900000,0x000000b00da00000) (1024K)]
  0x0000024b209f0e70 JavaThread "Build operations Thread 11"        [_thread_blocked, id=21680, stack(0x000000b00da00000,0x000000b00db00000) (1024K)]
  0x0000024b209efac0 JavaThread "Build operations Thread 12"        [_thread_blocked, id=9484, stack(0x000000b00db00000,0x000000b00dc00000) (1024K)]
  0x0000024b209f07e0 JavaThread "Build operations Thread 13"        [_thread_blocked, id=38144, stack(0x000000b00dc00000,0x000000b00dd00000) (1024K)]
  0x0000024b209f1500 JavaThread "Build operations Thread 14"        [_thread_blocked, id=14752, stack(0x000000b00dd00000,0x000000b00de00000) (1024K)]
  0x0000024b209eeda0 JavaThread "Build operations Thread 15"        [_thread_blocked, id=38836, stack(0x000000b00de00000,0x000000b00df00000) (1024K)]
  0x0000024b209e9ee0 JavaThread "Build operations Thread 16"        [_thread_blocked, id=23388, stack(0x000000b00e100000,0x000000b00e200000) (1024K)]
  0x0000024b20fea260 JavaThread "WorkerExecutor Queue Thread 4"        [_thread_blocked, id=44336, stack(0x000000b00e300000,0x000000b00e400000) (1024K)]
=>0x0000024b20fe7470 JavaThread "WorkerExecutor Queue Thread 5"        [_thread_in_vm, id=10324, stack(0x000000b00e400000,0x000000b00e500000) (1024K)]
  0x0000024b20feaf80 JavaThread "WorkerExecutor Queue Thread 6"        [_thread_blocked, id=25824, stack(0x000000b00e500000,0x000000b00e600000) (1024K)]
  0x0000024b20fe7b00 JavaThread "WorkerExecutor Queue Thread 7"        [_thread_blocked, id=43844, stack(0x000000b00e600000,0x000000b00e700000) (1024K)]
  0x0000024b20fee400 JavaThread "WorkerExecutor Queue Thread 8"        [_thread_blocked, id=45980, stack(0x000000b00e700000,0x000000b00e800000) (1024K)]
  0x0000024b20fed050 JavaThread "WorkerExecutor Queue Thread 9"        [_thread_blocked, id=32552, stack(0x000000b00e800000,0x000000b00e900000) (1024K)]
  0x0000024b20ff25a0 JavaThread "WorkerExecutor Queue Thread 10"        [_thread_blocked, id=45188, stack(0x000000b00e900000,0x000000b00ea00000) (1024K)]
  0x0000024b20ff11f0 JavaThread "WorkerExecutor Queue Thread 11"        [_thread_blocked, id=36504, stack(0x000000b00ea00000,0x000000b00eb00000) (1024K)]
  0x0000024b20ff1880 JavaThread "WorkerExecutor Queue Thread 12"        [_thread_blocked, id=35972, stack(0x000000b00eb00000,0x000000b00ec00000) (1024K)]
  0x0000024b20ff0b60 JavaThread "WorkerExecutor Queue Thread 13"        [_thread_blocked, id=1536, stack(0x000000b00ec00000,0x000000b00ed00000) (1024K)]
  0x0000024b20ff4670 JavaThread "WorkerExecutor Queue Thread 14"        [_thread_blocked, id=2936, stack(0x000000b00ed00000,0x000000b00ee00000) (1024K)]
  0x0000024b20ff2c30 JavaThread "WorkerExecutor Queue Thread 15"        [_thread_blocked, id=11196, stack(0x000000b00ee00000,0x000000b00ef00000) (1024K)]
  0x0000024b20ff5390 JavaThread "WorkerExecutor Queue Thread 16"        [_thread_blocked, id=27852, stack(0x000000b00ef00000,0x000000b00f000000) (1024K)]
Total: 255

Other Threads:
  0x0000024b7ffae780 VMThread "VM Thread"                           [id=35348, stack(0x000000b07d600000,0x000000b07d700000) (1024K)]
  0x0000024b7ff3ea70 WatcherThread "VM Periodic Task Thread"        [id=40324, stack(0x000000b07d500000,0x000000b07d600000) (1024K)]
  0x0000024b7de080a0 WorkerThread "GC Thread#0"                     [id=44280, stack(0x000000b07d000000,0x000000b07d100000) (1024K)]
  0x0000024b16c6e0f0 WorkerThread "GC Thread#1"                     [id=48580, stack(0x000000b07e700000,0x000000b07e800000) (1024K)]
  0x0000024b16c6e490 WorkerThread "GC Thread#2"                     [id=19844, stack(0x000000b07e800000,0x000000b07e900000) (1024K)]
  0x0000024b16d55ef0 WorkerThread "GC Thread#3"                     [id=24608, stack(0x000000b07e900000,0x000000b07ea00000) (1024K)]
  0x0000024b16d29380 WorkerThread "GC Thread#4"                     [id=35872, stack(0x000000b07ea00000,0x000000b07eb00000) (1024K)]
  0x0000024b16d29ac0 WorkerThread "GC Thread#5"                     [id=33244, stack(0x000000b07e400000,0x000000b07e500000) (1024K)]
  0x0000024b16d29e60 WorkerThread "GC Thread#6"                     [id=7472, stack(0x000000b07e500000,0x000000b07e600000) (1024K)]
  0x0000024b16d28500 WorkerThread "GC Thread#7"                     [id=13200, stack(0x000000b07f600000,0x000000b07f700000) (1024K)]
  0x0000024b16d28fe0 WorkerThread "GC Thread#8"                     [id=36948, stack(0x000000b07f700000,0x000000b07f800000) (1024K)]
  0x0000024b1c7a4c10 WorkerThread "GC Thread#9"                     [id=41536, stack(0x000000b07f800000,0x000000b07f900000) (1024K)]
  0x0000024b1c7a2b70 WorkerThread "GC Thread#10"                    [id=19636, stack(0x000000b07f900000,0x000000b07fa00000) (1024K)]
  0x0000024b1c7a32b0 WorkerThread "GC Thread#11"                    [id=21744, stack(0x000000b07fa00000,0x000000b07fb00000) (1024K)]
  0x0000024b1c7a39f0 WorkerThread "GC Thread#12"                    [id=11796, stack(0x000000b07fb00000,0x000000b07fc00000) (1024K)]
  0x0000024b7de19080 ConcurrentGCThread "G1 Main Marker"            [id=13828, stack(0x000000b07d100000,0x000000b07d200000) (1024K)]
  0x0000024b7de1a9c0 WorkerThread "G1 Conc#0"                       [id=42200, stack(0x000000b07d200000,0x000000b07d300000) (1024K)]
  0x0000024b1c7a4fb0 WorkerThread "G1 Conc#1"                       [id=11660, stack(0x000000b07fc00000,0x000000b07fd00000) (1024K)]
  0x0000024b1c7a4130 WorkerThread "G1 Conc#2"                       [id=23348, stack(0x000000b07fd00000,0x000000b07fe00000) (1024K)]
  0x0000024b7fe96750 ConcurrentGCThread "G1 Refine#0"               [id=12684, stack(0x000000b07d300000,0x000000b07d400000) (1024K)]
  0x0000024b7fe96f70 ConcurrentGCThread "G1 Service"                [id=17124, stack(0x000000b07d400000,0x000000b07d500000) (1024K)]
Total: 21

Threads with active compile tasks:
Total: 0

VM state: not at safepoint (normal execution)

VM Mutex/Monitor currently owned by a thread:  ([mutex/lock_event])
[0x00007ffc014db160] Metaspace_lock - owner thread: 0x0000024b20fe7470

Heap address: 0x0000000080000000, size: 2048 MB, Compressed Oops mode: 32-bit

CDS archive(s) not mapped
Compressed class space mapped at: 0x0000000100000000-0x0000000140000000, reserved size: 1073741824
Narrow klass base: 0x0000000000000000, Narrow klass shift: 3, Narrow klass range: 0x140000000

GC Precious Log:
 CardTable entry size: 512
 Card Set container configuration: InlinePtr #cards 5 size 8 Array Of Cards #cards 12 size 40 Howl #buckets 4 coarsen threshold 1843 Howl Bitmap #cards 512 size 80 coarsen threshold 460 Card regions per heap region 1 cards per card region 2048
 CPUs: 16 total, 16 available
 Memory: 15706M
 Large Page Support: Disabled
 NUMA Support: Disabled
 Compressed Oops: Enabled (32-bit)
 Heap Region Size: 1M
 Heap Min Capacity: 8M
 Heap Initial Capacity: 246M
 Heap Max Capacity: 2G
 Pre-touch: Disabled
 Parallel Workers: 13
 Concurrent Workers: 3
 Concurrent Refinement Workers: 13
 Periodic GC: Disabled

Heap:
 garbage-first heap   total 337920K, used 271391K [0x0000000080000000, 0x0000000100000000)
  region size 1024K, 75 young (76800K), 12 survivors (12288K)
 Metaspace       used 154572K, committed 156992K, reserved 1245184K
  class space    used 20403K, committed 21632K, reserved 1048576K

Heap Regions: E=young(eden), S=young(survivor), O=old, HS=humongous(starts), HC=humongous(continues), CS=collection set, F=free, TAMS=top-at-mark-start, PB=parsable bottom
|   0|0x0000000080000000, 0x0000000080100000, 0x0000000080100000|100%|HS|  |TAMS 0x0000000080000000| PB 0x0000000080000000| Complete 
|   1|0x0000000080100000, 0x0000000080200000, 0x0000000080200000|100%|HC|  |TAMS 0x0000000080100000| PB 0x0000000080100000| Complete 
|   2|0x0000000080200000, 0x0000000080300000, 0x0000000080300000|100%|HC|  |TAMS 0x0000000080200000| PB 0x0000000080200000| Complete 
|   3|0x0000000080300000, 0x0000000080400000, 0x0000000080400000|100%| O|  |TAMS 0x0000000080300000| PB 0x0000000080300000| Untracked 
|   4|0x0000000080400000, 0x0000000080500000, 0x0000000080500000|100%| O|  |TAMS 0x0000000080400000| PB 0x0000000080400000| Untracked 
|   5|0x0000000080500000, 0x0000000080600000, 0x0000000080600000|100%| O|  |TAMS 0x0000000080500000| PB 0x0000000080500000| Untracked 
|   6|0x0000000080600000, 0x0000000080700000, 0x0000000080700000|100%|HS|  |TAMS 0x0000000080600000| PB 0x0000000080600000| Complete 
|   7|0x0000000080700000, 0x0000000080800000, 0x0000000080800000|100%| O|  |TAMS 0x0000000080700000| PB 0x0000000080700000| Untracked 
|   8|0x0000000080800000, 0x0000000080900000, 0x0000000080900000|100%| O|  |TAMS 0x0000000080800000| PB 0x0000000080800000| Untracked 
|   9|0x0000000080900000, 0x0000000080a00000, 0x0000000080a00000|100%| O|  |TAMS 0x0000000080900000| PB 0x0000000080900000| Untracked 
|  10|0x0000000080a00000, 0x0000000080b00000, 0x0000000080b00000|100%| O|  |TAMS 0x0000000080a00000| PB 0x0000000080a00000| Untracked 
|  11|0x0000000080b00000, 0x0000000080c00000, 0x0000000080c00000|100%| O|  |TAMS 0x0000000080b00000| PB 0x0000000080b00000| Untracked 
|  12|0x0000000080c00000, 0x0000000080d00000, 0x0000000080d00000|100%| O|  |TAMS 0x0000000080c00000| PB 0x0000000080c00000| Untracked 
|  13|0x0000000080d00000, 0x0000000080e00000, 0x0000000080e00000|100%| O|  |TAMS 0x0000000080d00000| PB 0x0000000080d00000| Untracked 
|  14|0x0000000080e00000, 0x0000000080f00000, 0x0000000080f00000|100%| O|  |TAMS 0x0000000080e00000| PB 0x0000000080e00000| Untracked 
|  15|0x0000000080f00000, 0x0000000081000000, 0x0000000081000000|100%| O|  |TAMS 0x0000000080f00000| PB 0x0000000080f00000| Untracked 
|  16|0x0000000081000000, 0x0000000081100000, 0x0000000081100000|100%| O|  |TAMS 0x0000000081000000| PB 0x0000000081000000| Untracked 
|  17|0x0000000081100000, 0x0000000081200000, 0x0000000081200000|100%| O|  |TAMS 0x0000000081100000| PB 0x0000000081100000| Untracked 
|  18|0x0000000081200000, 0x0000000081300000, 0x0000000081300000|100%| O|  |TAMS 0x0000000081200000| PB 0x0000000081200000| Untracked 
|  19|0x0000000081300000, 0x0000000081400000, 0x0000000081400000|100%| O|  |TAMS 0x0000000081300000| PB 0x0000000081300000| Untracked 
|  20|0x0000000081400000, 0x0000000081500000, 0x0000000081500000|100%| O|  |TAMS 0x0000000081400000| PB 0x0000000081400000| Untracked 
|  21|0x0000000081500000, 0x0000000081600000, 0x0000000081600000|100%| O|  |TAMS 0x0000000081500000| PB 0x0000000081500000| Untracked 
|  22|0x0000000081600000, 0x0000000081700000, 0x0000000081700000|100%| O|  |TAMS 0x0000000081600000| PB 0x0000000081600000| Untracked 
|  23|0x0000000081700000, 0x0000000081800000, 0x0000000081800000|100%| O|  |TAMS 0x0000000081700000| PB 0x0000000081700000| Untracked 
|  24|0x0000000081800000, 0x0000000081900000, 0x0000000081900000|100%| O|  |TAMS 0x0000000081800000| PB 0x0000000081800000| Untracked 
|  25|0x0000000081900000, 0x0000000081a00000, 0x0000000081a00000|100%| O|  |TAMS 0x0000000081900000| PB 0x0000000081900000| Untracked 
|  26|0x0000000081a00000, 0x0000000081b00000, 0x0000000081b00000|100%| O|  |TAMS 0x0000000081a00000| PB 0x0000000081a00000| Untracked 
|  27|0x0000000081b00000, 0x0000000081c00000, 0x0000000081c00000|100%| O|  |TAMS 0x0000000081b00000| PB 0x0000000081b00000| Untracked 
|  28|0x0000000081c00000, 0x0000000081d00000, 0x0000000081d00000|100%| O|  |TAMS 0x0000000081c00000| PB 0x0000000081c00000| Untracked 
|  29|0x0000000081d00000, 0x0000000081e00000, 0x0000000081e00000|100%| O|  |TAMS 0x0000000081d00000| PB 0x0000000081d00000| Untracked 
|  30|0x0000000081e00000, 0x0000000081f00000, 0x0000000081f00000|100%| O|  |TAMS 0x0000000081e00000| PB 0x0000000081e00000| Untracked 
|  31|0x0000000081f00000, 0x0000000082000000, 0x0000000082000000|100%| O|  |TAMS 0x0000000081f00000| PB 0x0000000081f00000| Untracked 
|  32|0x0000000082000000, 0x0000000082100000, 0x0000000082100000|100%| O|  |TAMS 0x0000000082000000| PB 0x0000000082000000| Untracked 
|  33|0x0000000082100000, 0x0000000082200000, 0x0000000082200000|100%| O|  |TAMS 0x0000000082100000| PB 0x0000000082100000| Untracked 
|  34|0x0000000082200000, 0x0000000082300000, 0x0000000082300000|100%| O|  |TAMS 0x0000000082200000| PB 0x0000000082200000| Untracked 
|  35|0x0000000082300000, 0x0000000082400000, 0x0000000082400000|100%| O|  |TAMS 0x0000000082300000| PB 0x0000000082300000| Untracked 
|  36|0x0000000082400000, 0x0000000082500000, 0x0000000082500000|100%| O|  |TAMS 0x0000000082400000| PB 0x0000000082400000| Untracked 
|  37|0x0000000082500000, 0x0000000082600000, 0x0000000082600000|100%| O|  |TAMS 0x0000000082500000| PB 0x0000000082500000| Untracked 
|  38|0x0000000082600000, 0x0000000082700000, 0x0000000082700000|100%|HS|  |TAMS 0x0000000082600000| PB 0x0000000082600000| Complete 
|  39|0x0000000082700000, 0x0000000082800000, 0x0000000082800000|100%|HS|  |TAMS 0x0000000082700000| PB 0x0000000082700000| Complete 
|  40|0x0000000082800000, 0x0000000082900000, 0x0000000082900000|100%|HS|  |TAMS 0x0000000082800000| PB 0x0000000082800000| Complete 
|  41|0x0000000082900000, 0x0000000082a00000, 0x0000000082a00000|100%|HC|  |TAMS 0x0000000082900000| PB 0x0000000082900000| Complete 
|  42|0x0000000082a00000, 0x0000000082b00000, 0x0000000082b00000|100%|HS|  |TAMS 0x0000000082a00000| PB 0x0000000082a00000| Complete 
|  43|0x0000000082b00000, 0x0000000082c00000, 0x0000000082c00000|100%| O|  |TAMS 0x0000000082b00000| PB 0x0000000082b00000| Untracked 
|  44|0x0000000082c00000, 0x0000000082d00000, 0x0000000082d00000|100%| O|  |TAMS 0x0000000082c00000| PB 0x0000000082c00000| Untracked 
|  45|0x0000000082d00000, 0x0000000082e00000, 0x0000000082e00000|100%| O|  |TAMS 0x0000000082d00000| PB 0x0000000082d00000| Untracked 
|  46|0x0000000082e00000, 0x0000000082f00000, 0x0000000082f00000|100%| O|  |TAMS 0x0000000082e00000| PB 0x0000000082e00000| Untracked 
|  47|0x0000000082f00000, 0x0000000083000000, 0x0000000083000000|100%| O|  |TAMS 0x0000000082f00000| PB 0x0000000082f00000| Untracked 
|  48|0x0000000083000000, 0x0000000083100000, 0x0000000083100000|100%| O|  |TAMS 0x0000000083000000| PB 0x0000000083000000| Untracked 
|  49|0x0000000083100000, 0x0000000083200000, 0x0000000083200000|100%| O|  |TAMS 0x0000000083100000| PB 0x0000000083100000| Untracked 
|  50|0x0000000083200000, 0x0000000083300000, 0x0000000083300000|100%|HS|  |TAMS 0x0000000083200000| PB 0x0000000083200000| Complete 
|  51|0x0000000083300000, 0x0000000083400000, 0x0000000083400000|100%|HC|  |TAMS 0x0000000083300000| PB 0x0000000083300000| Complete 
|  52|0x0000000083400000, 0x0000000083500000, 0x0000000083500000|100%|HS|  |TAMS 0x0000000083400000| PB 0x0000000083400000| Complete 
|  53|0x0000000083500000, 0x0000000083600000, 0x0000000083600000|100%|HS|  |TAMS 0x0000000083500000| PB 0x0000000083500000| Complete 
|  54|0x0000000083600000, 0x0000000083700000, 0x0000000083700000|100%| O|  |TAMS 0x0000000083600000| PB 0x0000000083600000| Untracked 
|  55|0x0000000083700000, 0x0000000083800000, 0x0000000083800000|100%| O|  |TAMS 0x0000000083700000| PB 0x0000000083700000| Untracked 
|  56|0x0000000083800000, 0x0000000083900000, 0x0000000083900000|100%| O|  |TAMS 0x0000000083800000| PB 0x0000000083800000| Untracked 
|  57|0x0000000083900000, 0x0000000083a00000, 0x0000000083a00000|100%| O|  |TAMS 0x0000000083900000| PB 0x0000000083900000| Untracked 
|  58|0x0000000083a00000, 0x0000000083b00000, 0x0000000083b00000|100%|HS|  |TAMS 0x0000000083a00000| PB 0x0000000083a00000| Complete 
|  59|0x0000000083b00000, 0x0000000083c00000, 0x0000000083c00000|100%| O|  |TAMS 0x0000000083b00000| PB 0x0000000083b00000| Untracked 
|  60|0x0000000083c00000, 0x0000000083d00000, 0x0000000083d00000|100%|HS|  |TAMS 0x0000000083c00000| PB 0x0000000083c00000| Complete 
|  61|0x0000000083d00000, 0x0000000083e00000, 0x0000000083e00000|100%|HC|  |TAMS 0x0000000083d00000| PB 0x0000000083d00000| Complete 
|  62|0x0000000083e00000, 0x0000000083f00000, 0x0000000083f00000|100%|HC|  |TAMS 0x0000000083e00000| PB 0x0000000083e00000| Complete 
|  63|0x0000000083f00000, 0x0000000084000000, 0x0000000084000000|100%| O|  |TAMS 0x0000000083f00000| PB 0x0000000083f00000| Untracked 
|  64|0x0000000084000000, 0x0000000084100000, 0x0000000084100000|100%| O|  |TAMS 0x0000000084000000| PB 0x0000000084000000| Untracked 
|  65|0x0000000084100000, 0x0000000084200000, 0x0000000084200000|100%| O|  |TAMS 0x0000000084100000| PB 0x0000000084100000| Untracked 
|  66|0x0000000084200000, 0x0000000084300000, 0x0000000084300000|100%| O|  |TAMS 0x0000000084200000| PB 0x0000000084200000| Untracked 
|  67|0x0000000084300000, 0x0000000084400000, 0x0000000084400000|100%| O|  |TAMS 0x0000000084300000| PB 0x0000000084300000| Untracked 
|  68|0x0000000084400000, 0x0000000084500000, 0x0000000084500000|100%|HS|  |TAMS 0x0000000084400000| PB 0x0000000084400000| Complete 
|  69|0x0000000084500000, 0x0000000084600000, 0x0000000084600000|100%| O|  |TAMS 0x0000000084500000| PB 0x0000000084500000| Untracked 
|  70|0x0000000084600000, 0x0000000084700000, 0x0000000084700000|100%| O|  |TAMS 0x0000000084600000| PB 0x0000000084600000| Untracked 
|  71|0x0000000084700000, 0x0000000084800000, 0x0000000084800000|100%|HS|  |TAMS 0x0000000084700000| PB 0x0000000084700000| Complete 
|  72|0x0000000084800000, 0x0000000084900000, 0x0000000084900000|100%|HC|  |TAMS 0x0000000084800000| PB 0x0000000084800000| Complete 
|  73|0x0000000084900000, 0x0000000084a00000, 0x0000000084a00000|100%|HC|  |TAMS 0x0000000084900000| PB 0x0000000084900000| Complete 
|  74|0x0000000084a00000, 0x0000000084b00000, 0x0000000084b00000|100%| O|  |TAMS 0x0000000084a00000| PB 0x0000000084a00000| Untracked 
|  75|0x0000000084b00000, 0x0000000084c00000, 0x0000000084c00000|100%| O|  |TAMS 0x0000000084b00000| PB 0x0000000084b00000| Untracked 
|  76|0x0000000084c00000, 0x0000000084d00000, 0x0000000084d00000|100%| O|  |TAMS 0x0000000084c00000| PB 0x0000000084c00000| Untracked 
|  77|0x0000000084d00000, 0x0000000084e00000, 0x0000000084e00000|100%| O|  |TAMS 0x0000000084d00000| PB 0x0000000084d00000| Untracked 
|  78|0x0000000084e00000, 0x0000000084f00000, 0x0000000084f00000|100%| O|  |TAMS 0x0000000084e00000| PB 0x0000000084e00000| Untracked 
|  79|0x0000000084f00000, 0x0000000085000000, 0x0000000085000000|100%| O|  |TAMS 0x0000000084f00000| PB 0x0000000084f00000| Untracked 
|  80|0x0000000085000000, 0x0000000085100000, 0x0000000085100000|100%| O|  |TAMS 0x0000000085000000| PB 0x0000000085000000| Untracked 
|  81|0x0000000085100000, 0x0000000085200000, 0x0000000085200000|100%| O|  |TAMS 0x0000000085100000| PB 0x0000000085100000| Untracked 
|  82|0x0000000085200000, 0x0000000085300000, 0x0000000085300000|100%| O|  |TAMS 0x0000000085200000| PB 0x0000000085200000| Untracked 
|  83|0x0000000085300000, 0x0000000085400000, 0x0000000085400000|100%| O|  |TAMS 0x0000000085300000| PB 0x0000000085300000| Untracked 
|  84|0x0000000085400000, 0x0000000085500000, 0x0000000085500000|100%| O|  |TAMS 0x0000000085400000| PB 0x0000000085400000| Untracked 
|  85|0x0000000085500000, 0x0000000085600000, 0x0000000085600000|100%| O|  |TAMS 0x0000000085500000| PB 0x0000000085500000| Untracked 
|  86|0x0000000085600000, 0x0000000085700000, 0x0000000085700000|100%| O|  |TAMS 0x0000000085600000| PB 0x0000000085600000| Untracked 
|  87|0x0000000085700000, 0x0000000085800000, 0x0000000085800000|100%| O|  |TAMS 0x0000000085700000| PB 0x0000000085700000| Untracked 
|  88|0x0000000085800000, 0x0000000085900000, 0x0000000085900000|100%| O|  |TAMS 0x0000000085800000| PB 0x0000000085800000| Untracked 
|  89|0x0000000085900000, 0x0000000085a00000, 0x0000000085a00000|100%| O|  |TAMS 0x0000000085900000| PB 0x0000000085900000| Untracked 
|  90|0x0000000085a00000, 0x0000000085b00000, 0x0000000085b00000|100%| O|  |TAMS 0x0000000085a00000| PB 0x0000000085a00000| Untracked 
|  91|0x0000000085b00000, 0x0000000085c00000, 0x0000000085c00000|100%| O|  |TAMS 0x0000000085b00000| PB 0x0000000085b00000| Untracked 
|  92|0x0000000085c00000, 0x0000000085d00000, 0x0000000085d00000|100%| O|  |TAMS 0x0000000085c00000| PB 0x0000000085c00000| Untracked 
|  93|0x0000000085d00000, 0x0000000085e00000, 0x0000000085e00000|100%| O|  |TAMS 0x0000000085d00000| PB 0x0000000085d00000| Untracked 
|  94|0x0000000085e00000, 0x0000000085f00000, 0x0000000085f00000|100%| O|  |TAMS 0x0000000085e00000| PB 0x0000000085e00000| Untracked 
|  95|0x0000000085f00000, 0x0000000086000000, 0x0000000086000000|100%| O|  |TAMS 0x0000000085f00000| PB 0x0000000085f00000| Untracked 
|  96|0x0000000086000000, 0x0000000086100000, 0x0000000086100000|100%| O|  |TAMS 0x0000000086000000| PB 0x0000000086000000| Untracked 
|  97|0x0000000086100000, 0x0000000086200000, 0x0000000086200000|100%| O|  |TAMS 0x0000000086100000| PB 0x0000000086100000| Untracked 
|  98|0x0000000086200000, 0x0000000086300000, 0x0000000086300000|100%| O|  |TAMS 0x0000000086200000| PB 0x0000000086200000| Untracked 
|  99|0x0000000086300000, 0x0000000086400000, 0x0000000086400000|100%| O|  |TAMS 0x0000000086300000| PB 0x0000000086300000| Untracked 
| 100|0x0000000086400000, 0x0000000086500000, 0x0000000086500000|100%| O|  |TAMS 0x0000000086400000| PB 0x0000000086400000| Untracked 
| 101|0x0000000086500000, 0x0000000086600000, 0x0000000086600000|100%| O|  |TAMS 0x0000000086500000| PB 0x0000000086500000| Untracked 
| 102|0x0000000086600000, 0x0000000086700000, 0x0000000086700000|100%| O|  |TAMS 0x0000000086600000| PB 0x0000000086600000| Untracked 
| 103|0x0000000086700000, 0x0000000086800000, 0x0000000086800000|100%| O|  |TAMS 0x0000000086700000| PB 0x0000000086700000| Untracked 
| 104|0x0000000086800000, 0x0000000086900000, 0x0000000086900000|100%| O|  |TAMS 0x0000000086800000| PB 0x0000000086800000| Untracked 
| 105|0x0000000086900000, 0x0000000086a00000, 0x0000000086a00000|100%| O|  |TAMS 0x0000000086900000| PB 0x0000000086900000| Untracked 
| 106|0x0000000086a00000, 0x0000000086b00000, 0x0000000086b00000|100%| O|  |TAMS 0x0000000086a00000| PB 0x0000000086a00000| Untracked 
| 107|0x0000000086b00000, 0x0000000086c00000, 0x0000000086c00000|100%| O|  |TAMS 0x0000000086b00000| PB 0x0000000086b00000| Untracked 
| 108|0x0000000086c00000, 0x0000000086d00000, 0x0000000086d00000|100%| O|  |TAMS 0x0000000086c00000| PB 0x0000000086c00000| Untracked 
| 109|0x0000000086d00000, 0x0000000086e00000, 0x0000000086e00000|100%| O|  |TAMS 0x0000000086d00000| PB 0x0000000086d00000| Untracked 
| 110|0x0000000086e00000, 0x0000000086f00000, 0x0000000086f00000|100%| O|  |TAMS 0x0000000086e00000| PB 0x0000000086e00000| Untracked 
| 111|0x0000000086f00000, 0x0000000087000000, 0x0000000087000000|100%| O|  |TAMS 0x0000000086f00000| PB 0x0000000086f00000| Untracked 
| 112|0x0000000087000000, 0x0000000087100000, 0x0000000087100000|100%| O|  |TAMS 0x0000000087000000| PB 0x0000000087000000| Untracked 
| 113|0x0000000087100000, 0x0000000087200000, 0x0000000087200000|100%| O|  |TAMS 0x0000000087100000| PB 0x0000000087100000| Untracked 
| 114|0x0000000087200000, 0x0000000087300000, 0x0000000087300000|100%| O|  |TAMS 0x0000000087200000| PB 0x0000000087200000| Untracked 
| 115|0x0000000087300000, 0x0000000087400000, 0x0000000087400000|100%| O|  |TAMS 0x0000000087300000| PB 0x0000000087300000| Untracked 
| 116|0x0000000087400000, 0x0000000087500000, 0x0000000087500000|100%|HS|  |TAMS 0x0000000087400000| PB 0x0000000087400000| Complete 
| 117|0x0000000087500000, 0x0000000087600000, 0x0000000087600000|100%|HS|  |TAMS 0x0000000087500000| PB 0x0000000087500000| Complete 
| 118|0x0000000087600000, 0x0000000087700000, 0x0000000087700000|100%| O|  |TAMS 0x0000000087600000| PB 0x0000000087600000| Untracked 
| 119|0x0000000087700000, 0x0000000087800000, 0x0000000087800000|100%| O|  |TAMS 0x0000000087700000| PB 0x0000000087700000| Untracked 
| 120|0x0000000087800000, 0x0000000087800000, 0x0000000087900000|  0%| F|  |TAMS 0x0000000087800000| PB 0x0000000087800000| Untracked 
| 121|0x0000000087900000, 0x0000000087a00000, 0x0000000087a00000|100%| O|  |TAMS 0x0000000087900000| PB 0x0000000087900000| Untracked 
| 122|0x0000000087a00000, 0x0000000087b00000, 0x0000000087b00000|100%| O|  |TAMS 0x0000000087a00000| PB 0x0000000087a00000| Untracked 
| 123|0x0000000087b00000, 0x0000000087c00000, 0x0000000087c00000|100%| O|  |TAMS 0x0000000087b00000| PB 0x0000000087b00000| Untracked 
| 124|0x0000000087c00000, 0x0000000087d00000, 0x0000000087d00000|100%| O|  |TAMS 0x0000000087c00000| PB 0x0000000087c00000| Untracked 
| 125|0x0000000087d00000, 0x0000000087e00000, 0x0000000087e00000|100%| O|  |TAMS 0x0000000087d00000| PB 0x0000000087d00000| Untracked 
| 126|0x0000000087e00000, 0x0000000087f00000, 0x0000000087f00000|100%| O|  |TAMS 0x0000000087e00000| PB 0x0000000087e00000| Untracked 
| 127|0x0000000087f00000, 0x0000000088000000, 0x0000000088000000|100%| O|  |TAMS 0x0000000087f00000| PB 0x0000000087f00000| Untracked 
| 128|0x0000000088000000, 0x0000000088100000, 0x0000000088100000|100%| O|  |TAMS 0x0000000088000000| PB 0x0000000088000000| Untracked 
| 129|0x0000000088100000, 0x0000000088200000, 0x0000000088200000|100%| O|  |TAMS 0x0000000088100000| PB 0x0000000088100000| Untracked 
| 130|0x0000000088200000, 0x0000000088300000, 0x0000000088300000|100%|HS|  |TAMS 0x0000000088200000| PB 0x0000000088200000| Complete 
| 131|0x0000000088300000, 0x0000000088400000, 0x0000000088400000|100%|HC|  |TAMS 0x0000000088300000| PB 0x0000000088300000| Complete 
| 132|0x0000000088400000, 0x0000000088500000, 0x0000000088500000|100%| O|  |TAMS 0x0000000088400000| PB 0x0000000088400000| Untracked 
| 133|0x0000000088500000, 0x0000000088500000, 0x0000000088600000|  0%| F|  |TAMS 0x0000000088500000| PB 0x0000000088500000| Untracked 
| 134|0x0000000088600000, 0x0000000088600000, 0x0000000088700000|  0%| F|  |TAMS 0x0000000088600000| PB 0x0000000088600000| Untracked 
| 135|0x0000000088700000, 0x0000000088700000, 0x0000000088800000|  0%| F|  |TAMS 0x0000000088700000| PB 0x0000000088700000| Untracked 
| 136|0x0000000088800000, 0x0000000088900000, 0x0000000088900000|100%| O|  |TAMS 0x0000000088800000| PB 0x0000000088800000| Untracked 
| 137|0x0000000088900000, 0x0000000088a00000, 0x0000000088a00000|100%| O|  |TAMS 0x0000000088900000| PB 0x0000000088900000| Untracked 
| 138|0x0000000088a00000, 0x0000000088b00000, 0x0000000088b00000|100%| O|  |TAMS 0x0000000088a00000| PB 0x0000000088a00000| Untracked 
| 139|0x0000000088b00000, 0x0000000088c00000, 0x0000000088c00000|100%| O|  |TAMS 0x0000000088b00000| PB 0x0000000088b00000| Untracked 
| 140|0x0000000088c00000, 0x0000000088d00000, 0x0000000088d00000|100%| O|  |TAMS 0x0000000088c00000| PB 0x0000000088c00000| Untracked 
| 141|0x0000000088d00000, 0x0000000088e00000, 0x0000000088e00000|100%|HS|  |TAMS 0x0000000088d00000| PB 0x0000000088d00000| Complete 
| 142|0x0000000088e00000, 0x0000000088f00000, 0x0000000088f00000|100%|HC|  |TAMS 0x0000000088e00000| PB 0x0000000088e00000| Complete 
| 143|0x0000000088f00000, 0x0000000089000000, 0x0000000089000000|100%| O|  |TAMS 0x0000000088f00000| PB 0x0000000088f00000| Untracked 
| 144|0x0000000089000000, 0x0000000089100000, 0x0000000089100000|100%| O|  |TAMS 0x0000000089000000| PB 0x0000000089000000| Untracked 
| 145|0x0000000089100000, 0x0000000089200000, 0x0000000089200000|100%| O|  |TAMS 0x0000000089100000| PB 0x0000000089100000| Untracked 
| 146|0x0000000089200000, 0x0000000089300000, 0x0000000089300000|100%|HS|  |TAMS 0x0000000089200000| PB 0x0000000089200000| Complete 
| 147|0x0000000089300000, 0x0000000089400000, 0x0000000089400000|100%|HC|  |TAMS 0x0000000089300000| PB 0x0000000089300000| Complete 
| 148|0x0000000089400000, 0x0000000089500000, 0x0000000089500000|100%| O|  |TAMS 0x0000000089400000| PB 0x0000000089400000| Untracked 
| 149|0x0000000089500000, 0x0000000089600000, 0x0000000089600000|100%| O|  |TAMS 0x0000000089500000| PB 0x0000000089500000| Untracked 
| 150|0x0000000089600000, 0x0000000089700000, 0x0000000089700000|100%| O|  |TAMS 0x0000000089600000| PB 0x0000000089600000| Untracked 
| 151|0x0000000089700000, 0x0000000089800000, 0x0000000089800000|100%| O|  |TAMS 0x0000000089700000| PB 0x0000000089700000| Untracked 
| 152|0x0000000089800000, 0x0000000089900000, 0x0000000089900000|100%| O|  |TAMS 0x0000000089800000| PB 0x0000000089800000| Untracked 
| 153|0x0000000089900000, 0x0000000089a00000, 0x0000000089a00000|100%| O|  |TAMS 0x0000000089900000| PB 0x0000000089900000| Untracked 
| 154|0x0000000089a00000, 0x0000000089b00000, 0x0000000089b00000|100%| O|  |TAMS 0x0000000089a00000| PB 0x0000000089a00000| Untracked 
| 155|0x0000000089b00000, 0x0000000089c00000, 0x0000000089c00000|100%| O|  |TAMS 0x0000000089b00000| PB 0x0000000089b00000| Untracked 
| 156|0x0000000089c00000, 0x0000000089c00000, 0x0000000089d00000|  0%| F|  |TAMS 0x0000000089c00000| PB 0x0000000089c00000| Untracked 
| 157|0x0000000089d00000, 0x0000000089d00000, 0x0000000089e00000|  0%| F|  |TAMS 0x0000000089d00000| PB 0x0000000089d00000| Untracked 
| 158|0x0000000089e00000, 0x0000000089f00000, 0x0000000089f00000|100%|HS|  |TAMS 0x0000000089e00000| PB 0x0000000089e00000| Complete 
| 159|0x0000000089f00000, 0x000000008a000000, 0x000000008a000000|100%|HC|  |TAMS 0x0000000089f00000| PB 0x0000000089f00000| Complete 
| 160|0x000000008a000000, 0x000000008a100000, 0x000000008a100000|100%|HS|  |TAMS 0x000000008a000000| PB 0x000000008a000000| Complete 
| 161|0x000000008a100000, 0x000000008a200000, 0x000000008a200000|100%|HC|  |TAMS 0x000000008a100000| PB 0x000000008a100000| Complete 
| 162|0x000000008a200000, 0x000000008a300000, 0x000000008a300000|100%| O|  |TAMS 0x000000008a200000| PB 0x000000008a200000| Untracked 
| 163|0x000000008a300000, 0x000000008a400000, 0x000000008a400000|100%| O|  |TAMS 0x000000008a300000| PB 0x000000008a300000| Untracked 
| 164|0x000000008a400000, 0x000000008a500000, 0x000000008a500000|100%|HS|  |TAMS 0x000000008a400000| PB 0x000000008a400000| Complete 
| 165|0x000000008a500000, 0x000000008a600000, 0x000000008a600000|100%|HC|  |TAMS 0x000000008a500000| PB 0x000000008a500000| Complete 
| 166|0x000000008a600000, 0x000000008a700000, 0x000000008a700000|100%| O|  |TAMS 0x000000008a600000| PB 0x000000008a600000| Untracked 
| 167|0x000000008a700000, 0x000000008a800000, 0x000000008a800000|100%| O|  |TAMS 0x000000008a700000| PB 0x000000008a700000| Untracked 
| 168|0x000000008a800000, 0x000000008a800000, 0x000000008a900000|  0%| F|  |TAMS 0x000000008a800000| PB 0x000000008a800000| Untracked 
| 169|0x000000008a900000, 0x000000008aa00000, 0x000000008aa00000|100%| O|  |TAMS 0x000000008a900000| PB 0x000000008a900000| Untracked 
| 170|0x000000008aa00000, 0x000000008aa4c8f8, 0x000000008ab00000| 29%| O|  |TAMS 0x000000008aa00000| PB 0x000000008aa00000| Untracked 
| 171|0x000000008ab00000, 0x000000008ab00000, 0x000000008ac00000|  0%| F|  |TAMS 0x000000008ab00000| PB 0x000000008ab00000| Untracked 
| 172|0x000000008ac00000, 0x000000008ac00000, 0x000000008ad00000|  0%| F|  |TAMS 0x000000008ac00000| PB 0x000000008ac00000| Untracked 
| 173|0x000000008ad00000, 0x000000008ae00000, 0x000000008ae00000|100%| O|  |TAMS 0x000000008ad00000| PB 0x000000008ad00000| Untracked 
| 174|0x000000008ae00000, 0x000000008af00000, 0x000000008af00000|100%| O|  |TAMS 0x000000008ae00000| PB 0x000000008ae00000| Untracked 
| 175|0x000000008af00000, 0x000000008b000000, 0x000000008b000000|100%| O|  |TAMS 0x000000008af00000| PB 0x000000008af00000| Untracked 
| 176|0x000000008b000000, 0x000000008b100000, 0x000000008b100000|100%| O|  |TAMS 0x000000008b000000| PB 0x000000008b000000| Untracked 
| 177|0x000000008b100000, 0x000000008b200000, 0x000000008b200000|100%| O|  |TAMS 0x000000008b100000| PB 0x000000008b100000| Untracked 
| 178|0x000000008b200000, 0x000000008b200000, 0x000000008b300000|  0%| F|  |TAMS 0x000000008b200000| PB 0x000000008b200000| Untracked 
| 179|0x000000008b300000, 0x000000008b400000, 0x000000008b400000|100%| O|  |TAMS 0x000000008b300000| PB 0x000000008b300000| Untracked 
| 180|0x000000008b400000, 0x000000008b500000, 0x000000008b500000|100%| O|  |TAMS 0x000000008b400000| PB 0x000000008b400000| Untracked 
| 181|0x000000008b500000, 0x000000008b600000, 0x000000008b600000|100%| O|  |TAMS 0x000000008b500000| PB 0x000000008b500000| Untracked 
| 182|0x000000008b600000, 0x000000008b700000, 0x000000008b700000|100%| O|  |TAMS 0x000000008b600000| PB 0x000000008b600000| Untracked 
| 183|0x000000008b700000, 0x000000008b800000, 0x000000008b800000|100%| O|  |TAMS 0x000000008b700000| PB 0x000000008b700000| Untracked 
| 184|0x000000008b800000, 0x000000008b900000, 0x000000008b900000|100%| O|  |TAMS 0x000000008b800000| PB 0x000000008b800000| Untracked 
| 185|0x000000008b900000, 0x000000008ba00000, 0x000000008ba00000|100%| O|  |TAMS 0x000000008b900000| PB 0x000000008b900000| Untracked 
| 186|0x000000008ba00000, 0x000000008bb00000, 0x000000008bb00000|100%| O|  |TAMS 0x000000008ba00000| PB 0x000000008ba00000| Untracked 
| 187|0x000000008bb00000, 0x000000008bc00000, 0x000000008bc00000|100%| O|  |TAMS 0x000000008bb00000| PB 0x000000008bb00000| Untracked 
| 188|0x000000008bc00000, 0x000000008bd00000, 0x000000008bd00000|100%| O|  |TAMS 0x000000008bc00000| PB 0x000000008bc00000| Untracked 
| 189|0x000000008bd00000, 0x000000008be00000, 0x000000008be00000|100%| O|  |TAMS 0x000000008bd00000| PB 0x000000008bd00000| Untracked 
| 190|0x000000008be00000, 0x000000008bf00000, 0x000000008bf00000|100%| O|  |TAMS 0x000000008be00000| PB 0x000000008be00000| Untracked 
| 191|0x000000008bf00000, 0x000000008c000000, 0x000000008c000000|100%| O|  |TAMS 0x000000008bf00000| PB 0x000000008bf00000| Untracked 
| 192|0x000000008c000000, 0x000000008c100000, 0x000000008c100000|100%| O|  |TAMS 0x000000008c000000| PB 0x000000008c000000| Untracked 
| 193|0x000000008c100000, 0x000000008c200000, 0x000000008c200000|100%| O|  |TAMS 0x000000008c100000| PB 0x000000008c100000| Untracked 
| 194|0x000000008c200000, 0x000000008c200000, 0x000000008c300000|  0%| F|  |TAMS 0x000000008c200000| PB 0x000000008c200000| Untracked 
| 195|0x000000008c300000, 0x000000008c300000, 0x000000008c400000|  0%| F|  |TAMS 0x000000008c300000| PB 0x000000008c300000| Untracked 
| 196|0x000000008c400000, 0x000000008c400000, 0x000000008c500000|  0%| F|  |TAMS 0x000000008c400000| PB 0x000000008c400000| Untracked 
| 197|0x000000008c500000, 0x000000008c500000, 0x000000008c600000|  0%| F|  |TAMS 0x000000008c500000| PB 0x000000008c500000| Untracked 
| 198|0x000000008c600000, 0x000000008c600000, 0x000000008c700000|  0%| F|  |TAMS 0x000000008c600000| PB 0x000000008c600000| Untracked 
| 199|0x000000008c700000, 0x000000008c700000, 0x000000008c800000|  0%| F|  |TAMS 0x000000008c700000| PB 0x000000008c700000| Untracked 
| 200|0x000000008c800000, 0x000000008c800000, 0x000000008c900000|  0%| F|  |TAMS 0x000000008c800000| PB 0x000000008c800000| Untracked 
| 201|0x000000008c900000, 0x000000008c900000, 0x000000008ca00000|  0%| F|  |TAMS 0x000000008c900000| PB 0x000000008c900000| Untracked 
| 202|0x000000008ca00000, 0x000000008ca00000, 0x000000008cb00000|  0%| F|  |TAMS 0x000000008ca00000| PB 0x000000008ca00000| Untracked 
| 203|0x000000008cb00000, 0x000000008cb00000, 0x000000008cc00000|  0%| F|  |TAMS 0x000000008cb00000| PB 0x000000008cb00000| Untracked 
| 204|0x000000008cc00000, 0x000000008cc00000, 0x000000008cd00000|  0%| F|  |TAMS 0x000000008cc00000| PB 0x000000008cc00000| Untracked 
| 205|0x000000008cd00000, 0x000000008cd00000, 0x000000008ce00000|  0%| F|  |TAMS 0x000000008cd00000| PB 0x000000008cd00000| Untracked 
| 206|0x000000008ce00000, 0x000000008ce00000, 0x000000008cf00000|  0%| F|  |TAMS 0x000000008ce00000| PB 0x000000008ce00000| Untracked 
| 207|0x000000008cf00000, 0x000000008cfbb4a0, 0x000000008d000000| 73%| S|CS|TAMS 0x000000008cf00000| PB 0x000000008cf00000| Complete 
| 208|0x000000008d000000, 0x000000008d100000, 0x000000008d100000|100%| S|CS|TAMS 0x000000008d000000| PB 0x000000008d000000| Complete 
| 209|0x000000008d100000, 0x000000008d200000, 0x000000008d200000|100%| S|CS|TAMS 0x000000008d100000| PB 0x000000008d100000| Complete 
| 210|0x000000008d200000, 0x000000008d300000, 0x000000008d300000|100%| S|CS|TAMS 0x000000008d200000| PB 0x000000008d200000| Complete 
| 211|0x000000008d300000, 0x000000008d400000, 0x000000008d400000|100%| S|CS|TAMS 0x000000008d300000| PB 0x000000008d300000| Complete 
| 212|0x000000008d400000, 0x000000008d500000, 0x000000008d500000|100%| S|CS|TAMS 0x000000008d400000| PB 0x000000008d400000| Complete 
| 213|0x000000008d500000, 0x000000008d600000, 0x000000008d600000|100%| S|CS|TAMS 0x000000008d500000| PB 0x000000008d500000| Complete 
| 214|0x000000008d600000, 0x000000008d700000, 0x000000008d700000|100%| S|CS|TAMS 0x000000008d600000| PB 0x000000008d600000| Complete 
| 215|0x000000008d700000, 0x000000008d800000, 0x000000008d800000|100%| S|CS|TAMS 0x000000008d700000| PB 0x000000008d700000| Complete 
| 216|0x000000008d800000, 0x000000008d900000, 0x000000008d900000|100%| S|CS|TAMS 0x000000008d800000| PB 0x000000008d800000| Complete 
| 217|0x000000008d900000, 0x000000008da00000, 0x000000008da00000|100%| S|CS|TAMS 0x000000008d900000| PB 0x000000008d900000| Complete 
| 218|0x000000008da00000, 0x000000008db00000, 0x000000008db00000|100%| S|CS|TAMS 0x000000008da00000| PB 0x000000008da00000| Complete 
| 219|0x000000008db00000, 0x000000008db00000, 0x000000008dc00000|  0%| F|  |TAMS 0x000000008db00000| PB 0x000000008db00000| Untracked 
| 220|0x000000008dc00000, 0x000000008dc00000, 0x000000008dd00000|  0%| F|  |TAMS 0x000000008dc00000| PB 0x000000008dc00000| Untracked 
| 221|0x000000008dd00000, 0x000000008dd00000, 0x000000008de00000|  0%| F|  |TAMS 0x000000008dd00000| PB 0x000000008dd00000| Untracked 
| 222|0x000000008de00000, 0x000000008de00000, 0x000000008df00000|  0%| F|  |TAMS 0x000000008de00000| PB 0x000000008de00000| Untracked 
| 223|0x000000008df00000, 0x000000008df00000, 0x000000008e000000|  0%| F|  |TAMS 0x000000008df00000| PB 0x000000008df00000| Untracked 
| 224|0x000000008e000000, 0x000000008e000000, 0x000000008e100000|  0%| F|  |TAMS 0x000000008e000000| PB 0x000000008e000000| Untracked 
| 225|0x000000008e100000, 0x000000008e100000, 0x000000008e200000|  0%| F|  |TAMS 0x000000008e100000| PB 0x000000008e100000| Untracked 
| 226|0x000000008e200000, 0x000000008e200000, 0x000000008e300000|  0%| F|  |TAMS 0x000000008e200000| PB 0x000000008e200000| Untracked 
| 227|0x000000008e300000, 0x000000008e300000, 0x000000008e400000|  0%| F|  |TAMS 0x000000008e300000| PB 0x000000008e300000| Untracked 
| 228|0x000000008e400000, 0x000000008e400000, 0x000000008e500000|  0%| F|  |TAMS 0x000000008e400000| PB 0x000000008e400000| Untracked 
| 229|0x000000008e500000, 0x000000008e500000, 0x000000008e600000|  0%| F|  |TAMS 0x000000008e500000| PB 0x000000008e500000| Untracked 
| 230|0x000000008e600000, 0x000000008e600000, 0x000000008e700000|  0%| F|  |TAMS 0x000000008e600000| PB 0x000000008e600000| Untracked 
| 231|0x000000008e700000, 0x000000008e700000, 0x000000008e800000|  0%| F|  |TAMS 0x000000008e700000| PB 0x000000008e700000| Untracked 
| 232|0x000000008e800000, 0x000000008e800000, 0x000000008e900000|  0%| F|  |TAMS 0x000000008e800000| PB 0x000000008e800000| Untracked 
| 233|0x000000008e900000, 0x000000008e900000, 0x000000008ea00000|  0%| F|  |TAMS 0x000000008e900000| PB 0x000000008e900000| Untracked 
| 234|0x000000008ea00000, 0x000000008ea00000, 0x000000008eb00000|  0%| F|  |TAMS 0x000000008ea00000| PB 0x000000008ea00000| Untracked 
| 235|0x000000008eb00000, 0x000000008eb00000, 0x000000008ec00000|  0%| F|  |TAMS 0x000000008eb00000| PB 0x000000008eb00000| Untracked 
| 236|0x000000008ec00000, 0x000000008ec00000, 0x000000008ed00000|  0%| F|  |TAMS 0x000000008ec00000| PB 0x000000008ec00000| Untracked 
| 237|0x000000008ed00000, 0x000000008ed00000, 0x000000008ee00000|  0%| F|  |TAMS 0x000000008ed00000| PB 0x000000008ed00000| Untracked 
| 238|0x000000008ee00000, 0x000000008ee00000, 0x000000008ef00000|  0%| F|  |TAMS 0x000000008ee00000| PB 0x000000008ee00000| Untracked 
| 239|0x000000008ef00000, 0x000000008ef00000, 0x000000008f000000|  0%| F|  |TAMS 0x000000008ef00000| PB 0x000000008ef00000| Untracked 
| 240|0x000000008f000000, 0x000000008f000000, 0x000000008f100000|  0%| F|  |TAMS 0x000000008f000000| PB 0x000000008f000000| Untracked 
| 241|0x000000008f100000, 0x000000008f100000, 0x000000008f200000|  0%| F|  |TAMS 0x000000008f100000| PB 0x000000008f100000| Untracked 
| 242|0x000000008f200000, 0x000000008f200000, 0x000000008f300000|  0%| F|  |TAMS 0x000000008f200000| PB 0x000000008f200000| Untracked 
| 243|0x000000008f300000, 0x000000008f300000, 0x000000008f400000|  0%| F|  |TAMS 0x000000008f300000| PB 0x000000008f300000| Untracked 
| 244|0x000000008f400000, 0x000000008f400000, 0x000000008f500000|  0%| F|  |TAMS 0x000000008f400000| PB 0x000000008f400000| Untracked 
| 245|0x000000008f500000, 0x000000008f500000, 0x000000008f600000|  0%| F|  |TAMS 0x000000008f500000| PB 0x000000008f500000| Untracked 
| 246|0x000000008f600000, 0x000000008f600000, 0x000000008f700000|  0%| F|  |TAMS 0x000000008f600000| PB 0x000000008f600000| Untracked 
| 247|0x000000008f700000, 0x000000008f700000, 0x000000008f800000|  0%| F|  |TAMS 0x000000008f700000| PB 0x000000008f700000| Untracked 
| 248|0x000000008f800000, 0x000000008f800000, 0x000000008f900000|  0%| F|  |TAMS 0x000000008f800000| PB 0x000000008f800000| Untracked 
| 249|0x000000008f900000, 0x000000008f900000, 0x000000008fa00000|  0%| F|  |TAMS 0x000000008f900000| PB 0x000000008f900000| Untracked 
| 250|0x000000008fa00000, 0x000000008fa00000, 0x000000008fb00000|  0%| F|  |TAMS 0x000000008fa00000| PB 0x000000008fa00000| Untracked 
| 251|0x000000008fb00000, 0x000000008fb00000, 0x000000008fc00000|  0%| F|  |TAMS 0x000000008fb00000| PB 0x000000008fb00000| Untracked 
| 252|0x000000008fc00000, 0x000000008fc00000, 0x000000008fd00000|  0%| F|  |TAMS 0x000000008fc00000| PB 0x000000008fc00000| Untracked 
| 253|0x000000008fd00000, 0x000000008fd00000, 0x000000008fe00000|  0%| F|  |TAMS 0x000000008fd00000| PB 0x000000008fd00000| Untracked 
| 254|0x000000008fe00000, 0x000000008fe00000, 0x000000008ff00000|  0%| F|  |TAMS 0x000000008fe00000| PB 0x000000008fe00000| Untracked 
| 255|0x000000008ff00000, 0x000000008ff00000, 0x0000000090000000|  0%| F|  |TAMS 0x000000008ff00000| PB 0x000000008ff00000| Untracked 
| 256|0x0000000090000000, 0x0000000090000000, 0x0000000090100000|  0%| F|  |TAMS 0x0000000090000000| PB 0x0000000090000000| Untracked 
| 257|0x0000000090100000, 0x0000000090100000, 0x0000000090200000|  0%| F|  |TAMS 0x0000000090100000| PB 0x0000000090100000| Untracked 
| 258|0x0000000090200000, 0x0000000090200000, 0x0000000090300000|  0%| F|  |TAMS 0x0000000090200000| PB 0x0000000090200000| Untracked 
| 259|0x0000000090300000, 0x000000009038e720, 0x0000000090400000| 55%| E|  |TAMS 0x0000000090300000| PB 0x0000000090300000| Complete 
| 260|0x0000000090400000, 0x0000000090500000, 0x0000000090500000|100%| E|CS|TAMS 0x0000000090400000| PB 0x0000000090400000| Complete 
| 261|0x0000000090500000, 0x0000000090600000, 0x0000000090600000|100%| E|CS|TAMS 0x0000000090500000| PB 0x0000000090500000| Complete 
| 262|0x0000000090600000, 0x0000000090700000, 0x0000000090700000|100%| E|CS|TAMS 0x0000000090600000| PB 0x0000000090600000| Complete 
| 263|0x0000000090700000, 0x0000000090800000, 0x0000000090800000|100%| E|CS|TAMS 0x0000000090700000| PB 0x0000000090700000| Complete 
| 264|0x0000000090800000, 0x0000000090900000, 0x0000000090900000|100%| E|CS|TAMS 0x0000000090800000| PB 0x0000000090800000| Complete 
| 265|0x0000000090900000, 0x0000000090a00000, 0x0000000090a00000|100%| E|CS|TAMS 0x0000000090900000| PB 0x0000000090900000| Complete 
| 266|0x0000000090a00000, 0x0000000090b00000, 0x0000000090b00000|100%| E|CS|TAMS 0x0000000090a00000| PB 0x0000000090a00000| Complete 
| 267|0x0000000090b00000, 0x0000000090c00000, 0x0000000090c00000|100%| E|CS|TAMS 0x0000000090b00000| PB 0x0000000090b00000| Complete 
| 268|0x0000000090c00000, 0x0000000090d00000, 0x0000000090d00000|100%| E|CS|TAMS 0x0000000090c00000| PB 0x0000000090c00000| Complete 
| 269|0x0000000090d00000, 0x0000000090e00000, 0x0000000090e00000|100%| E|CS|TAMS 0x0000000090d00000| PB 0x0000000090d00000| Complete 
| 270|0x0000000090e00000, 0x0000000090f00000, 0x0000000090f00000|100%| E|CS|TAMS 0x0000000090e00000| PB 0x0000000090e00000| Complete 
| 271|0x0000000090f00000, 0x0000000091000000, 0x0000000091000000|100%| E|CS|TAMS 0x0000000090f00000| PB 0x0000000090f00000| Complete 
| 272|0x0000000091000000, 0x0000000091100000, 0x0000000091100000|100%| E|CS|TAMS 0x0000000091000000| PB 0x0000000091000000| Complete 
| 273|0x0000000091100000, 0x0000000091200000, 0x0000000091200000|100%| E|CS|TAMS 0x0000000091100000| PB 0x0000000091100000| Complete 
| 274|0x0000000091200000, 0x0000000091300000, 0x0000000091300000|100%| E|CS|TAMS 0x0000000091200000| PB 0x0000000091200000| Complete 
| 275|0x0000000091300000, 0x0000000091400000, 0x0000000091400000|100%| E|CS|TAMS 0x0000000091300000| PB 0x0000000091300000| Complete 
| 276|0x0000000091400000, 0x0000000091500000, 0x0000000091500000|100%| E|CS|TAMS 0x0000000091400000| PB 0x0000000091400000| Complete 
| 277|0x0000000091500000, 0x0000000091600000, 0x0000000091600000|100%| E|CS|TAMS 0x0000000091500000| PB 0x0000000091500000| Complete 
| 278|0x0000000091600000, 0x0000000091700000, 0x0000000091700000|100%| E|CS|TAMS 0x0000000091600000| PB 0x0000000091600000| Complete 
| 279|0x0000000091700000, 0x0000000091800000, 0x0000000091800000|100%| E|CS|TAMS 0x0000000091700000| PB 0x0000000091700000| Complete 
| 280|0x0000000091800000, 0x0000000091900000, 0x0000000091900000|100%| E|CS|TAMS 0x0000000091800000| PB 0x0000000091800000| Complete 
| 281|0x0000000091900000, 0x0000000091a00000, 0x0000000091a00000|100%| E|CS|TAMS 0x0000000091900000| PB 0x0000000091900000| Complete 
| 282|0x0000000091a00000, 0x0000000091b00000, 0x0000000091b00000|100%| E|CS|TAMS 0x0000000091a00000| PB 0x0000000091a00000| Complete 
| 283|0x0000000091b00000, 0x0000000091c00000, 0x0000000091c00000|100%| E|CS|TAMS 0x0000000091b00000| PB 0x0000000091b00000| Complete 
| 284|0x0000000091c00000, 0x0000000091d00000, 0x0000000091d00000|100%| E|CS|TAMS 0x0000000091c00000| PB 0x0000000091c00000| Complete 
| 285|0x0000000091d00000, 0x0000000091e00000, 0x0000000091e00000|100%| E|CS|TAMS 0x0000000091d00000| PB 0x0000000091d00000| Complete 
| 286|0x0000000091e00000, 0x0000000091f00000, 0x0000000091f00000|100%| E|CS|TAMS 0x0000000091e00000| PB 0x0000000091e00000| Complete 
| 287|0x0000000091f00000, 0x0000000092000000, 0x0000000092000000|100%| E|CS|TAMS 0x0000000091f00000| PB 0x0000000091f00000| Complete 
| 288|0x0000000092000000, 0x0000000092100000, 0x0000000092100000|100%| E|CS|TAMS 0x0000000092000000| PB 0x0000000092000000| Complete 
| 289|0x0000000092100000, 0x0000000092200000, 0x0000000092200000|100%| E|CS|TAMS 0x0000000092100000| PB 0x0000000092100000| Complete 
| 290|0x0000000092200000, 0x0000000092300000, 0x0000000092300000|100%| E|CS|TAMS 0x0000000092200000| PB 0x0000000092200000| Complete 
| 291|0x0000000092300000, 0x0000000092400000, 0x0000000092400000|100%| E|CS|TAMS 0x0000000092300000| PB 0x0000000092300000| Complete 
| 292|0x0000000092400000, 0x0000000092500000, 0x0000000092500000|100%| E|CS|TAMS 0x0000000092400000| PB 0x0000000092400000| Complete 
| 293|0x0000000092500000, 0x0000000092600000, 0x0000000092600000|100%| E|CS|TAMS 0x0000000092500000| PB 0x0000000092500000| Complete 
| 294|0x0000000092600000, 0x0000000092700000, 0x0000000092700000|100%| E|CS|TAMS 0x0000000092600000| PB 0x0000000092600000| Complete 
| 295|0x0000000092700000, 0x0000000092800000, 0x0000000092800000|100%| E|CS|TAMS 0x0000000092700000| PB 0x0000000092700000| Complete 
| 296|0x0000000092800000, 0x0000000092900000, 0x0000000092900000|100%| E|CS|TAMS 0x0000000092800000| PB 0x0000000092800000| Complete 
| 297|0x0000000092900000, 0x0000000092a00000, 0x0000000092a00000|100%| E|CS|TAMS 0x0000000092900000| PB 0x0000000092900000| Complete 
| 298|0x0000000092a00000, 0x0000000092b00000, 0x0000000092b00000|100%| E|CS|TAMS 0x0000000092a00000| PB 0x0000000092a00000| Complete 
| 299|0x0000000092b00000, 0x0000000092c00000, 0x0000000092c00000|100%| E|CS|TAMS 0x0000000092b00000| PB 0x0000000092b00000| Complete 
| 300|0x0000000092c00000, 0x0000000092d00000, 0x0000000092d00000|100%| E|CS|TAMS 0x0000000092c00000| PB 0x0000000092c00000| Complete 
| 301|0x0000000092d00000, 0x0000000092e00000, 0x0000000092e00000|100%| E|CS|TAMS 0x0000000092d00000| PB 0x0000000092d00000| Complete 
| 302|0x0000000092e00000, 0x0000000092f00000, 0x0000000092f00000|100%| E|CS|TAMS 0x0000000092e00000| PB 0x0000000092e00000| Complete 
| 303|0x0000000092f00000, 0x0000000093000000, 0x0000000093000000|100%| E|CS|TAMS 0x0000000092f00000| PB 0x0000000092f00000| Complete 
| 304|0x0000000093000000, 0x0000000093100000, 0x0000000093100000|100%| E|CS|TAMS 0x0000000093000000| PB 0x0000000093000000| Complete 
|2023|0x00000000fe700000, 0x00000000fe800000, 0x00000000fe800000|100%| O|  |TAMS 0x00000000fe700000| PB 0x00000000fe700000| Untracked 
|2024|0x00000000fe800000, 0x00000000fe900000, 0x00000000fe900000|100%| E|CS|TAMS 0x00000000fe800000| PB 0x00000000fe800000| Complete 
|2025|0x00000000fe900000, 0x00000000fea00000, 0x00000000fea00000|100%| E|CS|TAMS 0x00000000fe900000| PB 0x00000000fe900000| Complete 
|2026|0x00000000fea00000, 0x00000000feb00000, 0x00000000feb00000|100%| E|CS|TAMS 0x00000000fea00000| PB 0x00000000fea00000| Complete 
|2027|0x00000000feb00000, 0x00000000fec00000, 0x00000000fec00000|100%| O|  |TAMS 0x00000000feb00000| PB 0x00000000feb00000| Untracked 
|2028|0x00000000fec00000, 0x00000000fed00000, 0x00000000fed00000|100%| O|  |TAMS 0x00000000fec00000| PB 0x00000000fec00000| Untracked 
|2029|0x00000000fed00000, 0x00000000fee00000, 0x00000000fee00000|100%| O|  |TAMS 0x00000000fed00000| PB 0x00000000fed00000| Untracked 
|2030|0x00000000fee00000, 0x00000000fef00000, 0x00000000fef00000|100%| O|  |TAMS 0x00000000fee00000| PB 0x00000000fee00000| Untracked 
|2031|0x00000000fef00000, 0x00000000ff000000, 0x00000000ff000000|100%| E|CS|TAMS 0x00000000fef00000| PB 0x00000000fef00000| Complete 
|2032|0x00000000ff000000, 0x00000000ff100000, 0x00000000ff100000|100%| E|CS|TAMS 0x00000000ff000000| PB 0x00000000ff000000| Complete 
|2033|0x00000000ff100000, 0x00000000ff200000, 0x00000000ff200000|100%| E|CS|TAMS 0x00000000ff100000| PB 0x00000000ff100000| Complete 
|2034|0x00000000ff200000, 0x00000000ff300000, 0x00000000ff300000|100%| E|CS|TAMS 0x00000000ff200000| PB 0x00000000ff200000| Complete 
|2035|0x00000000ff300000, 0x00000000ff400000, 0x00000000ff400000|100%| E|CS|TAMS 0x00000000ff300000| PB 0x00000000ff300000| Complete 
|2036|0x00000000ff400000, 0x00000000ff500000, 0x00000000ff500000|100%| E|CS|TAMS 0x00000000ff400000| PB 0x00000000ff400000| Complete 
|2037|0x00000000ff500000, 0x00000000ff600000, 0x00000000ff600000|100%| E|CS|TAMS 0x00000000ff500000| PB 0x00000000ff500000| Complete 
|2038|0x00000000ff600000, 0x00000000ff700000, 0x00000000ff700000|100%| E|CS|TAMS 0x00000000ff600000| PB 0x00000000ff600000| Complete 
|2039|0x00000000ff700000, 0x00000000ff800000, 0x00000000ff800000|100%| E|CS|TAMS 0x00000000ff700000| PB 0x00000000ff700000| Complete 
|2040|0x00000000ff800000, 0x00000000ff900000, 0x00000000ff900000|100%| E|CS|TAMS 0x00000000ff800000| PB 0x00000000ff800000| Complete 
|2041|0x00000000ff900000, 0x00000000ffa00000, 0x00000000ffa00000|100%| E|CS|TAMS 0x00000000ff900000| PB 0x00000000ff900000| Complete 
|2042|0x00000000ffa00000, 0x00000000ffb00000, 0x00000000ffb00000|100%| E|CS|TAMS 0x00000000ffa00000| PB 0x00000000ffa00000| Complete 
|2043|0x00000000ffb00000, 0x00000000ffc00000, 0x00000000ffc00000|100%| E|CS|TAMS 0x00000000ffb00000| PB 0x00000000ffb00000| Complete 
|2044|0x00000000ffc00000, 0x00000000ffd00000, 0x00000000ffd00000|100%| O|  |TAMS 0x00000000ffc00000| PB 0x00000000ffc00000| Untracked 
|2045|0x00000000ffd00000, 0x00000000ffe00000, 0x00000000ffe00000|100%| E|CS|TAMS 0x00000000ffd00000| PB 0x00000000ffd00000| Complete 
|2046|0x00000000ffe00000, 0x00000000fff00000, 0x00000000fff00000|100%| O|  |TAMS 0x00000000ffe00000| PB 0x00000000ffe00000| Untracked 
|2047|0x00000000fff00000, 0x0000000100000000, 0x0000000100000000|100%| O|  |TAMS 0x00000000fff00000| PB 0x00000000fff00000| Untracked 

Card table byte_map: [0x0000024b7eb10000,0x0000024b7ef10000] _byte_map_base: 0x0000024b7e710000

Marking Bits: (CMBitMap*) 0x0000024b7de087a0
 Bits: [0x0000024b12090000, 0x0000024b14090000)

Polling page: 0x0000024b7bcd0000

Metaspace:

Usage:
  Non-class:    131.02 MB used.
      Class:     19.93 MB used.
       Both:    150.95 MB used.

Virtual space:
  Non-class space:      192.00 MB reserved,     132.19 MB ( 69%) committed,  3 nodes.
      Class space:        1.00 GB reserved,      21.12 MB (  2%) committed,  1 nodes.
             Both:        1.19 GB reserved,     153.31 MB ( 13%) committed. 

Chunk freelists:
   Non-Class:  10.86 MB
       Class:  10.88 MB
        Both:  21.73 MB

MaxMetaspaceSize: unlimited
CompressedClassSpaceSize: 1.00 GB
Initial GC threshold: 21.00 MB
Current GC threshold: 245.31 MB
CDS: off
 - commit_granule_bytes: 65536.
 - commit_granule_words: 8192.
 - virtual_space_node_default_size: 8388608.
 - enlarge_chunks_in_place: 1.
 - use_allocation_guard: 0.


Internal statistics:

num_allocs_failed_limit: 11.
num_arena_births: 4674.
num_arena_deaths: 6.
num_vsnodes_births: 4.
num_vsnodes_deaths: 0.
num_space_committed: 2524.
num_space_uncommitted: 19.
num_chunks_returned_to_freelist: 199.
num_chunks_taken_from_freelist: 11435.
num_chunk_merges: 82.
num_chunk_splits: 7624.
num_chunks_enlarged: 4975.
num_inconsistent_stats: 0.

CodeHeap 'non-profiled nmethods': size=119168Kb used=11777Kb max_used=11777Kb free=107390Kb
 bounds [0x0000024b0ac30000, 0x0000024b0b7c0000, 0x0000024b12090000]
CodeHeap 'profiled nmethods': size=119104Kb used=33605Kb max_used=33605Kb free=85498Kb
 bounds [0x0000024b03090000, 0x0000024b05170000, 0x0000024b0a4e0000]
CodeHeap 'non-nmethods': size=7488Kb used=3910Kb max_used=4033Kb free=3577Kb
 bounds [0x0000024b0a4e0000, 0x0000024b0a8e0000, 0x0000024b0ac30000]
 total_blobs=16873 nmethods=15929 adapters=844
 compilation: enabled
              stopped_count=0, restarted_count=0
 full_count=0

Compilation events (20 events):
Event: 78.543 Thread 0x0000024b226f96b0 22262       3       java.util.stream.Collectors$$Lambda/0x000000010067b8e8::accept (17 bytes)
Event: 78.544 Thread 0x0000024b226f96b0 nmethod 22262 0x0000024b0514d110 code [0x0000024b0514d2c0, 0x0000024b0514d508]
Event: 78.544 Thread 0x0000024b226f96b0 22261       3       java.util.stream.Collectors::lambda$uniqKeysMapAccumulator$1 (49 bytes)
Event: 78.544 Thread 0x0000024b226f6700 nmethod 22260 0x0000024b0514d610 code [0x0000024b0514d7c0, 0x0000024b0514da00]
Event: 78.544 Thread 0x0000024b1f1e9040 22264       4       com.android.tools.r8.graph.E::equals (22 bytes)
Event: 78.544 Thread 0x0000024b226f96b0 nmethod 22261 0x0000024b0514db10 code [0x0000024b0514dd20, 0x0000024b0514e250]
Event: 78.544 Thread 0x0000024b226f6700 22263       3       java.lang.Integer::toString (8 bytes)
Event: 78.544 Thread 0x0000024b226f96b0 22265       3       com.android.tools.r8.internal.Q00::d (45 bytes)
Event: 78.544 Thread 0x0000024b226f6700 nmethod 22263 0x0000024b0514e490 code [0x0000024b0514e640, 0x0000024b0514e778]
Event: 78.545 Thread 0x0000024b1f1e9040 nmethod 22264 0x0000024b0b791790 code [0x0000024b0b791920, 0x0000024b0b7919e0]
Event: 78.545 Thread 0x0000024b226f96b0 nmethod 22265 0x0000024b0514e810 code [0x0000024b0514e9e0, 0x0000024b0514edf8]
Event: 78.545 Thread 0x0000024b1f1e9040 22266       4       java.util.HashMap::entrySet (27 bytes)
Event: 78.547 Thread 0x0000024b162049c0 nmethod 22258 0x0000024b0514ef90 code [0x0000024b0514f500, 0x0000024b05151930]
Event: 78.547 Thread 0x0000024b1f1e9040 nmethod 22266 0x0000024b0b791a90 code [0x0000024b0b791c20, 0x0000024b0b791de8]
Event: 78.548 Thread 0x0000024b226f6dd0 nmethod 22257 0x0000024b05152a10 code [0x0000024b05152f80, 0x0000024b05155fa0]
Event: 78.556 Thread 0x0000024b1f1eb250 nmethod 22255 0x0000024b0b791f10 code [0x0000024b0b792160, 0x0000024b0b792750]
Event: 78.577 Thread 0x0000024b1f1eb250 22267       4       java.lang.ThreadLocal::remove (8 bytes)
Event: 78.580 Thread 0x0000024b1f1e9040 22268       4       java.util.ArrayList::clear (43 bytes)
Event: 78.582 Thread 0x0000024b1f1e9040 nmethod 22268 0x0000024b0b792b90 code [0x0000024b0b792d20, 0x0000024b0b792e98]
Event: 78.590 Thread 0x0000024b1f1eb250 nmethod 22267 0x0000024b0b792f90 code [0x0000024b0b793180, 0x0000024b0b793920]

GC Heap History (20 events):
Event: 61.794 GC heap before
{Heap before GC invocations=50 (full 0):
 garbage-first heap   total 230400K, used 204690K [0x0000000080000000, 0x0000000100000000)
  region size 1024K, 58 young (59392K), 9 survivors (9216K)
 Metaspace       used 134564K, committed 136896K, reserved 1179648K
  class space    used 17881K, committed 19072K, reserved 1048576K
}
Event: 61.801 GC heap after
{Heap after GC invocations=51 (full 0):
 garbage-first heap   total 230400K, used 152773K [0x0000000080000000, 0x0000000100000000)
  region size 1024K, 3 young (3072K), 3 survivors (3072K)
 Metaspace       used 134564K, committed 136896K, reserved 1179648K
  class space    used 17881K, committed 19072K, reserved 1048576K
}
Event: 62.755 GC heap before
{Heap before GC invocations=52 (full 0):
 garbage-first heap   total 261120K, used 210117K [0x0000000080000000, 0x0000000100000000)
  region size 1024K, 57 young (58368K), 3 survivors (3072K)
 Metaspace       used 135855K, committed 138240K, reserved 1179648K
  class space    used 17955K, committed 19136K, reserved 1048576K
}
Event: 62.767 GC heap after
{Heap after GC invocations=53 (full 0):
 garbage-first heap   total 261120K, used 159288K [0x0000000080000000, 0x0000000100000000)
  region size 1024K, 8 young (8192K), 8 survivors (8192K)
 Metaspace       used 135855K, committed 138240K, reserved 1179648K
  class space    used 17955K, committed 19136K, reserved 1048576K
}
Event: 64.781 GC heap before
{Heap before GC invocations=53 (full 0):
 garbage-first heap   total 261120K, used 240184K [0x0000000080000000, 0x0000000100000000)
  region size 1024K, 80 young (81920K), 8 survivors (8192K)
 Metaspace       used 137330K, committed 139776K, reserved 1179648K
  class space    used 18146K, committed 19392K, reserved 1048576K
}
Event: 64.804 GC heap after
{Heap after GC invocations=54 (full 0):
 garbage-first heap   total 271360K, used 183424K [0x0000000080000000, 0x0000000100000000)
  region size 1024K, 10 young (10240K), 10 survivors (10240K)
 Metaspace       used 137330K, committed 139776K, reserved 1179648K
  class space    used 18146K, committed 19392K, reserved 1048576K
}
Event: 66.008 GC heap before
{Heap before GC invocations=54 (full 0):
 garbage-first heap   total 271360K, used 236672K [0x0000000080000000, 0x0000000100000000)
  region size 1024K, 63 young (64512K), 10 survivors (10240K)
 Metaspace       used 138500K, committed 140992K, reserved 1179648K
  class space    used 18282K, committed 19520K, reserved 1048576K
}
Event: 66.019 GC heap after
{Heap after GC invocations=55 (full 0):
 garbage-first heap   total 271360K, used 183993K [0x0000000080000000, 0x0000000100000000)
  region size 1024K, 6 young (6144K), 6 survivors (6144K)
 Metaspace       used 138500K, committed 140992K, reserved 1179648K
  class space    used 18282K, committed 19520K, reserved 1048576K
}
Event: 66.770 GC heap before
{Heap before GC invocations=55 (full 0):
 garbage-first heap   total 271360K, used 240313K [0x0000000080000000, 0x0000000100000000)
  region size 1024K, 62 young (63488K), 6 survivors (6144K)
 Metaspace       used 138669K, committed 141120K, reserved 1179648K
  class space    used 18309K, committed 19520K, reserved 1048576K
}
Event: 66.775 GC heap after
{Heap after GC invocations=56 (full 0):
 garbage-first heap   total 271360K, used 185864K [0x0000000080000000, 0x0000000100000000)
  region size 1024K, 4 young (4096K), 4 survivors (4096K)
 Metaspace       used 138669K, committed 141120K, reserved 1179648K
  class space    used 18309K, committed 19520K, reserved 1048576K
}
Event: 67.969 GC heap before
{Heap before GC invocations=57 (full 0):
 garbage-first heap   total 312320K, used 252424K [0x0000000080000000, 0x0000000100000000)
  region size 1024K, 62 young (63488K), 4 survivors (4096K)
 Metaspace       used 134568K, committed 137088K, reserved 1179648K
  class space    used 17933K, committed 19200K, reserved 1048576K
}
Event: 67.978 GC heap after
{Heap after GC invocations=58 (full 0):
 garbage-first heap   total 312320K, used 202182K [0x0000000080000000, 0x0000000100000000)
  region size 1024K, 8 young (8192K), 8 survivors (8192K)
 Metaspace       used 134568K, committed 137088K, reserved 1179648K
  class space    used 17933K, committed 19200K, reserved 1048576K
}
Event: 69.442 GC heap before
{Heap before GC invocations=58 (full 0):
 garbage-first heap   total 312320K, used 280006K [0x0000000080000000, 0x0000000100000000)
  region size 1024K, 79 young (80896K), 8 survivors (8192K)
 Metaspace       used 141095K, committed 143488K, reserved 1179648K
  class space    used 18577K, committed 19776K, reserved 1048576K
}
Event: 69.455 GC heap after
{Heap after GC invocations=59 (full 0):
 garbage-first heap   total 312320K, used 201061K [0x0000000080000000, 0x0000000100000000)
  region size 1024K, 10 young (10240K), 10 survivors (10240K)
 Metaspace       used 141095K, committed 143488K, reserved 1179648K
  class space    used 18577K, committed 19776K, reserved 1048576K
}
Event: 71.687 GC heap before
{Heap before GC invocations=59 (full 0):
 garbage-first heap   total 312320K, used 273765K [0x0000000080000000, 0x0000000100000000)
  region size 1024K, 81 young (82944K), 10 survivors (10240K)
 Metaspace       used 148301K, committed 150656K, reserved 1179648K
  class space    used 19505K, committed 20672K, reserved 1048576K
}
Event: 71.697 GC heap after
{Heap after GC invocations=60 (full 0):
 garbage-first heap   total 312320K, used 207320K [0x0000000080000000, 0x0000000100000000)
  region size 1024K, 6 young (6144K), 6 survivors (6144K)
 Metaspace       used 148301K, committed 150656K, reserved 1179648K
  class space    used 19505K, committed 20672K, reserved 1048576K
}
Event: 74.815 GC heap before
{Heap before GC invocations=61 (full 0):
 garbage-first heap   total 337920K, used 273880K [0x0000000080000000, 0x0000000100000000)
  region size 1024K, 76 young (77824K), 6 survivors (6144K)
 Metaspace       used 151238K, committed 153600K, reserved 1245184K
  class space    used 19956K, committed 21120K, reserved 1048576K
}
Event: 74.824 GC heap after
{Heap after GC invocations=62 (full 0):
 garbage-first heap   total 337920K, used 204514K [0x0000000080000000, 0x0000000100000000)
  region size 1024K, 8 young (8192K), 8 survivors (8192K)
 Metaspace       used 151238K, committed 153600K, reserved 1245184K
  class space    used 19956K, committed 21120K, reserved 1048576K
}
Event: 77.897 GC heap before
{Heap before GC invocations=62 (full 0):
 garbage-first heap   total 337920K, used 301794K [0x0000000080000000, 0x0000000100000000)
  region size 1024K, 100 young (102400K), 8 survivors (8192K)
 Metaspace       used 153056K, committed 155520K, reserved 1245184K
  class space    used 20191K, committed 21440K, reserved 1048576K
}
Event: 77.910 GC heap after
{Heap after GC invocations=63 (full 0):
 garbage-first heap   total 337920K, used 207903K [0x0000000080000000, 0x0000000100000000)
  region size 1024K, 12 young (12288K), 12 survivors (12288K)
 Metaspace       used 153056K, committed 155520K, reserved 1245184K
  class space    used 20191K, committed 21440K, reserved 1048576K
}

Dll operation events (3 events):
Event: 0.011 Loaded shared library C:\Program Files\Android\Android Studio\jbr\bin\java.dll
Event: 0.019 Loaded shared library C:\Program Files\Android\Android Studio\jbr\bin\zip.dll
Event: 0.582 Loaded shared library C:\Program Files\Android\Android Studio\jbr\bin\verify.dll

Deoptimization events (20 events):
Event: 78.542 Thread 0x0000024b20fedd70 Uncommon trap: reason=unstable_if action=reinterpret pc=0x0000024b0b1ff230 method=java.util.stream.StreamOpFlag.getMask(I)I @ 1 c2
Event: 78.542 Thread 0x0000024b20fe7b00 Uncommon trap: reason=unstable_if action=reinterpret pc=0x0000024b0b1ff230 method=java.util.stream.StreamOpFlag.getMask(I)I @ 1 c2
Event: 78.542 Thread 0x0000024b20fe6de0 DEOPT PACKING pc=0x0000024b0b1ff230 sp=0x000000b00cbfd750
Event: 78.542 Thread 0x0000024b20fe7470 Uncommon trap: trap_request=0xffffff45 fr.pc=0x0000024b0b04f530 relative=0x00000000000003f0
Event: 78.542 Thread 0x0000024b20fee400 Uncommon trap: trap_request=0xffffff45 fr.pc=0x0000024b0b04f530 relative=0x00000000000003f0
Event: 78.542 Thread 0x0000024b20fedd70 DEOPT PACKING pc=0x0000024b0b1ff230 sp=0x000000b005cfd700
Event: 78.542 Thread 0x0000024b20fe7b00 DEOPT PACKING pc=0x0000024b0b1ff230 sp=0x000000b00e6fd5d0
Event: 78.542 Thread 0x0000024b20fee400 Uncommon trap: reason=unstable_if action=reinterpret pc=0x0000024b0b04f530 method=java.util.stream.StreamOpFlag.getMask(I)I @ 1 c2
Event: 78.542 Thread 0x0000024b20fe7470 Uncommon trap: reason=unstable_if action=reinterpret pc=0x0000024b0b04f530 method=java.util.stream.StreamOpFlag.getMask(I)I @ 1 c2
Event: 78.542 Thread 0x0000024b20fe7470 DEOPT PACKING pc=0x0000024b0b04f530 sp=0x000000b00e4fd560
Event: 78.542 Thread 0x0000024b20fe6de0 DEOPT UNPACKING pc=0x0000024b0a5346a2 sp=0x000000b00cbfd5d8 mode 2
Event: 78.542 Thread 0x0000024b20fee400 DEOPT PACKING pc=0x0000024b0b04f530 sp=0x000000b00e7fd7a0
Event: 78.542 Thread 0x0000024b1d986fe0 DEOPT PACKING pc=0x0000024b0b1ff230 sp=0x000000b003bfd4d0
Event: 78.542 Thread 0x0000024b20fedd70 DEOPT UNPACKING pc=0x0000024b0a5346a2 sp=0x000000b005cfd588 mode 2
Event: 78.542 Thread 0x0000024b20fe7b00 DEOPT UNPACKING pc=0x0000024b0a5346a2 sp=0x000000b00e6fd458 mode 2
Event: 78.542 Thread 0x0000024b20fe7470 DEOPT UNPACKING pc=0x0000024b0a5346a2 sp=0x000000b00e4fd458 mode 2
Event: 78.542 Thread 0x0000024b20fee400 DEOPT UNPACKING pc=0x0000024b0a5346a2 sp=0x000000b00e7fd698 mode 2
Event: 78.542 Thread 0x0000024b20feaf80 DEOPT PACKING pc=0x0000024b0b1ff230 sp=0x000000b00e5fd330
Event: 78.542 Thread 0x0000024b1d986fe0 DEOPT UNPACKING pc=0x0000024b0a5346a2 sp=0x000000b003bfd358 mode 2
Event: 78.542 Thread 0x0000024b20feaf80 DEOPT UNPACKING pc=0x0000024b0a5346a2 sp=0x000000b00e5fd1b8 mode 2

Classes loaded (20 events):
Event: 72.974 Loading class java/util/ArrayList$SubList$2
Event: 72.974 Loading class java/util/ArrayList$SubList$2 done
Event: 73.584 Loading class sun/nio/fs/WindowsSecurity$Privilege
Event: 73.584 Loading class sun/nio/fs/WindowsSecurity$Privilege done
Event: 75.290 Loading class java/time/Clock$SystemClock
Event: 75.290 Loading class java/time/Clock$SystemClock done
Event: 77.399 Loading class java/util/zip/ZipFile$ZipEntryIterator
Event: 77.400 Loading class java/util/zip/ZipFile$ZipEntryIterator done
Event: 77.761 Loading class sun/nio/fs/Globs
Event: 77.762 Loading class sun/nio/fs/Globs done
Event: 77.762 Loading class java/util/regex/Pattern$SliceU
Event: 77.763 Loading class java/util/regex/Pattern$SliceU done
Event: 77.763 Loading class sun/nio/fs/WindowsFileSystem$2
Event: 77.763 Loading class sun/nio/fs/WindowsFileSystem$2 done
Event: 77.767 Loading class java/nio/file/FileTreeIterator
Event: 77.768 Loading class java/nio/file/FileTreeIterator done
Event: 77.912 Loading class java/util/zip/ZipInputStream
Event: 77.913 Loading class java/util/zip/ZipInputStream done
Event: 78.586 Loading class java/util/concurrent/RejectedExecutionException
Event: 78.587 Loading class java/util/concurrent/RejectedExecutionException done

Classes unloaded (20 events):
Event: 71.831 Thread 0x0000024b7ffae780 Unloading class 0x00000001012d1aa8 'kotlin/jvm/functions/Function0'
Event: 71.831 Thread 0x0000024b7ffae780 Unloading class 0x00000001012d1850 'dagger/spi/internal/shaded/androidx/room/compiler/processing/javac/JavacBasicAnnotationProcessor$2'
Event: 71.831 Thread 0x0000024b7ffae780 Unloading class 0x00000001012d1618 'kotlin/jvm/internal/Lambda'
Event: 71.831 Thread 0x0000024b7ffae780 Unloading class 0x00000001012d1408 'kotlin/jvm/internal/FunctionBase'
Event: 71.831 Thread 0x0000024b7ffae780 Unloading class 0x00000001012d11f8 'kotlin/jvm/functions/Function1'
Event: 71.831 Thread 0x0000024b7ffae780 Unloading class 0x00000001012d0fe8 'kotlin/Function'
Event: 71.831 Thread 0x0000024b7ffae780 Unloading class 0x00000001012d0d70 'kotlin/KotlinNullPointerException'
Event: 71.831 Thread 0x0000024b7ffae780 Unloading class 0x00000001012d0b00 'kotlin/UninitializedPropertyAccessException'
Event: 71.831 Thread 0x0000024b7ffae780 Unloading class 0x00000001012d08e8 'kotlin/jvm/internal/Intrinsics'
Event: 71.831 Thread 0x0000024b7ffae780 Unloading class 0x00000001012d06d0 'dagger/spi/internal/shaded/androidx/room/compiler/processing/XProcessingEnvConfig$Companion'
Event: 71.831 Thread 0x0000024b7ffae780 Unloading class 0x00000001012d04b8 'dagger/spi/internal/shaded/androidx/room/compiler/processing/XProcessingEnvConfig'
Event: 71.831 Thread 0x0000024b7ffae780 Unloading class 0x00000001012d0298 'dagger/spi/internal/shaded/androidx/room/compiler/processing/XProcessingEnvConfig$Builder'
Event: 71.831 Thread 0x0000024b7ffae780 Unloading class 0x00000001012cfd98 'dagger/hilt/processor/internal/HiltProcessingEnvConfigs'
Event: 71.831 Thread 0x0000024b7ffae780 Unloading class 0x00000001012d0000 'dagger/hilt/processor/internal/uninstallmodules/UninstallModulesProcessingStep'
Event: 71.831 Thread 0x0000024b7ffae780 Unloading class 0x00000001012cfb00 'dagger/hilt/processor/internal/BaseProcessingStep'
Event: 71.831 Thread 0x0000024b7ffae780 Unloading class 0x00000001012cf8f0 'dagger/spi/internal/shaded/androidx/room/compiler/processing/XProcessingStep'
Event: 71.831 Thread 0x0000024b7ffae780 Unloading class 0x00000001012cf5f0 'dagger/hilt/processor/internal/uninstallmodules/UninstallModulesProcessor'
Event: 71.831 Thread 0x0000024b7ffae780 Unloading class 0x00000001012cf2f0 'dagger/hilt/processor/internal/JavacBaseProcessingStepProcessor'
Event: 71.831 Thread 0x0000024b7ffae780 Unloading class 0x00000001012cf000 'dagger/spi/internal/shaded/androidx/room/compiler/processing/javac/JavacBasicAnnotationProcessor'
Event: 71.831 Thread 0x0000024b7ffae780 Unloading class 0x00000001012cec00 'dagger/spi/internal/shaded/androidx/room/compiler/processing/XBasicAnnotationProcessor'

Classes redefined (0 events):
No events

Internal exceptions (20 events):
Event: 76.915 Thread 0x0000024b1d986fe0 Exception <a 'sun/nio/fs/WindowsException'{0x0000000090dac540}> (0x0000000090dac540) 
thrown [s\src\hotspot\share\prims\jni.cpp, line 535]
Event: 76.920 Thread 0x0000024b1d986fe0 Exception <a 'sun/nio/fs/WindowsException'{0x0000000090dc0c40}> (0x0000000090dc0c40) 
thrown [s\src\hotspot\share\prims\jni.cpp, line 535]
Event: 76.935 Thread 0x0000024b1d986fe0 Exception <a 'sun/nio/fs/WindowsException'{0x0000000090dc8f40}> (0x0000000090dc8f40) 
thrown [s\src\hotspot\share\prims\jni.cpp, line 535]
Event: 76.939 Thread 0x0000024b1d986fe0 Exception <a 'sun/nio/fs/WindowsException'{0x0000000090dcec00}> (0x0000000090dcec00) 
thrown [s\src\hotspot\share\prims\jni.cpp, line 535]
Event: 76.950 Thread 0x0000024b1d986fe0 Exception <a 'sun/nio/fs/WindowsException'{0x0000000090dd61c8}> (0x0000000090dd61c8) 
thrown [s\src\hotspot\share\prims\jni.cpp, line 535]
Event: 76.954 Thread 0x0000024b1d986fe0 Exception <a 'sun/nio/fs/WindowsException'{0x0000000090dde180}> (0x0000000090dde180) 
thrown [s\src\hotspot\share\prims\jni.cpp, line 535]
Event: 76.959 Thread 0x0000024b1d986fe0 Exception <a 'sun/nio/fs/WindowsException'{0x0000000090de3fa8}> (0x0000000090de3fa8) 
thrown [s\src\hotspot\share\prims\jni.cpp, line 535]
Event: 76.966 Thread 0x0000024b1d986fe0 Exception <a 'sun/nio/fs/WindowsException'{0x0000000090decbe0}> (0x0000000090decbe0) 
thrown [s\src\hotspot\share\prims\jni.cpp, line 535]
Event: 76.970 Thread 0x0000024b1d986fe0 Exception <a 'sun/nio/fs/WindowsException'{0x0000000090df5ea0}> (0x0000000090df5ea0) 
thrown [s\src\hotspot\share\prims\jni.cpp, line 535]
Event: 76.974 Thread 0x0000024b1d986fe0 Exception <a 'sun/nio/fs/WindowsException'{0x0000000090c0e7c0}> (0x0000000090c0e7c0) 
thrown [s\src\hotspot\share\prims\jni.cpp, line 535]
Event: 76.978 Thread 0x0000024b1d986fe0 Exception <a 'sun/nio/fs/WindowsException'{0x0000000090c17350}> (0x0000000090c17350) 
thrown [s\src\hotspot\share\prims\jni.cpp, line 535]
Event: 76.982 Thread 0x0000024b1d986fe0 Exception <a 'sun/nio/fs/WindowsException'{0x0000000090c1ffe0}> (0x0000000090c1ffe0) 
thrown [s\src\hotspot\share\prims\jni.cpp, line 535]
Event: 76.987 Thread 0x0000024b1d986fe0 Exception <a 'sun/nio/fs/WindowsException'{0x0000000090c29860}> (0x0000000090c29860) 
thrown [s\src\hotspot\share\prims\jni.cpp, line 535]
Event: 76.992 Thread 0x0000024b1d986fe0 Exception <a 'sun/nio/fs/WindowsException'{0x0000000090c34188}> (0x0000000090c34188) 
thrown [s\src\hotspot\share\prims\jni.cpp, line 535]
Event: 76.998 Thread 0x0000024b1d986fe0 Exception <a 'sun/nio/fs/WindowsException'{0x0000000090c3dea0}> (0x0000000090c3dea0) 
thrown [s\src\hotspot\share\prims\jni.cpp, line 535]
Event: 77.002 Thread 0x0000024b1d986fe0 Exception <a 'sun/nio/fs/WindowsException'{0x0000000090c48a08}> (0x0000000090c48a08) 
thrown [s\src\hotspot\share\prims\jni.cpp, line 535]
Event: 77.006 Thread 0x0000024b1d986fe0 Exception <a 'sun/nio/fs/WindowsException'{0x0000000090c51918}> (0x0000000090c51918) 
thrown [s\src\hotspot\share\prims\jni.cpp, line 535]
Event: 77.010 Thread 0x0000024b1d986fe0 Exception <a 'sun/nio/fs/WindowsException'{0x0000000090c5ade8}> (0x0000000090c5ade8) 
thrown [s\src\hotspot\share\prims\jni.cpp, line 535]
Event: 77.400 Thread 0x0000024b1dd54cf0 Implicit null exception at 0x0000024b0ae21be6 to 0x0000024b0ae22788
Event: 77.707 Thread 0x0000024b1dd54cf0 Exception <a 'java/lang/NoSuchMethodError'{0x000000008fb4ed48}: static Lcom/android/build/gradle/internal/tasks/DexArchiveBuilderTaskDelegate$ClasspathServiceKey;.<clinit>()V> (0x000000008fb4ed48) 
thrown [s\src\hotspot\share\prims\jni.cpp, line 1135]

ZGC Phase Switch (0 events):
No events

VM Operations (20 events):
Event: 74.109 Executing VM operation: ICBufferFull
Event: 74.109 Executing VM operation: ICBufferFull done
Event: 74.616 Executing VM operation: ICBufferFull
Event: 74.617 Executing VM operation: ICBufferFull done
Event: 74.815 Executing VM operation: G1CollectForAllocation (G1 Evacuation Pause)
Event: 74.824 Executing VM operation: G1CollectForAllocation (G1 Evacuation Pause) done
Event: 75.833 Executing VM operation: Cleanup
Event: 75.834 Executing VM operation: Cleanup done
Event: 76.838 Executing VM operation: Cleanup
Event: 76.838 Executing VM operation: Cleanup done
Event: 77.849 Executing VM operation: Cleanup
Event: 77.849 Executing VM operation: Cleanup done
Event: 77.897 Executing VM operation: G1CollectForAllocation (G1 Evacuation Pause)
Event: 77.910 Executing VM operation: G1CollectForAllocation (G1 Evacuation Pause) done
Event: 78.155 Executing VM operation: HandshakeAllThreads (Deoptimize)
Event: 78.156 Executing VM operation: HandshakeAllThreads (Deoptimize) done
Event: 78.331 Executing VM operation: HandshakeAllThreads (Deoptimize)
Event: 78.332 Executing VM operation: HandshakeAllThreads (Deoptimize) done
Event: 78.509 Executing VM operation: HandshakeAllThreads (Deoptimize)
Event: 78.510 Executing VM operation: HandshakeAllThreads (Deoptimize) done

Memory protections (0 events):
No events

Nmethod flushes (20 events):
Event: 71.846 Thread 0x0000024b7ffae780 flushing  nmethod 0x0000024b0328ac10
Event: 71.846 Thread 0x0000024b7ffae780 flushing  nmethod 0x0000024b03507c90
Event: 71.846 Thread 0x0000024b7ffae780 flushing  nmethod 0x0000024b0358b390
Event: 71.846 Thread 0x0000024b7ffae780 flushing  nmethod 0x0000024b0358ea90
Event: 71.846 Thread 0x0000024b7ffae780 flushing  nmethod 0x0000024b03715990
Event: 71.846 Thread 0x0000024b7ffae780 flushing  nmethod 0x0000024b03717e90
Event: 71.846 Thread 0x0000024b7ffae780 flushing  nmethod 0x0000024b03855690
Event: 71.846 Thread 0x0000024b7ffae780 flushing  nmethod 0x0000024b038eda10
Event: 71.846 Thread 0x0000024b7ffae780 flushing  nmethod 0x0000024b03ac4510
Event: 71.846 Thread 0x0000024b7ffae780 flushing  nmethod 0x0000024b03b30b90
Event: 71.846 Thread 0x0000024b7ffae780 flushing  nmethod 0x0000024b03db1610
Event: 71.846 Thread 0x0000024b7ffae780 flushing  nmethod 0x0000024b03db1a90
Event: 71.846 Thread 0x0000024b7ffae780 flushing  nmethod 0x0000024b03db8590
Event: 71.846 Thread 0x0000024b7ffae780 flushing  nmethod 0x0000024b03e2b890
Event: 71.846 Thread 0x0000024b7ffae780 flushing  nmethod 0x0000024b04256390
Event: 71.846 Thread 0x0000024b7ffae780 flushing  nmethod 0x0000024b04bc1590
Event: 71.846 Thread 0x0000024b7ffae780 flushing  nmethod 0x0000024b04bc2010
Event: 71.846 Thread 0x0000024b7ffae780 flushing  nmethod 0x0000024b04bc3890
Event: 71.846 Thread 0x0000024b7ffae780 flushing osr nmethod 0x0000024b04ea5b10
Event: 71.846 Thread 0x0000024b7ffae780 flushing  nmethod 0x0000024b04eacd90

Events (20 events):
Event: 75.346 Thread 0x0000024b226f6700 Thread added: 0x0000024b1f1ea4b0
Event: 75.364 Thread 0x0000024b1dd53fd0 Thread added: 0x0000024b20fea260
Event: 75.736 Thread 0x0000024b1f1ea4b0 Thread exited: 0x0000024b1f1ea4b0
Event: 76.075 Thread 0x0000024b226f8240 Thread exited: 0x0000024b226f8240
Event: 76.299 Thread 0x0000024b226fab20 Thread exited: 0x0000024b226fab20
Event: 77.131 Thread 0x0000024b226f6dd0 Thread added: 0x0000024b1f1ea4b0
Event: 77.303 Thread 0x0000024b162049c0 Thread added: 0x0000024b1f1eb250
Event: 77.303 Thread 0x0000024b162049c0 Thread added: 0x0000024b1f1e9040
Event: 77.714 Thread 0x0000024b1dd54cf0 Thread added: 0x0000024b20fe7470
Event: 77.717 Thread 0x0000024b1dd54cf0 Thread added: 0x0000024b20feaf80
Event: 77.721 Thread 0x0000024b1dd54cf0 Thread added: 0x0000024b20fe7b00
Event: 77.725 Thread 0x0000024b1dd54cf0 Thread added: 0x0000024b20fee400
Event: 77.730 Thread 0x0000024b1dd54cf0 Thread added: 0x0000024b20fed050
Event: 77.735 Thread 0x0000024b1dd54cf0 Thread added: 0x0000024b20ff25a0
Event: 77.739 Thread 0x0000024b1dd54cf0 Thread added: 0x0000024b20ff11f0
Event: 77.743 Thread 0x0000024b1dd54cf0 Thread added: 0x0000024b20ff1880
Event: 77.809 Thread 0x0000024b1dd54cf0 Thread added: 0x0000024b20ff0b60
Event: 77.816 Thread 0x0000024b1dd54cf0 Thread added: 0x0000024b20ff4670
Event: 77.824 Thread 0x0000024b1dd54cf0 Thread added: 0x0000024b20ff2c30
Event: 77.829 Thread 0x0000024b1dd54cf0 Thread added: 0x0000024b20ff5390


Dynamic libraries:
0x00007ff6f1520000 - 0x00007ff6f152a000 	C:\Program Files\Android\Android Studio\jbr\bin\java.exe
0x00007ffc9fc00000 - 0x00007ffc9fe67000 	C:\WINDOWS\SYSTEM32\ntdll.dll
0x00007ffc9eb70000 - 0x00007ffc9ec39000 	C:\WINDOWS\System32\KERNEL32.DLL
0x00007ffc9cc80000 - 0x00007ffc9d077000 	C:\WINDOWS\System32\KERNELBASE.dll
0x00007ffc9cb30000 - 0x00007ffc9cc7b000 	C:\WINDOWS\System32\ucrtbase.dll
0x00007ffc9bd70000 - 0x00007ffc9bd8b000 	C:\Program Files\Android\Android Studio\jbr\bin\VCRUNTIME140.dll
0x00007ffc51cf0000 - 0x00007ffc51d08000 	C:\Program Files\Android\Android Studio\jbr\bin\jli.dll
0x00007ffc9e460000 - 0x00007ffc9e626000 	C:\WINDOWS\System32\USER32.dll
0x00007ffc9ba30000 - 0x00007ffc9bcc2000 	C:\WINDOWS\WinSxS\amd64_microsoft.windows.common-controls_6595b64144ccf1df_6.0.26100.8457_none_3e0b2faee331e92d\COMCTL32.dll
0x00007ffc9c860000 - 0x00007ffc9c887000 	C:\WINDOWS\System32\win32u.dll
0x00007ffc9f790000 - 0x00007ffc9f839000 	C:\WINDOWS\System32\msvcrt.dll
0x00007ffc9e840000 - 0x00007ffc9e86b000 	C:\WINDOWS\System32\GDI32.dll
0x00007ffc9c950000 - 0x00007ffc9ca7c000 	C:\WINDOWS\System32\gdi32full.dll
0x00007ffc9c7b0000 - 0x00007ffc9c853000 	C:\WINDOWS\System32\msvcp_win.dll
0x00007ffc9f950000 - 0x00007ffc9f982000 	C:\WINDOWS\System32\IMM32.DLL
0x00007ffc9bd50000 - 0x00007ffc9bd5c000 	C:\Program Files\Android\Android Studio\jbr\bin\vcruntime140_1.dll
0x00007ffbef530000 - 0x00007ffbef5bd000 	C:\Program Files\Android\Android Studio\jbr\bin\msvcp140.dll
0x00007ffc00930000 - 0x00007ffc015ba000 	C:\Program Files\Android\Android Studio\jbr\bin\server\jvm.dll
0x00007ffc9f5f0000 - 0x00007ffc9f6a6000 	C:\WINDOWS\System32\ADVAPI32.dll
0x00007ffc9f8a0000 - 0x00007ffc9f947000 	C:\WINDOWS\System32\sechost.dll
0x00007ffc9faa0000 - 0x00007ffc9fbb8000 	C:\WINDOWS\System32\RPCRT4.dll
0x00007ffc9e3c0000 - 0x00007ffc9e440000 	C:\WINDOWS\System32\WS2_32.dll
0x00007ffc9c490000 - 0x00007ffc9c4ee000 	C:\WINDOWS\SYSTEM32\POWRPROF.dll
0x00007ffc93370000 - 0x00007ffc933a6000 	C:\WINDOWS\SYSTEM32\WINMM.dll
0x00007ffc933b0000 - 0x00007ffc933bb000 	C:\WINDOWS\SYSTEM32\VERSION.dll
0x00007ffc9c470000 - 0x00007ffc9c484000 	C:\WINDOWS\SYSTEM32\UMPDC.dll
0x00007ffc9aa50000 - 0x00007ffc9aa6b000 	C:\WINDOWS\SYSTEM32\kernel.appcore.dll
0x00007ffc988a0000 - 0x00007ffc988aa000 	C:\Program Files\Android\Android Studio\jbr\bin\jimage.dll
0x00007ffc9bde0000 - 0x00007ffc9c022000 	C:\WINDOWS\SYSTEM32\DBGHELP.DLL
0x00007ffc9d980000 - 0x00007ffc9dd03000 	C:\WINDOWS\System32\combase.dll
0x00007ffc9ea90000 - 0x00007ffc9eb69000 	C:\WINDOWS\System32\OLEAUT32.dll
0x00007ffc9bcd0000 - 0x00007ffc9bd0b000 	C:\WINDOWS\SYSTEM32\dbgcore.DLL
0x00007ffc9ca80000 - 0x00007ffc9cb28000 	C:\WINDOWS\System32\bcryptPrimitives.dll
0x00007ffc8c2b0000 - 0x00007ffc8c2be000 	C:\Program Files\Android\Android Studio\jbr\bin\instrument.dll
0x00007ffc7a260000 - 0x00007ffc7a280000 	C:\Program Files\Android\Android Studio\jbr\bin\java.dll
0x00007ffc798b0000 - 0x00007ffc798c8000 	C:\Program Files\Android\Android Studio\jbr\bin\zip.dll
0x00007ffc9ee70000 - 0x00007ffc9f5de000 	C:\WINDOWS\System32\SHELL32.dll
0x00007ffc9d080000 - 0x00007ffc9d8ec000 	C:\WINDOWS\System32\windows.storage.dll
0x00007ffc9ec60000 - 0x00007ffc9ed56000 	C:\WINDOWS\System32\SHCORE.dll
0x00007ffc9f710000 - 0x00007ffc9f776000 	C:\WINDOWS\System32\shlwapi.dll
0x00007ffc9c550000 - 0x00007ffc9c579000 	C:\WINDOWS\SYSTEM32\profapi.dll
0x00007ffc98890000 - 0x00007ffc988a0000 	C:\Program Files\Android\Android Studio\jbr\bin\net.dll
0x00007ffc94e60000 - 0x00007ffc94f89000 	C:\WINDOWS\SYSTEM32\WINHTTP.dll
0x00007ffc9af60000 - 0x00007ffc9afcc000 	C:\WINDOWS\system32\mswsock.dll
0x00007ffc76900000 - 0x00007ffc76916000 	C:\Program Files\Android\Android Studio\jbr\bin\nio.dll
0x00007ffc77370000 - 0x00007ffc77380000 	C:\Program Files\Android\Android Studio\jbr\bin\verify.dll
0x00007ffbf1c40000 - 0x00007ffbf1c67000 	C:\Users\SavvinPC\.gradle\native\c067742578af261105cb4f569cf0c3c89f3d7b1fecec35dd04571415982c5e48\windows-amd64\native-platform.dll
0x00007ffbec730000 - 0x00007ffbec874000 	C:\Users\SavvinPC\.gradle\native\100fb08df4bc3b14c8652ba06237920a3bd2aa13389f12d3474272988ae205f9\windows-amd64\native-platform-file-events.dll
0x00007ffc734b0000 - 0x00007ffc734b9000 	C:\Program Files\Android\Android Studio\jbr\bin\management.dll
0x00007ffc72e10000 - 0x00007ffc72e1b000 	C:\Program Files\Android\Android Studio\jbr\bin\management_ext.dll
0x00007ffc9e450000 - 0x00007ffc9e458000 	C:\WINDOWS\System32\PSAPI.DLL
0x00007ffc9c150000 - 0x00007ffc9c16b000 	C:\WINDOWS\SYSTEM32\CRYPTSP.dll
0x00007ffc9b420000 - 0x00007ffc9b459000 	C:\WINDOWS\system32\rsaenh.dll
0x00007ffc9afd0000 - 0x00007ffc9b003000 	C:\WINDOWS\SYSTEM32\USERENV.dll
0x00007ffc9c520000 - 0x00007ffc9c54a000 	C:\WINDOWS\SYSTEM32\bcrypt.dll
0x00007ffc9b630000 - 0x00007ffc9b63c000 	C:\WINDOWS\SYSTEM32\CRYPTBASE.dll
0x00007ffc9a4d0000 - 0x00007ffc9a502000 	C:\WINDOWS\SYSTEM32\IPHLPAPI.DLL
0x00007ffc9f780000 - 0x00007ffc9f78a000 	C:\WINDOWS\System32\NSI.dll
0x00007ffc734f0000 - 0x00007ffc734f9000 	C:\Program Files\Android\Android Studio\jbr\bin\extnet.dll
0x00007ffc78f50000 - 0x00007ffc78f58000 	C:\WINDOWS\system32\wshunix.dll
0x00007ffc785c0000 - 0x00007ffc785d8000 	C:\WINDOWS\system32\napinsp.dll
0x00007ffc9a570000 - 0x00007ffc9a6a2000 	C:\WINDOWS\SYSTEM32\DNSAPI.dll
0x00007ffc78440000 - 0x00007ffc78453000 	C:\WINDOWS\System32\winrnr.dll
0x00007ffc78410000 - 0x00007ffc78432000 	C:\WINDOWS\system32\nlansp_c.dll
0x00007ffc93580000 - 0x00007ffc93596000 	C:\WINDOWS\system32\wshbth.dll
0x00007ffc93360000 - 0x00007ffc9336b000 	C:\Windows\System32\rasadhlp.dll
0x00007ffc95330000 - 0x00007ffc953b6000 	C:\WINDOWS\System32\fwpuclnt.dll
0x00007ffbef110000 - 0x00007ffbef12e000 	C:\Users\SavvinPC\AppData\Local\Temp\native-platform7037457364188788658dir\native-platform.dll
0x00007ffbfcb60000 - 0x00007ffbfcb67000 	C:\Program Files\Android\Android Studio\jbr\bin\rmi.dll
0x00007ffc9bda0000 - 0x00007ffc9bdd6000 	C:\WINDOWS\SYSTEM32\ntmarta.dll

dbghelp: loaded successfully - version: 4.0.5 - missing functions: none
symbol engine: initialized successfully - sym options: 0x614 - pdb path: .;C:\Program Files\Android\Android Studio\jbr\bin;C:\WINDOWS\SYSTEM32;C:\WINDOWS\WinSxS\amd64_microsoft.windows.common-controls_6595b64144ccf1df_6.0.26100.8457_none_3e0b2faee331e92d;C:\Program Files\Android\Android Studio\jbr\bin\server;C:\Users\SavvinPC\.gradle\native\c067742578af261105cb4f569cf0c3c89f3d7b1fecec35dd04571415982c5e48\windows-amd64;C:\Users\SavvinPC\.gradle\native\100fb08df4bc3b14c8652ba06237920a3bd2aa13389f12d3474272988ae205f9\windows-amd64;C:\Users\SavvinPC\AppData\Local\Temp\native-platform7037457364188788658dir

VM Arguments:
jvm_args: --add-opens=java.base/java.lang=ALL-UNNAMED --add-opens=java.base/java.lang.invoke=ALL-UNNAMED --add-opens=java.base/java.util=ALL-UNNAMED --add-opens=java.prefs/java.util.prefs=ALL-UNNAMED --add-exports=jdk.compiler/com.sun.tools.javac.api=ALL-UNNAMED --add-exports=jdk.compiler/com.sun.tools.javac.util=ALL-UNNAMED --add-opens=java.base/java.util=ALL-UNNAMED --add-opens=java.prefs/java.util.prefs=ALL-UNNAMED --add-opens=java.base/java.nio.charset=ALL-UNNAMED --add-opens=java.base/java.net=ALL-UNNAMED --add-opens=java.base/java.util.concurrent.atomic=ALL-UNNAMED --add-opens=java.xml/javax.xml.namespace=ALL-UNNAMED -Xmx2048m -Dfile.encoding=UTF-8 -Duser.country=RU -Duser.language=ru -Duser.variant -javaagent:C:\Users\SavvinPC\.gradle\wrapper\dists\gradle-8.11.1-bin\bpt9gzteqjrbo1mjrsomdt32c\gradle-8.11.1\lib\agents\gradle-instrumentation-agent-8.11.1.jar 
java_command: org.gradle.launcher.daemon.bootstrap.GradleDaemon 8.11.1
java_class_path (initial): C:\Users\SavvinPC\.gradle\wrapper\dists\gradle-8.11.1-bin\bpt9gzteqjrbo1mjrsomdt32c\gradle-8.11.1\lib\gradle-daemon-main-8.11.1.jar
Launcher Type: SUN_STANDARD

[Global flags]
     intx CICompilerCount                          = 12                                        {product} {ergonomic}
     uint ConcGCThreads                            = 3                                         {product} {ergonomic}
     uint G1ConcRefinementThreads                  = 13                                        {product} {ergonomic}
   size_t G1HeapRegionSize                         = 1048576                                   {product} {ergonomic}
    uintx GCDrainStackTargetSize                   = 64                                        {product} {ergonomic}
   size_t InitialHeapSize                          = 257949696                                 {product} {ergonomic}
   size_t MarkStackSize                            = 4194304                                   {product} {ergonomic}
   size_t MaxHeapSize                              = 2147483648                                {product} {command line}
   size_t MaxNewSize                               = 1287651328                                {product} {ergonomic}
   size_t MinHeapDeltaBytes                        = 1048576                                   {product} {ergonomic}
   size_t MinHeapSize                              = 8388608                                   {product} {ergonomic}
    uintx NonNMethodCodeHeapSize                   = 7602480                                {pd product} {ergonomic}
    uintx NonProfiledCodeHeapSize                  = 122027880                              {pd product} {ergonomic}
    uintx ProfiledCodeHeapSize                     = 122027880                              {pd product} {ergonomic}
    uintx ReservedCodeCacheSize                    = 251658240                              {pd product} {ergonomic}
     bool SegmentedCodeCache                       = true                                      {product} {ergonomic}
   size_t SoftMaxHeapSize                          = 2147483648                             {manageable} {ergonomic}
     bool UseCompressedOops                        = true                           {product lp64_product} {ergonomic}
     bool UseG1GC                                  = true                                      {product} {ergonomic}
     bool UseLargePagesIndividualAllocation        = false                                  {pd product} {ergonomic}

Logging:
Log output configuration:
 #0: stdout all=warning uptime,level,tags foldmultilines=false
 #1: stderr all=off uptime,level,tags foldmultilines=false

Environment Variables:
JAVA_HOME=C:\Users\SavvinPC\.jdks\openjdk-21
PATH=C:\Users\SavvinPC\.jdks\openjdk-21\bin.;C:\WINDOWS\system32;C:\WINDOWS;C:\WINDOWS\System32\Wbem;C:\WINDOWS\System32\WindowsPowerShell\v1.0\;C:\WINDOWS\System32\OpenSSH\;C:\Program Files\Git\cmd;C:\Users\SavvinPC\AppData\Local\Packages\PythonSoftwareFoundation.Python.3.11_qbz5n2kfra8p0\LocalCache\local-packages\Python311\site-packages\auto_py_to_exe;C:\Program Files\WireGuard\;C:\Program Files\Docker\Docker\resources\bin;C:\Program Files\PuTTY\;C:\Program Files\nodejs\;C:\ProgramData\chocolatey\bin;C:\ProgramData\Microsoft\Windows\Start Menu\Programs\Git\Git Bash.lnk;C:\Program Files\Graphviz\bin;C:\Users\SavvinPC\Documents\МИРЭА\Конфигурационное управление\dhall-json-1.7.12-x86_64-Windows\bin;C:\Program Files\PostgreSQL\16\bin;C:\Users\SavvinPC\Documents\coding\kotlinc\bin;C:\Program Files\apache-maven-3.9.11\bin;C:\Program Files\Go\bin;C:\Program Files\PowerShell\7\;C:\Users\SavvinPC\AppData\Local\Programs\Python\Python312\Scripts\;C:\Users\SavvinPC\AppData\Local\Programs\Python\Python312\;C:\Users\SavvinPC\AppData\Local\Programs\Python\Launcher\;C:\Users\SavvinPC\AppData\Local\Packages\PythonSoftwareFoundation.Python.3.11_qbz5n2kfra8p0\LocalCache\local-packages\Python311\site-packages\auto_py_to_exe;C:\Users\SavvinPC\AppData\Local\Programs\Microsoft VS Code\bin;C:\Users\SavvinPC\AppData\Roaming\npm;C:\Users\SavvinPC\.jdks\corretto-17.0.12;;C:\Program Files\JetBrains\PyCharm 2022.3.3\bin;;C:\Program Files\JetBrains\PyCharm Community Edition 2023.3.5\bin;;C:\Users\SavvinPC\AppData\Local\Microsoft\WindowsApps;C:\Users\SavvinPC\AppData\Local\Microsoft\WinGet\Packages\cURL.cURL_Microsoft.Winget.Source_8wekyb3d8bbwe\curl-8.16.0_5-win64-mingw/bin;C:\Users\SavvinPC\go\bin
USERNAME=SavvinPC
OS=Windows_NT
PROCESSOR_IDENTIFIER=AMD64 Family 23 Model 104 Stepping 1, AuthenticAMD
TMP=C:\Users\SavvinPC\AppData\Local\Temp
TEMP=C:\Users\SavvinPC\AppData\Local\Temp




Periodic native trim disabled

JNI global refs:
JNI global refs: 36, weak refs: 0

JNI global refs memory usage: 835, weak refs: 833

Process memory usage:
Resident Set Size: 770376K (4% of 16083516K total physical memory with 835576K free physical memory)

OOME stack traces (most recent first):
Classloader memory used:
Loader org.gradle.internal.classloader.VisitableURLClassLoader                         : 45701K
Loader org.gradle.internal.classloader.VisitableURLClassLoader$InstrumentingVisitableURLClassLoader: 35044K
Loader bootstrap                                                                       : 30971K
Loader java.net.URLClassLoader                                                         : 18342K
Loader org.gradle.initialization.MixInLegacyTypesClassLoader                           : 12841K
Loader jdk.internal.loader.ClassLoaders$AppClassLoader                                 : 9447K
Loader jdk.internal.loader.ClassLoaders$PlatformClassLoader                            : 927K
Loader jdk.internal.reflect.DelegatingClassLoader                                      : 705K
Loader jdk.internal.jrtfs.JrtFileSystemProvider$JrtFsLoader                            : 300K
Loader org.gradle.internal.classloader.VisitableURLClassLoader                         : 288K

Classes loaded by more than one classloader:
Class Program                                                                         : loaded 5 times (x 68B)
Class com.google.common.base.Equivalence$Identity                                     : loaded 3 times (x 78B)
Class com.google.common.base.PairwiseEquivalence                                      : loaded 3 times (x 79B)
Class kotlin.NotImplementedError                                                      : loaded 3 times (x 78B)
Class kotlin.text.StringsKt__StringsKt                                                : loaded 3 times (x 67B)
Class kotlin.ranges.IntProgression                                                    : loaded 3 times (x 77B)
Class kotlin.jvm.KotlinReflectionNotSupportedError                                    : loaded 3 times (x 78B)
Class com.google.common.collect.Iterables                                             : loaded 3 times (x 67B)
Class kotlin.sequences.SequencesKt__SequenceBuilderKt                                 : loaded 3 times (x 67B)
Class com.google.common.collect.SortedSetMultimap                                     : loaded 3 times (x 66B)
Class com.google.common.base.CharMatcher$IsEither                                     : loaded 3 times (x 107B)
Class com.google.common.base.Splitter$Strategy                                        : loaded 3 times (x 66B)
Class com.google.common.collect.RegularImmutableSet                                   : loaded 3 times (x 145B)
Class com.google.common.collect.Iterators$MergingIterator                             : loaded 3 times (x 77B)
Class kotlin.collections.CollectionsKt__ReversedViewsKt                               : loaded 3 times (x 67B)
Class kotlin.collections.CollectionsKt                                                : loaded 3 times (x 67B)
Class com.google.common.cache.AbstractCache$StatsCounter                              : loaded 3 times (x 66B)
Class com.google.common.collect.ImmutableList$SubList                                 : loaded 3 times (x 205B)
Class com.google.common.collect.ForwardingObject                                      : loaded 3 times (x 68B)
Class com.google.common.util.concurrent.ExecutionError                                : loaded 3 times (x 78B)
Class com.google.common.collect.AbstractMapBasedMultimap$WrappedCollection            : loaded 3 times (x 120B)
Class com.google.common.collect.ImmutableEnumSet                                      : loaded 3 times (x 142B)
Class com.google.common.cache.CacheLoader$1                                           : loaded 3 times (x 71B)
Class com.google.common.collect.ImmutableSet$SetBuilderImpl                           : loaded 3 times (x 72B)
Class com.google.common.cache.LocalCache$EntryFactory$8                               : loaded 3 times (x 79B)
Class com.google.common.collect.ImmutableList$1                                       : loaded 3 times (x 93B)
Class com.google.common.collect.ImmutableList                                         : loaded 3 times (x 202B)
Class com.google.common.collect.ImmutableSet$EmptySetBuilderImpl                      : loaded 3 times (x 72B)
Class com.google.common.collect.Maps$KeySet                                           : loaded 3 times (x 133B)
Class com.google.common.cache.LocalCache$EntryFactory$7                               : loaded 3 times (x 79B)
Class Build_gradle                                                                    : loaded 3 times (x 126B)
Class com.google.common.collect.RegularImmutableMap                                   : loaded 3 times (x 117B)
Class com.google.common.collect.ImmutableMap$MapViewOfValuesAsSingletonSets           : loaded 3 times (x 122B)
Class kotlin.jvm.internal.markers.KMappedMarker                                       : loaded 3 times (x 66B)
Class com.google.common.cache.LocalCache$EntryFactory$6                               : loaded 3 times (x 79B)
Class kotlin.ranges.IntProgression$Companion                                          : loaded 3 times (x 67B)
Class com.google.common.cache.LocalCache$EntryFactory$5                               : loaded 3 times (x 79B)
Class com.google.common.collect.ImmutableSet$Builder                                  : loaded 3 times (x 81B)
Class com.google.common.collect.SetMultimap                                           : loaded 3 times (x 66B)
Class com.google.common.collect.UnmodifiableListIterator                              : loaded 3 times (x 91B)
Class com.google.common.base.CharMatcher$InRange                                      : loaded 3 times (x 107B)
Class com.google.common.cache.LocalCache$EntryFactory$4                               : loaded 3 times (x 79B)
Class kotlin.NoWhenBranchMatchedException                                             : loaded 3 times (x 78B)
Class [Lcom.google.common.cache.CacheBuilder$OneWeigher;                              : loaded 3 times (x 65B)
Class kotlin.Lazy                                                                     : loaded 3 times (x 66B)
Class com.google.common.collect.Maps$BiMapConverter                                   : loaded 3 times (x 86B)
Class com.google.common.base.Suppliers                                                : loaded 3 times (x 67B)
Class com.google.common.collect.ImmutableMapEntrySet$RegularEntrySet                  : loaded 3 times (x 148B)
Class com.google.common.collect.Multimaps                                             : loaded 3 times (x 67B)
Class com.google.common.base.Ticker$1                                                 : loaded 3 times (x 68B)
Class com.google.common.cache.LocalCache$EntryFactory$3                               : loaded 3 times (x 79B)
Class com.google.common.base.CharMatcher$None                                         : loaded 3 times (x 108B)
Class kotlin.sequences.SequencesKt___SequencesKt                                      : loaded 3 times (x 67B)
Class kotlin.text.StringsKt__StringBuilderKt                                          : loaded 3 times (x 67B)
Class kotlin.jvm.internal.CallableReference$NoReceiver                                : loaded 3 times (x 67B)
Class kotlin.collections.AbstractList$Companion                                       : loaded 3 times (x 67B)
Class com.google.common.cache.LocalCache$EntryFactory$2                               : loaded 3 times (x 79B)
Class kotlin.collections.ArraysKt__ArraysJVMKt                                        : loaded 3 times (x 67B)
Class com.google.common.base.Joiner$2                                                 : loaded 3 times (x 75B)
Class [Lcom.google.common.collect.ImmutableMapEntry;                                  : loaded 3 times (x 65B)
Class com.google.common.base.CharMatcher$NamedFastMatcher                             : loaded 3 times (x 108B)
Class com.google.common.base.CharMatcher$1                                            : loaded 3 times (x 109B)
Class [Lcom.google.common.cache.RemovalListener;                                      : loaded 3 times (x 65B)
Class com.google.common.cache.LocalCache$EntryFactory$1                               : loaded 3 times (x 79B)
Class kotlin.LazyKt                                                                   : loaded 3 times (x 67B)
Class com.google.common.collect.PeekingIterator                                       : loaded 3 times (x 66B)
Class com.google.common.collect.ListMultimap                                          : loaded 3 times (x 66B)
Class kotlin.collections.SetsKt__SetsKt                                               : loaded 3 times (x 67B)
Class com.google.common.collect.ImmutableEnumMap                                      : loaded 3 times (x 122B)
Class com.google.common.base.Joiner$1                                                 : loaded 3 times (x 76B)
Class kotlin.text.StringsKt__AppendableKt                                             : loaded 3 times (x 67B)
Class com.google.common.base.CharMatcher                                              : loaded 3 times (x 107B)
Class com.google.common.base.Splitter                                                 : loaded 3 times (x 68B)
Class kotlin.collections.ArraysKt                                                     : loaded 3 times (x 67B)
Class kotlin.text.CharsKt__CharKt                                                     : loaded 3 times (x 67B)
Class com.google.common.collect.Sets$1                                                : loaded 3 times (x 135B)
Class com.google.common.base.Preconditions                                            : loaded 3 times (x 67B)
Class com.google.common.collect.Hashing                                               : loaded 3 times (x 67B)
Class com.google.common.base.Equivalence$Equals                                       : loaded 3 times (x 78B)
Class kotlin.ranges.RangesKt___RangesKt                                               : loaded 3 times (x 67B)
Class com.google.common.collect.RegularImmutableBiMap                                 : loaded 3 times (x 145B)
Class com.google.common.base.CharMatcher$Is                                           : loaded 3 times (x 107B)
Class com.google.common.base.CharMatcher$Negated                                      : loaded 3 times (x 109B)
Class com.google.common.cache.LocalCache$ValueReference                               : loaded 3 times (x 66B)
Class kotlin.KotlinNullPointerException                                               : loaded 3 times (x 79B)
Class kotlin.ranges.OpenEndRange                                                      : loaded 3 times (x 66B)
Class kotlin.collections.CollectionsKt__IterablesKt                                   : loaded 3 times (x 67B)
Class kotlin.collections.MapsKt                                                       : loaded 3 times (x 67B)
Class com.google.common.base.Suppliers$NonSerializableMemoizingSupplier               : loaded 3 times (x 75B)
Class com.google.common.collect.Sets$2                                                : loaded 3 times (x 135B)
Class kotlin.sequences.Sequence                                                       : loaded 3 times (x 66B)
Class kotlin.text.StringsKt__StringNumberConversionsJVMKt                             : loaded 3 times (x 67B)
Class com.google.common.collect.RegularImmutableMap$BucketOverflowException           : loaded 3 times (x 78B)
Class [Lcom.google.common.cache.Weigher;                                              : loaded 3 times (x 65B)
Class kotlin.jvm.internal.Intrinsics                                                  : loaded 3 times (x 67B)
Class com.google.common.cache.LocalCache$LocalLoadingCache                            : loaded 3 times (x 130B)
Class kotlin.ranges.IntRange$Companion                                                : loaded 3 times (x 67B)
Class kotlin.collections.EmptyMap                                                     : loaded 3 times (x 105B)
Class com.google.common.collect.Sets$3                                                : loaded 3 times (x 135B)
Class kotlin.reflect.KAnnotatedElement                                                : loaded 3 times (x 66B)
Class com.google.common.cache.LoadingCache                                            : loaded 3 times (x 66B)
Class com.google.common.collect.ImmutableSet$RegularSetBuilderImpl                    : loaded 3 times (x 73B)
Class com.google.common.cache.CacheLoader$InvalidCacheLoadException                   : loaded 3 times (x 78B)
Class com.google.common.cache.LocalCache$Strength$1                                   : loaded 3 times (x 77B)
Class kotlin.collections.CollectionsKt__MutableCollectionsJVMKt                       : loaded 3 times (x 67B)
Class kotlin.text.StringsKt___StringsKt                                               : loaded 3 times (x 67B)
Class kotlin.enums.EnumEntriesKt                                                      : loaded 3 times (x 67B)
Class com.google.common.collect.Sets$4                                                : loaded 3 times (x 135B)
Class com.google.common.base.Splitter$1$1                                             : loaded 3 times (x 82B)
Class kotlin.collections.MapsKt__MapWithDefaultKt                                     : loaded 3 times (x 67B)
Class com.google.common.cache.LocalCache$EntryFactory                                 : loaded 3 times (x 79B)
Class com.google.common.cache.LocalCache$Strength$2                                   : loaded 3 times (x 77B)
Class kotlin.collections.MapsKt___MapsKt                                              : loaded 3 times (x 67B)
Class kotlin.collections.ArraysKt___ArraysKt                                          : loaded 3 times (x 67B)
Class com.google.common.collect.SortedMapDifference                                   : loaded 3 times (x 66B)
Class kotlin.text.StringsKt___StringsJvmKt                                            : loaded 3 times (x 67B)
Class kotlin.collections.MapWithDefault                                               : loaded 3 times (x 66B)
Class com.google.common.base.Suppliers$MemoizingSupplier                              : loaded 3 times (x 75B)
Class kotlin.reflect.KDeclarationContainer                                            : loaded 3 times (x 66B)
Class com.google.common.base.Splitter$1                                               : loaded 3 times (x 73B)
Class com.google.common.cache.LocalCache$Strength$3                                   : loaded 3 times (x 77B)
Class com.google.common.collect.CollectPreconditions                                  : loaded 3 times (x 67B)
Class kotlin.annotation.Retention                                                     : loaded 3 times (x 66B)
Class kotlin.collections.CollectionsKt___CollectionsKt                                : loaded 3 times (x 67B)
Class kotlin.collections.EmptySet                                                     : loaded 3 times (x 118B)
Class com.google.common.collect.ImmutableEntry                                        : loaded 3 times (x 78B)
Class com.google.common.collect.MapDifference                                         : loaded 3 times (x 66B)
Class kotlin.annotation.Target                                                        : loaded 3 times (x 66B)
Class kotlin.text.StringsKt__RegexExtensionsJVMKt                                     : loaded 3 times (x 67B)
Class kotlin.collections.ArraysKt___ArraysJvmKt                                       : loaded 3 times (x 67B)
Class kotlin.collections.CollectionsKt__CollectionsKt                                 : loaded 3 times (x 67B)
Class [Lcom.google.common.collect.AbstractMapEntry;                                   : loaded 3 times (x 65B)
Class com.google.common.collect.ArrayListMultimap                                     : loaded 3 times (x 168B)
Class com.google.common.cache.CacheBuilder$NullListener                               : loaded 3 times (x 78B)
Class kotlin.collections.MapsKt___MapsJvmKt                                           : loaded 3 times (x 67B)
Class com.google.common.base.CharMatcher$NegatedFastMatcher                           : loaded 3 times (x 109B)
Class com.google.common.cache.CacheBuilder$2                                          : loaded 3 times (x 75B)
Class com.google.common.cache.LocalCache                                              : loaded 3 times (x 183B)
Class com.google.common.base.Predicate                                                : loaded 3 times (x 66B)
Class kotlin.jvm.functions.Function2                                                  : loaded 3 times (x 66B)
Class com.google.common.cache.CacheLoader$FunctionToCacheLoader                       : loaded 3 times (x 71B)
Class com.google.common.collect.ImmutableMap                                          : loaded 3 times (x 116B)
Class com.google.common.cache.CacheBuilder$1                                          : loaded 3 times (x 81B)
Class [Lcom.google.common.cache.LocalCache$Strength;                                  : loaded 3 times (x 65B)
Class [Lcom.google.common.cache.LocalCache$Segment;                                   : loaded 3 times (x 65B)
Class kotlin.jvm.functions.Function1                                                  : loaded 3 times (x 66B)
Class kotlin.enums.EnumEntriesList                                                    : loaded 3 times (x 219B)
Class kotlin.jvm.internal.FunctionReference                                           : loaded 3 times (x 118B)
Class com.google.common.collect.Iterators$ArrayItr                                    : loaded 3 times (x 93B)
Class com.google.common.collect.ImmutableCollection$Builder                           : loaded 3 times (x 72B)
Class kotlin.jvm.internal.FunctionBase                                                : loaded 3 times (x 66B)
Class com.google.common.collect.Sets                                                  : loaded 3 times (x 67B)
Class com.google.common.base.CharMatcher$FastMatcher                                  : loaded 3 times (x 107B)
Class com.google.common.base.Ticker                                                   : loaded 3 times (x 68B)
Class kotlin.jvm.functions.Function0                                                  : loaded 3 times (x 66B)
Class kotlin.collections.ArraysUtilJVM                                                : loaded 3 times (x 67B)
Class kotlin.ranges.RangesKt                                                          : loaded 3 times (x 67B)
Class com.google.common.base.Supplier                                                 : loaded 3 times (x 66B)
Class com.google.common.base.MoreObjects                                              : loaded 3 times (x 67B)
Class kotlin.TuplesKt                                                                 : loaded 3 times (x 67B)
Class kotlin.Unit                                                                     : loaded 3 times (x 67B)
Class com.google.common.base.Joiner                                                   : loaded 3 times (x 75B)
Class kotlin.collections.CollectionsKt__IteratorsJVMKt                                : loaded 3 times (x 67B)
Class com.google.common.base.CharMatcher$Or                                           : loaded 3 times (x 108B)
Class kotlin.sequences.SequencesKt___SequencesJvmKt                                   : loaded 3 times (x 67B)
Class com.google.common.collect.Platform                                              : loaded 3 times (x 67B)
Class com.google.common.collect.UnmodifiableIterator                                  : loaded 3 times (x 76B)
Class kotlin.collections.CollectionsKt___CollectionsJvmKt                             : loaded 3 times (x 67B)
Class com.google.common.cache.CacheStats                                              : loaded 3 times (x 67B)
Class com.google.common.collect.ImmutableSet                                          : loaded 3 times (x 141B)
Class com.google.common.base.CharMatcher$BitSetMatcher                                : loaded 3 times (x 108B)
Class com.google.common.cache.LocalCache$1                                            : loaded 3 times (x 85B)
Class com.google.common.collect.RegularImmutableMap$Values                            : loaded 3 times (x 203B)
Class com.google.common.collect.SingletonImmutableBiMap                               : loaded 3 times (x 139B)
Class com.google.common.collect.AbstractMapEntry                                      : loaded 3 times (x 77B)
Class kotlin.text.CharsKt__CharJVMKt                                                  : loaded 3 times (x 67B)
Class com.google.common.base.AbstractIterator                                         : loaded 3 times (x 76B)
Class kotlin.Pair                                                                     : loaded 3 times (x 68B)
Class com.google.common.base.Ascii                                                    : loaded 3 times (x 67B)
Class kotlin.ranges.RangesKt__RangesKt                                                : loaded 3 times (x 67B)
Class com.google.common.cache.LocalCache$2                                            : loaded 3 times (x 138B)
Class com.google.common.collect.AbstractSetMultimap                                   : loaded 3 times (x 170B)
Class com.google.common.collect.ImmutableList$Builder                                 : loaded 3 times (x 73B)
Class com.google.common.collect.Sets$ImprovedAbstractSet                              : loaded 3 times (x 131B)
Class com.google.common.collect.AbstractMultimap                                      : loaded 3 times (x 119B)
Class kotlin.io.CloseableKt                                                           : loaded 3 times (x 67B)
Class com.google.common.math.IntMath$1                                                : loaded 3 times (x 67B)
Class kotlin.collections.SetsKt___SetsKt                                              : loaded 3 times (x 67B)
Class kotlin.collections.CollectionsKt__MutableCollectionsKt                          : loaded 3 times (x 67B)
Class kotlin.sequences.SequencesKt__SequencesKt                                       : loaded 3 times (x 67B)
Class [Lcom.google.common.cache.CacheBuilder$NullListener;                            : loaded 3 times (x 65B)
Class kotlin.reflect.KCallable                                                        : loaded 3 times (x 66B)
Class com.google.common.collect.RegularImmutableAsList                                : loaded 3 times (x 213B)
Class kotlin.UNINITIALIZED_VALUE                                                      : loaded 3 times (x 67B)
Class kotlin.LazyKt__LazyKt                                                           : loaded 3 times (x 67B)
Class kotlin.text.StringsKt__StringBuilderJVMKt                                       : loaded 3 times (x 67B)
Class com.google.common.collect.Sets$SetView                                          : loaded 3 times (x 134B)
Class kotlin.collections.AbstractCollection                                           : loaded 3 times (x 113B)
Class com.google.common.collect.Iterators                                             : loaded 3 times (x 67B)
Class kotlin.text.CharsKt                                                             : loaded 3 times (x 67B)
Class kotlin.collections.AbstractList                                                 : loaded 3 times (x 193B)
Class com.google.common.collect.Maps$8                                                : loaded 3 times (x 78B)
Class kotlin.sequences.SequencesKt__SequencesJVMKt                                    : loaded 3 times (x 67B)
Class Build_gradle$1                                                                  : loaded 3 times (x 71B)
Class kotlin.SynchronizedLazyImpl                                                     : loaded 3 times (x 72B)
Class kotlin.text.StringsKt__RegexExtensionsKt                                        : loaded 3 times (x 67B)
Class com.google.common.util.concurrent.UncheckedExecutionException                   : loaded 3 times (x 78B)
Class com.google.common.collect.Lists$StringAsImmutableList                           : loaded 3 times (x 203B)
Class kotlin.collections.EmptyIterator                                                : loaded 3 times (x 85B)
Class com.google.common.cache.LocalCache$LoadingValueReference                        : loaded 3 times (x 93B)
Class [Lcom.google.common.collect.ImmutableEntry;                                     : loaded 3 times (x 65B)
Class com.google.common.collect.Maps                                                  : loaded 3 times (x 67B)
Class com.google.common.collect.AbstractMapBasedMultimap$WrappedSet                   : loaded 3 times (x 138B)
Class com.google.common.collect.RegularImmutableList                                  : loaded 3 times (x 209B)
Class com.google.common.cache.CacheBuilder$OneWeigher                                 : loaded 3 times (x 78B)
Class com.google.common.base.Function                                                 : loaded 3 times (x 66B)
Class com.google.common.base.Equivalence                                              : loaded 3 times (x 78B)
Class kotlin.enums.EnumEntries                                                        : loaded 3 times (x 66B)
Class com.google.common.collect.ImmutableMapEntry$NonTerminalImmutableMapEntry        : loaded 3 times (x 81B)
Class com.google.common.cache.CacheLoader$UnsupportedLoadingOperationException        : loaded 3 times (x 78B)
Class kotlin.ranges.IntRange                                                          : loaded 3 times (x 89B)
Class com.google.common.collect.ImmutableMapEntry                                     : loaded 3 times (x 81B)
Class com.google.common.collect.ImmutableBiMap$Builder                                : loaded 3 times (x 78B)
Class com.google.common.collect.AbstractMapBasedMultimap$KeySet$1                     : loaded 3 times (x 78B)
Class com.google.common.base.CharMatcher$And                                          : loaded 3 times (x 108B)
Class com.google.common.math.IntMath                                                  : loaded 3 times (x 67B)
Class kotlin.collections.EmptyList                                                    : loaded 3 times (x 170B)
Class kotlin.collections.MapsKt__MapsJVMKt                                            : loaded 3 times (x 67B)
Class kotlin.jvm.internal.CallableReference                                           : loaded 3 times (x 102B)
Class com.google.common.collect.AbstractMapBasedMultimap$KeySet                       : loaded 3 times (x 133B)
Class com.google.common.collect.RegularImmutableSortedSet                             : loaded 3 times (x 296B)
Class com.google.common.base.CharMatcher$IsNot                                        : loaded 3 times (x 107B)
Class com.google.common.base.CommonPattern                                            : loaded 3 times (x 70B)
Class com.google.common.cache.LocalCache$LocalManualCache                             : loaded 3 times (x 95B)
Class com.google.common.collect.ImmutableSortedSet                                    : loaded 3 times (x 296B)
Class [Lcom.google.common.cache.LocalCache$EntryFactory;                              : loaded 3 times (x 65B)
Class com.google.common.collect.IndexedImmutableSet                                   : loaded 3 times (x 148B)
Class kotlin.text.StringsKt__StringNumberConversionsKt                                : loaded 3 times (x 67B)
Class com.google.common.collect.BiMap                                                 : loaded 3 times (x 66B)
Class com.google.common.collect.ImmutableMap$1                                        : loaded 3 times (x 77B)
Class com.google.common.collect.Maps$EntryTransformer                                 : loaded 3 times (x 66B)
Class kotlin.LazyKt__LazyJVMKt                                                        : loaded 3 times (x 67B)
Class com.google.common.cache.CacheLoader$SupplierToCacheLoader                       : loaded 3 times (x 71B)
Class kotlin.text.StringsKt                                                           : loaded 3 times (x 67B)
Class com.google.common.collect.ImmutableAsList                                       : loaded 3 times (x 205B)
Class com.google.common.primitives.Ints                                               : loaded 3 times (x 67B)
Class com.google.common.collect.Iterators$9                                           : loaded 3 times (x 77B)
Class com.google.common.collect.AbstractIterator                                      : loaded 3 times (x 78B)
Class com.google.common.base.FunctionalEquivalence                                    : loaded 3 times (x 79B)
Class com.google.common.collect.AbstractMapBasedMultimap                              : loaded 3 times (x 135B)
Class com.google.common.collect.Multiset                                              : loaded 3 times (x 66B)
Class com.google.common.collect.ArrayListMultimapGwtSerializationDependencies         : loaded 3 times (x 168B)
Class kotlin.collections.CollectionsKt__IteratorsKt                                   : loaded 3 times (x 67B)
Class com.google.common.collect.ObjectArrays                                          : loaded 3 times (x 67B)
Class com.google.common.collect.AbstractIndexedListIterator                           : loaded 3 times (x 92B)
Class com.google.common.math.MathPreconditions                                        : loaded 3 times (x 67B)
Class kotlin.collections.ArraysKt__ArraysKt                                           : loaded 3 times (x 67B)
Class com.google.common.collect.ImmutableMapEntrySet                                  : loaded 3 times (x 148B)
Class com.google.common.collect.ImmutableSet$CachingAsList                            : loaded 3 times (x 144B)
Class com.google.common.base.Converter                                                : loaded 3 times (x 86B)
Class kotlin.collections.SetsKt__SetsJVMKt                                            : loaded 3 times (x 67B)
Class kotlin.sequences.SequencesKt                                                    : loaded 3 times (x 67B)
Class kotlin.Function                                                                 : loaded 3 times (x 66B)
Class com.google.common.collect.Lists                                                 : loaded 3 times (x 67B)
Class com.google.common.cache.Weigher                                                 : loaded 3 times (x 66B)
Class com.google.common.cache.ReferenceEntry                                          : loaded 3 times (x 66B)
Class kotlin.collections.CollectionsKt__CollectionsJVMKt                              : loaded 3 times (x 67B)
Class com.google.common.collect.ImmutableCollection                                   : loaded 3 times (x 121B)
Class kotlin.internal.ProgressionUtilKt                                               : loaded 3 times (x 67B)
Class com.google.common.base.CharMatcher$AnyOf                                        : loaded 3 times (x 108B)
Class com.google.common.base.CharMatcher$ForPredicate                                 : loaded 3 times (x 108B)
Class com.google.common.cache.LocalCache$LocalManualCache$1                           : loaded 3 times (x 71B)
Class com.google.common.cache.LocalCache$Strength                                     : loaded 3 times (x 77B)
Class com.google.common.cache.Cache                                                   : loaded 3 times (x 66B)
Class com.google.common.collect.ImmutableSet$JdkBackedSetBuilderImpl                  : loaded 3 times (x 72B)
Class com.google.common.collect.Iterators$5                                           : loaded 3 times (x 78B)
Class com.google.common.base.NullnessCasts                                            : loaded 3 times (x 67B)
Class com.google.common.base.Splitter$SplittingIterator                               : loaded 3 times (x 80B)
Class com.google.common.collect.Iterators$4                                           : loaded 3 times (x 78B)
Class com.google.common.collect.ImmutableMap$Builder                                  : loaded 3 times (x 78B)
Class com.google.common.collect.ImmutableBiMap                                        : loaded 3 times (x 139B)
Class com.google.common.cache.RemovalListener                                         : loaded 3 times (x 66B)
Class com.google.common.collect.AbstractListMultimap                                  : loaded 3 times (x 168B)
Class com.google.common.collect.SortedIterable                                        : loaded 3 times (x 66B)
Class com.google.common.collect.AbstractMapBasedMultimap$WrappedCollection$WrappedIterator: loaded 3 times (x 80B)
Class com.google.common.cache.CacheLoader                                             : loaded 3 times (x 70B)
Class com.google.common.cache.LocalCache$Segment                                      : loaded 3 times (x 150B)
Class kotlin.UninitializedPropertyAccessException                                     : loaded 3 times (x 78B)
Class com.google.common.collect.SingletonImmutableSet                                 : loaded 3 times (x 142B)
Class com.google.common.collect.ImmutableMap$IteratorBasedImmutableMap                : loaded 3 times (x 122B)
Class kotlin.Metadata                                                                 : loaded 3 times (x 66B)
Class com.google.common.cache.LocalCache$ComputingValueReference                      : loaded 3 times (x 93B)
Class com.google.common.collect.Iterators$1                                           : loaded 3 times (x 77B)
Class com.google.common.base.Suppliers$SupplierOfInstance                             : loaded 3 times (x 75B)
Class kotlin.jvm.internal.Lambda                                                      : loaded 3 times (x 71B)
Class kotlin.collections.MapsKt__MapsKt                                               : loaded 3 times (x 67B)
Class com.google.common.collect.ImmutableList$ReverseImmutableList                    : loaded 3 times (x 205B)
Class com.google.common.primitives.IntsMethodsForWeb                                  : loaded 3 times (x 67B)
Class kotlin.reflect.KFunction                                                        : loaded 3 times (x 66B)
Class com.google.common.base.JdkPattern                                               : loaded 3 times (x 71B)
Class com.google.common.collect.RegularImmutableMap$KeySet                            : loaded 3 times (x 148B)
Class kotlin.text.StringsKt__IndentKt                                                 : loaded 3 times (x 67B)
Class com.google.common.collect.SingletonImmutableList                                : loaded 3 times (x 203B)
Class com.google.common.collect.Multimap                                              : loaded 3 times (x 66B)
Class kotlin.ranges.ClosedRange                                                       : loaded 3 times (x 66B)
Class kotlin.collections.SetsKt                                                       : loaded 3 times (x 67B)
Class com.google.common.cache.CacheBuilder                                            : loaded 3 times (x 68B)
Class kotlin.text.StringsKt__StringsJVMKt                                             : loaded 3 times (x 67B)
Class com.google.common.base.ExtraObjectsMethodsForWeb                                : loaded 2 times (x 67B)
Class com.google.common.collect.NullnessCasts                                         : loaded 2 times (x 67B)
Class kotlin.collections.IntIterator                                                  : loaded 2 times (x 78B)
Class kotlin.reflect.jvm.internal.impl.resolve.jvm.JvmPrimitiveType                   : loaded 2 times (x 75B)
Class org.gradle.internal.classpath.DefaultClassPath$ImmutableUniqueList              : loaded 2 times (x 195B)
Class kotlin.text.StringsKt__StringsKt$splitToSequence$1                              : loaded 2 times (x 75B)
Class kotlin.jvm.internal.TypeIntrinsics                                              : loaded 2 times (x 67B)
Class org.gradle.api.internal.ClassPathRegistry                                       : loaded 2 times (x 66B)
Class net.rubygrapefruit.platform.NativeIntegrationLinkageException                   : loaded 2 times (x 78B)
Class kotlin.jvm.internal.Reflection                                                  : loaded 2 times (x 67B)
Class kotlin.reflect.KProperty                                                        : loaded 2 times (x 66B)
Class kotlin.jvm.JvmClassMappingKt                                                    : loaded 2 times (x 67B)
Class net.rubygrapefruit.platform.internal.jni.NativeLibraryFunctions                 : loaded 2 times (x 67B)
Class Settings_gradle$1                                                               : loaded 2 times (x 70B)
Class org.gradle.internal.classpath.ClassPath                                         : loaded 2 times (x 66B)
Class org.gradle.api.UncheckedIOException                                             : loaded 2 times (x 78B)
Class com.google.common.collect.LinkedHashMultimap$ValueSet$1                         : loaded 2 times (x 78B)
Class kotlin.reflect.jvm.internal.KPropertyImpl                                       : loaded 2 times (x 111B)
Class com.google.common.base.Equivalence$Wrapper                                      : loaded 2 times (x 68B)
Class kotlin.reflect.jvm.internal.KPackageImpl                                        : loaded 2 times (x 81B)
Class [Lkotlin.reflect.jvm.internal.impl.name.FqName;                                 : loaded 2 times (x 65B)
Class kotlin.annotation.AnnotationTarget                                              : loaded 2 times (x 75B)
Class com.google.common.collect.ImmutableMultimap$Keys                                : loaded 2 times (x 162B)
Class com.google.common.collect.Sets$1$1                                              : loaded 2 times (x 78B)
Class [Lkotlin.reflect.KDeclarationContainer;                                         : loaded 2 times (x 65B)
Class com.google.common.collect.Maps$EntryFunction$2                                  : loaded 2 times (x 87B)
Class com.google.common.collect.Maps$FilteredEntryMap$EntrySet$1                      : loaded 2 times (x 78B)
Class net.rubygrapefruit.platform.internal.Platform$Windows                           : loaded 2 times (x 75B)
Class org.objectweb.asm.SymbolTable$Entry                                             : loaded 2 times (x 70B)
Class com.google.common.util.concurrent.AbstractFuture$AtomicHelper                   : loaded 2 times (x 74B)
Class jdk.internal.jimage.ImageStringsReader                                          : loaded 2 times (x 76B)
Class org.gradle.api.internal.DefaultClassPathRegistry                                : loaded 2 times (x 72B)
Class [Lcom.google.common.base.CaseFormat;                                            : loaded 2 times (x 65B)
Class net.rubygrapefruit.platform.internal.FunctionResult                             : loaded 2 times (x 73B)
Class org.objectweb.asm.Edge                                                          : loaded 2 times (x 68B)
Class [Lkotlin.reflect.KAnnotatedElement;                                             : loaded 2 times (x 65B)
Class com.google.common.collect.Count                                                 : loaded 2 times (x 67B)
Class kotlin.reflect.jvm.internal.ReflectProperties$LazySoftVal                       : loaded 2 times (x 74B)
Class [Lkotlin.reflect.jvm.internal.impl.builtins.PrimitiveType;                      : loaded 2 times (x 65B)
Class kotlin.reflect.jvm.internal.impl.builtins.StandardNames                         : loaded 2 times (x 67B)
Class com.google.common.base.Present                                                  : loaded 2 times (x 77B)
Class jdk.internal.jimage.ImageReader                                                 : loaded 2 times (x 71B)
Class com.google.common.collect.MultimapBuilder                                       : loaded 2 times (x 69B)
Class com.google.common.collect.Maps$TransformedEntriesMap                            : loaded 2 times (x 123B)
Class com.google.common.collect.AbstractMapBasedMultiset                              : loaded 2 times (x 159B)
Class com.google.common.collect.AbstractMapBasedMultimap$AsMap$AsMapEntries           : loaded 2 times (x 134B)
Class kotlin.reflect.KProperty$Getter                                                 : loaded 2 times (x 66B)
Class jdk.internal.jimage.ImageReader$SharedImageReader                               : loaded 2 times (x 91B)
Class com.google.common.collect.LinkedHashMultimap                                    : loaded 2 times (x 171B)
Class com.google.common.collect.AbstractMapBasedMultimap$AsMap$AsMapIterator          : loaded 2 times (x 79B)
Class com.google.common.collect.Maps$EntryFunction$1                                  : loaded 2 times (x 87B)
Class com.google.common.util.concurrent.AbstractFuture$Cancellation                   : loaded 2 times (x 68B)
Class kotlin.SafePublicationLazyImpl                                                  : loaded 2 times (x 72B)
Class kotlin.reflect.jvm.internal.ReflectProperties                                   : loaded 2 times (x 67B)
Class kotlin.collections.IndexingIterator                                             : loaded 2 times (x 75B)
Class net.rubygrapefruit.platform.internal.LibraryDef                                 : loaded 2 times (x 68B)
Class [Lorg.objectweb.asm.SymbolTable$Entry;                                          : loaded 2 times (x 65B)
Class org.gradle.internal.installation.GradleInstallation$1                           : loaded 2 times (x 71B)
Class org.gradle.api.internal.classpath.ModuleRegistry                                : loaded 2 times (x 66B)
Class com.google.common.collect.AbstractMultimap$Entries                              : loaded 2 times (x 116B)
Class com.google.common.base.Stopwatch                                                : loaded 2 times (x 68B)
Class kotlin.jvm.internal.PropertyReference                                           : loaded 2 times (x 111B)
Class com.google.common.util.concurrent.internal.InternalFutureFailureAccess          : loaded 2 times (x 68B)
Class com.google.common.collect.MultimapBuilder$ArrayListSupplier                     : loaded 2 times (x 73B)
Class jdk.internal.jimage.ImageHeader                                                 : loaded 2 times (x 67B)
Class kotlin.coroutines.intrinsics.IntrinsicsKt__IntrinsicsKt                         : loaded 2 times (x 67B)
Class com.google.common.collect.ImmutableSortedAsList                                 : loaded 2 times (x 217B)
Class com.google.common.collect.ImmutableMultimap$Values                              : loaded 2 times (x 122B)
Class com.google.common.collect.Iterators$6                                           : loaded 2 times (x 77B)
Class org.gradle.api.internal.classpath.UnknownModuleException                        : loaded 2 times (x 78B)
Class kotlin.reflect.jvm.internal.KDeclarationContainerImpl                           : loaded 2 times (x 80B)
Class com.google.common.io.Closer$SuppressingSuppressor                               : loaded 2 times (x 71B)
Class com.google.common.util.concurrent.AbstractFuture$UnsafeAtomicHelper             : loaded 2 times (x 74B)
Class jdk.internal.jimage.ImageReader$Node                                            : loaded 2 times (x 80B)
Class com.google.common.collect.Multimaps$CustomListMultimap                          : loaded 2 times (x 170B)
Class kotlin.io.FileAlreadyExistsException                                            : loaded 2 times (x 78B)
Class kotlin.reflect.KMutableProperty                                                 : loaded 2 times (x 66B)
Class kotlin.reflect.jvm.internal.KClassifierImpl                                     : loaded 2 times (x 66B)
Class kotlin.io.FilesKt__UtilsKt                                                      : loaded 2 times (x 67B)
Class com.google.common.collect.Multimaps$CustomSetMultimap                           : loaded 2 times (x 174B)
Class net.rubygrapefruit.platform.internal.Platform$Window32Bit                       : loaded 2 times (x 75B)
Class org.gradle.api.internal.classpath.DefaultModuleRegistry                         : loaded 2 times (x 82B)
Class jdk.internal.jimage.BasicImageReader$1                                          : loaded 2 times (x 73B)
Class [Lcom.google.common.collect.LinkedHashMultimap$ValueSetLink;                    : loaded 2 times (x 65B)
Class org.gradle.api.internal.classpath.Module                                        : loaded 2 times (x 66B)
Class dagger.hilt.processor.internal.optionvalues.GradleProjectType                   : loaded 2 times (x 75B)
Class com.google.common.collect.LinkedHashMultimap$ValueSetLink                       : loaded 2 times (x 66B)
Class kotlin.reflect.jvm.internal.impl.name.SpecialNames                              : loaded 2 times (x 67B)
Class kotlin.collections.IndexedValue                                                 : loaded 2 times (x 68B)
Class kotlin.reflect.jvm.internal.KotlinReflectionInternalError                       : loaded 2 times (x 78B)
Class kotlin.reflect.jvm.internal.impl.builtins.jvm.JavaToKotlinClassMap              : loaded 2 times (x 67B)
Class kotlin.collections.IndexingIterable                                             : loaded 2 times (x 75B)
Class com.google.common.util.concurrent.ListenableFuture                              : loaded 2 times (x 66B)
Class com.google.common.base.CharMatcher$Any                                          : loaded 2 times (x 108B)
Class com.google.common.base.Functions$ConstantFunction                               : loaded 2 times (x 80B)
Class kotlin.Result$Failure                                                           : loaded 2 times (x 68B)
Class com.google.common.collect.FluentIterable$3                                      : loaded 2 times (x 77B)
Class com.google.common.base.Absent                                                   : loaded 2 times (x 76B)
Class com.google.common.collect.NullsFirstOrdering                                    : loaded 2 times (x 111B)
Class kotlin.ResultKt                                                                 : loaded 2 times (x 67B)
Class com.google.common.util.concurrent.AbstractFuture                                : loaded 2 times (x 102B)
Class com.google.common.collect.FluentIterable$2                                      : loaded 2 times (x 77B)
Class kotlin.coroutines.jvm.internal.RestrictedContinuationImpl                       : loaded 2 times (x 83B)
Class com.google.common.collect.ImmutableMultiset                                     : loaded 2 times (x 159B)
Class com.google.common.base.CaseFormat$StringConverter                               : loaded 2 times (x 86B)
Class org.gradle.api.internal.classpath.DefaultModuleRegistry$DefaultModule           : loaded 2 times (x 82B)
Class org.objectweb.asm.RecordComponentVisitor                                        : loaded 2 times (x 73B)
Class jdk.internal.jimage.decompressor.Decompressor                                   : loaded 2 times (x 68B)
Class jdk.internal.jimage.ImageReader$Resource                                        : loaded 2 times (x 80B)
Class kotlin.jvm.internal.markers.KMutableList                                        : loaded 2 times (x 66B)
Class com.google.common.collect.UsingToStringOrdering                                 : loaded 2 times (x 110B)
Class org.objectweb.asm.FieldVisitor                                                  : loaded 2 times (x 73B)
Class kotlin.reflect.jvm.internal.impl.builtins.StandardNames$FqNames                 : loaded 2 times (x 67B)
Class kotlin.io.FilesKt__FileReadWriteKt                                              : loaded 2 times (x 67B)
Class [Lkotlin.Pair;                                                                  : loaded 2 times (x 65B)
Class org.gradle.internal.service.ServiceLookupException                              : loaded 2 times (x 78B)
Class jdk.internal.jrtfs.JrtFileAttributes                                            : loaded 2 times (x 79B)
Class com.google.common.collect.AbstractMapBasedMultimap$Itr                          : loaded 2 times (x 79B)
Class kotlin.collections.builders.ListBuilderKt                                       : loaded 2 times (x 67B)
Class kotlin.jvm.internal.MutablePropertyReference1Impl                               : loaded 2 times (x 133B)
Class com.google.common.collect.Lists$ReverseList                                     : loaded 2 times (x 196B)
Class com.google.common.base.CharMatcher$JavaLetter                                   : loaded 2 times (x 107B)
Class org.gradle.internal.classloader.ClassLoaderFactory                              : loaded 2 times (x 66B)
Class com.google.common.collect.FluentIterable$1                                      : loaded 2 times (x 77B)
Class com.google.common.base.Objects                                                  : loaded 2 times (x 67B)
Class jdk.internal.jimage.ImageBufferCache$2                                          : loaded 2 times (x 87B)
Class kotlin.reflect.jvm.internal.impl.builtins.PrimitiveType                         : loaded 2 times (x 75B)
Class com.google.common.collect.ImmutableMap$SerializedForm                           : loaded 2 times (x 69B)
Class net.rubygrapefruit.platform.internal.Platform$Linux                             : loaded 2 times (x 79B)
Class org.gradle.internal.service.CachingServiceLocator                               : loaded 2 times (x 78B)
Class com.google.common.collect.LinkedHashMultimap$ValueEntry                         : loaded 2 times (x 85B)
Class org.gradle.internal.classloader.ClasspathUtil$1                                 : loaded 2 times (x 72B)
Class org.objectweb.asm.ClassWriter                                                   : loaded 2 times (x 102B)
Class kotlin.collections.AbstractList$IteratorImpl                                    : loaded 2 times (x 78B)
Class [Lnet.rubygrapefruit.platform.internal.FunctionResult$Failure;                  : loaded 2 times (x 65B)
Class kotlin.reflect.jvm.internal.ReflectionFactoryImpl                               : loaded 2 times (x 87B)
Class kotlin.jvm.internal.markers.KMutableMap                                         : loaded 2 times (x 66B)
Class kotlin.reflect.jvm.internal.impl.descriptors.runtime.structure.ReflectClassUtilKt: loaded 2 times (x 67B)
Class com.google.common.collect.HashMultimapGwtSerializationDependencies              : loaded 2 times (x 170B)
Class kotlin.DeprecationLevel                                                         : loaded 2 times (x 75B)
Class com.google.common.collect.Iterators$10                                          : loaded 2 times (x 77B)
Class com.google.common.base.CharMatcher$JavaDigit                                    : loaded 2 times (x 107B)
Class com.google.common.base.Predicates                                               : loaded 2 times (x 67B)
Class com.google.common.collect.ImmutableMultimap                                     : loaded 2 times (x 143B)
Class jdk.internal.jimage.ImageBufferCache$1                                          : loaded 2 times (x 79B)
Class org.gradle.internal.InternalTransformer                                         : loaded 2 times (x 66B)
Class com.google.common.base.CharMatcher$JavaLetterOrDigit                            : loaded 2 times (x 107B)
Class com.google.common.collect.ImmutableSortedSetFauxverideShim                      : loaded 2 times (x 143B)
Class net.rubygrapefruit.platform.NativeIntegration                                   : loaded 2 times (x 66B)
Class kotlin.jvm.internal.markers.KMutableListIterator                                : loaded 2 times (x 66B)
Class com.google.common.collect.IndexedImmutableSet$1                                 : loaded 2 times (x 209B)
Class net.rubygrapefruit.platform.Native                                              : loaded 2 times (x 67B)
Class jdk.internal.jimage.ImageBufferCache                                            : loaded 2 times (x 67B)
Class jdk.internal.jrtfs.JrtPath                                                      : loaded 2 times (x 114B)
Class com.google.common.collect.Maps$EntryFunction                                    : loaded 2 times (x 87B)
Class kotlin.reflect.jvm.internal.KDeclarationContainerImpl$Companion                 : loaded 2 times (x 67B)
Class net.rubygrapefruit.platform.internal.Platform$Unsupported                       : loaded 2 times (x 75B)
Class net.rubygrapefruit.platform.internal.Platform$FreeBSD32Bit                      : loaded 2 times (x 78B)
Class com.google.common.collect.ImmutableBiMapFauxverideShim                          : loaded 2 times (x 116B)
Class org.gradle.internal.classloader.ClasspathUtil                                   : loaded 2 times (x 67B)
Class kotlin.jvm.internal.PropertyReference0                                          : loaded 2 times (x 123B)
Class kotlin.io.FileSystemException                                                   : loaded 2 times (x 78B)
Class net.rubygrapefruit.platform.internal.Platform$Unix                              : loaded 2 times (x 78B)
Class com.google.common.base.Charsets                                                 : loaded 2 times (x 67B)
Class com.google.common.util.concurrent.Uninterruptibles                              : loaded 2 times (x 67B)
Class org.gradle.kotlin.dsl.VersionCatalogAccessorsKt                                 : loaded 2 times (x 67B)
Class net.rubygrapefruit.platform.internal.Platform$Linux32Bit                        : loaded 2 times (x 79B)
Class kotlin.reflect.full.IllegalCallableAccessException                              : loaded 2 times (x 78B)
Class kotlin.jvm.internal.DefaultConstructorMarker                                    : loaded 2 times (x 67B)
Class kotlin.jvm.internal.PropertyReference1                                          : loaded 2 times (x 123B)
Class com.google.common.base.CharMatcher$JavaUpperCase                                : loaded 2 times (x 107B)
Class org.gradle.api.specs.Spec                                                       : loaded 2 times (x 66B)
Class jdk.internal.jimage.ImageReader$SharedImageReader$LocationVisitor               : loaded 2 times (x 66B)
Class com.google.common.collect.MultimapBuilder$ListMultimapBuilder                   : loaded 2 times (x 71B)
Class kotlin.text.DelimitedRangesSequence$iterator$1                                  : loaded 2 times (x 75B)
Class kotlin.LazyKt__LazyJVMKt$WhenMappings                                           : loaded 2 times (x 67B)
Class kotlin.jvm.internal.MutablePropertyReference                                    : loaded 2 times (x 115B)
Class kotlin.jvm.internal.PropertyReference2                                          : loaded 2 times (x 123B)
Class kotlin.reflect.jvm.internal.KMutableProperty1Impl                               : loaded 2 times (x 131B)
Class com.google.common.collect.Sets$3$1                                              : loaded 2 times (x 78B)
Class [Lkotlin.reflect.jvm.internal.impl.builtins.jvm.JavaToKotlinClassMap$PlatformMutabilityMapping;: loaded 2 times (x 65B)
Class kotlin.LazyThreadSafetyMode                                                     : loaded 2 times (x 75B)
Class kotlin.reflect.full.IllegalPropertyDelegateAccessException                      : loaded 2 times (x 78B)
Class com.google.common.collect.AbstractMapBasedMultimap$AsMap                        : loaded 2 times (x 124B)
Class com.google.common.collect.Multimaps$Entries                                     : loaded 2 times (x 114B)
Class com.google.common.collect.CollectSpliterators                                   : loaded 2 times (x 67B)
Class kotlin.jvm.internal.SpreadBuilder                                               : loaded 2 times (x 72B)
Class com.google.common.collect.ExplicitOrdering                                      : loaded 2 times (x 111B)
Class jdk.internal.jimage.ImageLocation                                               : loaded 2 times (x 86B)
Class jdk.internal.jrtfs.JrtDirectoryStream$1                                         : loaded 2 times (x 79B)
Class com.google.common.base.CharMatcher$RangesMatcher                                : loaded 2 times (x 108B)
Class com.google.common.base.Platform                                                 : loaded 2 times (x 67B)
Class jdk.internal.jimage.ImageReader$Directory                                       : loaded 2 times (x 80B)
Class com.google.common.util.concurrent.AbstractFuture$Trusted                        : loaded 2 times (x 66B)
Class kotlin.coroutines.jvm.internal.RestrictedSuspendLambda                          : loaded 2 times (x 87B)
Class com.google.common.collect.CompoundOrdering                                      : loaded 2 times (x 111B)
Class com.google.common.collect.AbstractMapBasedMultimap$WrappedList                  : loaded 2 times (x 201B)
Class com.google.common.collect.Range                                                 : loaded 2 times (x 83B)
Class kotlin.io.LinesSequence$iterator$1                                              : loaded 2 times (x 75B)
Class com.google.common.base.Optional                                                 : loaded 2 times (x 76B)
Class kotlin.io.FilePathComponents                                                    : loaded 2 times (x 68B)
Class [Lorg.objectweb.asm.AnnotationWriter;                                           : loaded 2 times (x 65B)
Class com.google.common.primitives.Ints$IntConverter                                  : loaded 2 times (x 86B)
Class com.google.common.base.Predicates$CompositionPredicate                          : loaded 2 times (x 84B)
Class kotlin.sequences.SequencesKt__SequenceBuilderKt$sequence$$inlined$Sequence$1    : loaded 2 times (x 71B)
Class com.google.common.collect.Maps$9                                                : loaded 2 times (x 72B)
Class [Lcom.google.common.collect.Iterators$EmptyModifiableIterator;                  : loaded 2 times (x 65B)
Class kotlin.collections.ArrayAsCollection                                            : loaded 2 times (x 101B)
Class com.google.common.util.concurrent.AbstractFuture$UnsafeAtomicHelper$1           : loaded 2 times (x 72B)
Class kotlin.text.Regex                                                               : loaded 2 times (x 68B)
Class com.google.common.collect.ImmutableRangeSet$1                                   : loaded 2 times (x 205B)
Class kotlin.io.FilesKt__FilePathComponentsKt                                         : loaded 2 times (x 67B)
Class com.google.common.collect.Lists$ReverseList$1                                   : loaded 2 times (x 95B)
Class com.google.common.collect.ImmutableRangeSet$Builder                             : loaded 2 times (x 73B)
Class com.google.common.cache.LocalCache$StrongValueReference                         : loaded 2 times (x 86B)
Class com.google.common.util.concurrent.AbstractFuture$SynchronizedHelper             : loaded 2 times (x 74B)
Class com.google.common.base.CharMatcher$Invisible                                    : loaded 2 times (x 108B)
Class com.google.common.collect.RegularImmutableBiMap$Inverse                         : loaded 2 times (x 139B)
Class com.google.common.graph.SuccessorsFunction                                      : loaded 2 times (x 66B)
Class kotlin.jvm.internal.ReflectionFactory                                           : loaded 2 times (x 87B)
Class kotlin.io.TerminateException                                                    : loaded 2 times (x 78B)
Class org.objectweb.asm.Type                                                          : loaded 2 times (x 68B)
Class org.gradle.internal.classloader.VisitableURLClassLoader$InstrumentingVisitableURLClassLoader: loaded 2 times (x 119B)
Class kotlin.reflect.jvm.internal.impl.utils.CollectionsKt                            : loaded 2 times (x 67B)
Class com.google.common.collect.Maps$FilteredEntryMap$EntrySet                        : loaded 2 times (x 148B)
Class com.google.common.collect.SortedIterables                                       : loaded 2 times (x 67B)
Class kotlin.coroutines.Continuation                                                  : loaded 2 times (x 66B)
Class [Lkotlin.reflect.jvm.internal.impl.resolve.jvm.JvmPrimitiveType;                : loaded 2 times (x 65B)
Class kotlin.jvm.internal.ClassBasedDeclarationContainer                              : loaded 2 times (x 66B)
Class kotlin.reflect.KProperty2                                                       : loaded 2 times (x 66B)
Class kotlin.collections.CollectionsKt___CollectionsKt$withIndex$1                    : loaded 2 times (x 75B)
Class kotlin.sequences.TransformingSequence$iterator$1                                : loaded 2 times (x 75B)
Class org.objectweb.asm.ByteVector                                                    : loaded 2 times (x 75B)
Class org.gradle.internal.classloader.VisitableURLClassLoader$Spec                    : loaded 2 times (x 70B)
Class org.gradle.internal.classpath.DefaultClassPath                                  : loaded 2 times (x 86B)
Class kotlin.reflect.KProperty1                                                       : loaded 2 times (x 66B)
Class kotlin.Result$Companion                                                         : loaded 2 times (x 67B)
Class kotlin.coroutines.jvm.internal.BaseContinuationImpl                             : loaded 2 times (x 83B)
Class kotlin.reflect.KClass                                                           : loaded 2 times (x 66B)
Class org.objectweb.asm.Symbol                                                        : loaded 2 times (x 69B)
Class com.google.common.collect.Sets$FilteredSet                                      : loaded 2 times (x 133B)
Class com.google.common.collect.Iterators$ConcatenatedIterator                        : loaded 2 times (x 78B)
Class jdk.internal.jrtfs.JrtFileSystemProvider                                        : loaded 2 times (x 97B)
Class kotlin.reflect.KType                                                            : loaded 2 times (x 66B)
Class org.gradle.internal.service.ServiceLocator                                      : loaded 2 times (x 66B)
Class com.google.common.io.Closer                                                     : loaded 2 times (x 74B)
Class com.google.common.base.CharMatcher$Ascii                                        : loaded 2 times (x 108B)
Class org.gradle.internal.classloader.ClassLoaderSpec                                 : loaded 2 times (x 67B)
Class [Lorg.objectweb.asm.Type;                                                       : loaded 2 times (x 65B)
Class kotlin.reflect.jvm.internal.ReflectProperties$Val$1                             : loaded 2 times (x 67B)
Class [Lorg.objectweb.asm.Attribute;                                                  : loaded 2 times (x 65B)
Class kotlin.text.DelimitedRangesSequence                                             : loaded 2 times (x 71B)
Class net.rubygrapefruit.platform.internal.Platform$MacOs32Bit                        : loaded 2 times (x 78B)
Class net.rubygrapefruit.platform.internal.Platform$Linux64Bit                        : loaded 2 times (x 79B)
Class org.objectweb.asm.AnnotationWriter                                              : loaded 2 times (x 75B)
Class kotlin.jvm.internal.markers.KMutableIterable                                    : loaded 2 times (x 66B)
Class kotlin.reflect.KProperty0                                                       : loaded 2 times (x 66B)
Class com.google.common.collect.ImmutableMultisetGwtSerializationDependencies         : loaded 2 times (x 121B)
Class com.google.common.collect.AbstractMapBasedMultimap$2                            : loaded 2 times (x 81B)
Class kotlin.Result                                                                   : loaded 2 times (x 68B)
Class kotlin.reflect.jvm.internal.impl.name.FqNamesUtilKt                             : loaded 2 times (x 67B)
Class com.google.common.collect.BaseImmutableMultimap                                 : loaded 2 times (x 119B)
Class com.google.common.io.Closer$Suppressor                                          : loaded 2 times (x 66B)
Class org.objectweb.asm.RecordComponentWriter                                         : loaded 2 times (x 74B)
Class com.google.common.util.concurrent.AbstractFuture$Listener                       : loaded 2 times (x 68B)
Class Settings_gradle$1$1                                                             : loaded 2 times (x 70B)
Class com.google.common.collect.MultimapBuilder$SortedSetMultimapBuilder              : loaded 2 times (x 73B)
Class com.google.common.collect.ForwardingSet                                         : loaded 2 times (x 147B)
Class com.google.common.collect.EmptyImmutableListMultimap                            : loaded 2 times (x 172B)
Class com.google.common.collect.ImmutableMapEntry$NonTerminalImmutableBiMapEntry      : loaded 2 times (x 81B)
Class [Lorg.objectweb.asm.Label;                                                      : loaded 2 times (x 65B)
Class org.objectweb.asm.Attribute                                                     : loaded 2 times (x 73B)
Class org.gradle.internal.classloader.VisitableURLClassLoader                         : loaded 2 times (x 113B)
Class [Lkotlin.DeprecationLevel;                                                      : loaded 2 times (x 65B)
Class kotlin.reflect.jvm.internal.KClassImpl                                          : loaded 2 times (x 111B)
Class kotlin.collections.builders.ListBuilder                                         : loaded 2 times (x 203B)
Class kotlin.collections.builders.ListBuilder$Companion                               : loaded 2 times (x 67B)
Class com.google.common.collect.ImmutableList$SerializedForm                          : loaded 2 times (x 69B)
Class net.rubygrapefruit.platform.internal.FunctionResult$Failure                     : loaded 2 times (x 75B)
Class net.rubygrapefruit.platform.internal.NativeLibraryLoader                        : loaded 2 times (x 69B)
Class com.google.common.util.concurrent.AbstractFuture$Waiter                         : loaded 2 times (x 68B)
Class Settings_gradle                                                                 : loaded 2 times (x 124B)
Class org.gradle.internal.Cast                                                        : loaded 2 times (x 67B)
Class org.gradle.api.Action                                                           : loaded 2 times (x 66B)
Class jdk.internal.jrtfs.SystemImage$2                                                : loaded 2 times (x 72B)
Class kotlin.collections.AbstractMutableList                                          : loaded 2 times (x 202B)
Class com.google.common.collect.ImmutableRangeSet$AsSet                               : loaded 2 times (x 295B)
Class kotlin.text.StringsKt__StringsKt$rangesDelimitedBy$2                            : loaded 2 times (x 75B)
Class [Lkotlin.annotation.AnnotationTarget;                                           : loaded 2 times (x 65B)
Class com.google.common.base.Strings                                                  : loaded 2 times (x 67B)
Class org.objectweb.asm.Handler                                                       : loaded 2 times (x 68B)
Class com.google.common.collect.MultimapBuilder$SetMultimapBuilder                    : loaded 2 times (x 71B)
Class com.google.common.collect.ImmutableListMultimap                                 : loaded 2 times (x 172B)
Class com.google.common.collect.Maps$IteratorBasedAbstractMap$1                       : loaded 2 times (x 134B)
Class [Lkotlin.coroutines.intrinsics.CoroutineSingletons;                             : loaded 2 times (x 65B)
Class kotlin.jvm.internal.markers.KMutableIterator                                    : loaded 2 times (x 66B)
Class com.google.common.collect.ImmutableSortedSet$Builder                            : loaded 2 times (x 82B)
Class com.google.common.base.Functions                                                : loaded 2 times (x 67B)
Class com.google.common.collect.LinkedHashMultimap$ValueSet                           : loaded 2 times (x 138B)
Class jdk.internal.jrtfs.SystemImage$1                                                : loaded 2 times (x 74B)
Class org.gradle.internal.classloader.InstrumentingClassLoader                        : loaded 2 times (x 66B)
Class org.gradle.internal.classpath.DefaultClassPath$ImmutableUniqueList$Builder      : loaded 2 times (x 71B)
Class org.gradle.internal.classpath.TransformedClassPath                              : loaded 2 times (x 92B)
Class org.objectweb.asm.FieldWriter                                                   : loaded 2 times (x 74B)
Class kotlin.text.Regex$Companion                                                     : loaded 2 times (x 67B)
Class kotlin.jvm.functions.Function3                                                  : loaded 2 times (x 66B)
Class kotlin.reflect.jvm.internal.KDeclarationContainerImpl$Data                      : loaded 2 times (x 68B)
Class kotlin._Assertions                                                              : loaded 2 times (x 67B)
Class com.google.common.collect.AbstractRangeSet                                      : loaded 2 times (x 110B)
Class com.google.common.cache.CacheBuilder$3                                          : loaded 2 times (x 68B)
Class net.rubygrapefruit.platform.internal.Platform$Posix                             : loaded 2 times (x 77B)
Class com.google.common.io.ByteStreams                                                : loaded 2 times (x 67B)
Class kotlin.jvm.functions.Function4                                                  : loaded 2 times (x 66B)
Class kotlin.reflect.KTypeParameter                                                   : loaded 2 times (x 66B)
Class com.google.common.base.CaseFormat$5                                             : loaded 2 times (x 79B)
Class kotlin.reflect.jvm.internal.impl.builtins.PrimitiveType$Companion               : loaded 2 times (x 67B)
Class kotlin.reflect.jvm.internal.KClassImpl$Data                                     : loaded 2 times (x 68B)
Class com.google.common.collect.TransformedIterator                                   : loaded 2 times (x 76B)
Class com.google.common.collect.AllEqualOrdering                                      : loaded 2 times (x 110B)
Class com.google.common.base.AbstractIterator$1                                       : loaded 2 times (x 67B)
Class com.google.common.base.CharMatcher$Digit                                        : loaded 2 times (x 108B)
Class org.gradle.api.GradleException                                                  : loaded 2 times (x 78B)
Class jdk.internal.jimage.ImageStrings                                                : loaded 2 times (x 66B)
Class kotlin.jvm.functions.Function5                                                  : loaded 2 times (x 66B)
Class [Lcom.google.common.collect.Maps$EntryFunction;                                 : loaded 2 times (x 65B)
Class com.google.common.collect.AbstractMultiset                                      : loaded 2 times (x 155B)
Class com.google.common.util.concurrent.SettableFuture                                : loaded 2 times (x 110B)
Class net.rubygrapefruit.platform.internal.Platform$MacOs64Bit                        : loaded 2 times (x 78B)
Class kotlin.annotation.AnnotationRetention                                           : loaded 2 times (x 75B)
Class com.google.common.base.CharMatcher$JavaIsoControl                               : loaded 2 times (x 108B)
Class com.google.common.collect.Maps$AbstractFilteredMap                              : loaded 2 times (x 123B)
Class kotlin.jvm.functions.Function6                                                  : loaded 2 times (x 66B)
Class kotlin.jvm.functions.Function22                                                 : loaded 2 times (x 66B)
Class kotlin.reflect.jvm.internal.KTypeParameterOwnerImpl                             : loaded 2 times (x 66B)
Class com.google.common.base.CaseFormat$4                                             : loaded 2 times (x 79B)
Class com.google.common.collect.Collections2$FilteredCollection                       : loaded 2 times (x 115B)
Class kotlin.io.FilesKt                                                               : loaded 2 times (x 67B)
Class com.google.common.base.CharMatcher$JavaLowerCase                                : loaded 2 times (x 107B)
Class org.objectweb.asm.ModuleVisitor                                                 : loaded 2 times (x 77B)
Class kotlin.jvm.functions.Function7                                                  : loaded 2 times (x 66B)
Class kotlin.reflect.jvm.internal.impl.name.Name                                      : loaded 2 times (x 71B)
Class kotlin.reflect.jvm.internal.KPropertyImpl$Companion                             : loaded 2 times (x 67B)
Class com.google.common.io.ByteArrayDataInput                                         : loaded 2 times (x 66B)
Class net.rubygrapefruit.platform.internal.NativeLibraryLocator                       : loaded 2 times (x 69B)
Class net.rubygrapefruit.platform.Process                                             : loaded 2 times (x 66B)
Class kotlin.reflect.jvm.internal.impl.name.ClassId                                   : loaded 2 times (x 68B)
Class com.google.common.collect.Iterables$5                                           : loaded 2 times (x 77B)
Class kotlin.collections.builders.MapBuilder$Companion                                : loaded 2 times (x 67B)
Class com.google.common.collect.NullsLastOrdering                                     : loaded 2 times (x 111B)
Class com.google.common.collect.Maps$12                                               : loaded 2 times (x 78B)
Class kotlin.jvm.functions.Function8                                                  : loaded 2 times (x 66B)
Class [Lkotlin.annotation.AnnotationRetention;                                        : loaded 2 times (x 65B)
Class kotlin.reflect.jvm.internal.impl.name.FqNameUnsafe                              : loaded 2 times (x 68B)
Class kotlin.jvm.functions.Function21                                                 : loaded 2 times (x 66B)
Class com.google.common.base.CaseFormat$3                                             : loaded 2 times (x 79B)
Class [Lcom.google.common.collect.LinkedHashMultimap$ValueEntry;                      : loaded 2 times (x 65B)
Class com.google.common.cache.LocalCache$AbstractReferenceEntry                       : loaded 2 times (x 103B)
Class com.google.common.base.CharMatcher$Whitespace                                   : loaded 2 times (x 108B)
Class org.gradle.internal.IoActions                                                   : loaded 2 times (x 67B)
Class com.google.common.collect.MultimapBuilder$MultimapBuilderWithKeys$1             : loaded 2 times (x 72B)
Class org.gradle.internal.service.UnknownServiceException                             : loaded 2 times (x 79B)
Class com.google.common.collect.Maps$13                                               : loaded 2 times (x 81B)
Class com.google.common.collect.ImmutableMapKeySet                                    : loaded 2 times (x 148B)
Class kotlin.jvm.functions.Function10                                                 : loaded 2 times (x 66B)
Class kotlin.jvm.functions.Function9                                                  : loaded 2 times (x 66B)
Class kotlin.annotation.MustBeDocumented                                              : loaded 2 times (x 66B)
Class [Lkotlin.LazyThreadSafetyMode;                                                  : loaded 2 times (x 65B)
Class [Lkotlin.reflect.KClassifier;                                                   : loaded 2 times (x 65B)
Class kotlin.reflect.jvm.internal.EmptyContainerForLocal                              : loaded 2 times (x 80B)
Class com.google.common.base.AbstractIterator$State                                   : loaded 2 times (x 75B)
Class com.google.common.collect.ImmutableRangeSet$ComplementRanges                    : loaded 2 times (x 203B)
Class org.objectweb.asm.SymbolTable                                                   : loaded 2 times (x 68B)
Class com.google.common.base.CharMatcher$SingleWidth                                  : loaded 2 times (x 108B)
Class org.gradle.internal.classloader.SystemClassLoaderSpec                           : loaded 2 times (x 67B)
Class com.google.common.collect.MultimapBuilder$MultimapBuilderWithKeys$2             : loaded 2 times (x 72B)
Class com.google.common.util.concurrent.AbstractFuture$SafeAtomicHelper               : loaded 2 times (x 75B)
Class com.google.common.collect.FluentIterable                                        : loaded 2 times (x 77B)
Class kotlin.jvm.internal.markers.KMutableCollection                                  : loaded 2 times (x 66B)
Class kotlin.coroutines.intrinsics.IntrinsicsKt                                       : loaded 2 times (x 67B)
Class com.google.common.base.CaseFormat                                               : loaded 2 times (x 79B)
Class kotlin.jvm.functions.Function11                                                 : loaded 2 times (x 66B)
Class [Lorg.objectweb.asm.AnnotationVisitor;                                          : loaded 2 times (x 65B)
Class kotlin.jvm.functions.Function20                                                 : loaded 2 times (x 66B)
Class com.google.common.base.CaseFormat$2                                             : loaded 2 times (x 79B)
Class jdk.internal.jrtfs.SystemImage                                                  : loaded 2 times (x 70B)
Class com.google.common.cache.LocalCache$StrongEntry                                  : loaded 2 times (x 104B)
Class com.google.common.util.concurrent.AbstractFuture$TrustedFuture                  : loaded 2 times (x 110B)
Class jdk.internal.jrtfs.JrtFileSystem                                                : loaded 2 times (x 98B)
Class com.google.common.collect.MultimapBuilder$MultimapBuilderWithKeys$3             : loaded 2 times (x 72B)
Class org.gradle.api.internal.ClassPathProvider                                       : loaded 2 times (x 66B)
Class kotlin.coroutines.intrinsics.CoroutineSingletons                                : loaded 2 times (x 75B)
Class [Lorg.gradle.api.internal.ClassPathProvider;                                    : loaded 2 times (x 65B)
Class kotlin.jvm.functions.Function12                                                 : loaded 2 times (x 66B)
Class kotlin.reflect.jvm.internal.impl.builtins.jvm.JavaToKotlinClassMap$PlatformMutabilityMapping: loaded 2 times (x 68B)
Class com.google.common.base.CaseFormat$1                                             : loaded 2 times (x 79B)
Class com.google.common.collect.NaturalOrdering                                       : loaded 2 times (x 111B)
Class com.google.common.io.ByteStreams$LimitedInputStream                             : loaded 2 times (x 88B)
Class net.rubygrapefruit.platform.ProcessLauncher                                     : loaded 2 times (x 66B)
Class org.objectweb.asm.MethodWriter                                                  : loaded 2 times (x 102B)
Class com.google.common.collect.MultimapBuilder$MultimapBuilderWithKeys$4             : loaded 2 times (x 72B)
Class kotlin.sequences.SequenceBuilderIterator                                        : loaded 2 times (x 81B)
Class com.google.common.collect.ImmutableMultimap$1                                   : loaded 2 times (x 78B)
Class com.google.common.collect.AbstractMapBasedMultimap$RandomAccessWrappedList      : loaded 2 times (x 201B)
Class kotlin.jvm.functions.Function13                                                 : loaded 2 times (x 66B)
Class com.google.common.collect.LinkedHashMultimapGwtSerializationDependencies        : loaded 2 times (x 170B)
Class kotlin.sequences.SequenceScope                                                  : loaded 2 times (x 69B)
Class kotlin.text.Charsets                                                            : loaded 2 times (x 67B)
Class com.google.common.collect.MultimapBuilder$MultimapBuilderWithKeys$5             : loaded 2 times (x 74B)
Class com.google.common.collect.Maps$ViewCachingAbstractMap                           : loaded 2 times (x 121B)
Class com.google.common.collect.ImmutableMultimap$2                                   : loaded 2 times (x 77B)
Class com.google.common.collect.AbstractIterator$State                                : loaded 2 times (x 75B)
Class [Lcom.google.common.base.Function;                                              : loaded 2 times (x 65B)
Class org.gradle.api.internal.DefaultClassPathProvider                                : loaded 2 times (x 72B)
Class kotlin.jvm.functions.Function14                                                 : loaded 2 times (x 66B)
Class org.objectweb.asm.AnnotationVisitor                                             : loaded 2 times (x 74B)
Class com.google.common.collect.ImmutableSet$SerializedForm                           : loaded 2 times (x 69B)
Class com.google.common.collect.MultimapBuilder$MultimapBuilderWithKeys$6             : loaded 2 times (x 72B)
Class com.google.common.collect.FluentIterable$3$1                                    : loaded 2 times (x 94B)
Class kotlin.jvm.functions.Function15                                                 : loaded 2 times (x 66B)
Class [Lkotlin.reflect.KCallable;                                                     : loaded 2 times (x 65B)
Class kotlin.reflect.KProperty$Accessor                                               : loaded 2 times (x 66B)
Class kotlin.reflect.jvm.internal.KCallableImpl                                       : loaded 2 times (x 101B)
Class com.google.common.collect.Iterators$EmptyModifiableIterator                     : loaded 2 times (x 82B)
Class com.google.common.collect.ComparatorOrdering                                    : loaded 2 times (x 111B)
Class com.google.common.hash.PrimitiveSink                                            : loaded 2 times (x 66B)
Class com.google.common.base.PatternCompiler                                          : loaded 2 times (x 66B)
Class com.google.common.util.concurrent.AbstractFuture$Failure                        : loaded 2 times (x 68B)
Class com.google.common.collect.HashMultiset                                          : loaded 2 times (x 159B)
Class kotlin.coroutines.EmptyCoroutineContext                                         : loaded 2 times (x 73B)
Class com.google.common.collect.ByFunctionOrdering                                    : loaded 2 times (x 111B)
Class com.google.common.collect.ImmutableSetMultimap                                  : loaded 2 times (x 176B)
Class com.google.common.collect.ImmutableRangeSet                                     : loaded 2 times (x 111B)
Class kotlin.jvm.functions.Function16                                                 : loaded 2 times (x 66B)
Class kotlin.reflect.jvm.internal.impl.name.FqNameUnsafe$1                            : loaded 2 times (x 70B)
Class com.google.common.collect.CollectSpliterators$1WithCharacteristics              : loaded 2 times (x 86B)
Class com.google.common.collect.AbstractIterator$1                                    : loaded 2 times (x 67B)
Class org.gradle.api.internal.classpath.EffectiveClassPath                            : loaded 2 times (x 86B)
Class org.objectweb.asm.Label                                                         : loaded 2 times (x 69B)
Class org.objectweb.asm.CurrentFrame                                                  : loaded 2 times (x 69B)
Class org.objectweb.asm.ClassTooLargeException                                        : loaded 2 times (x 79B)
Class net.rubygrapefruit.platform.internal.Platform                                   : loaded 2 times (x 75B)
Class net.rubygrapefruit.platform.NativeIntegrationUnavailableException               : loaded 2 times (x 78B)
Class com.google.common.collect.Table                                                 : loaded 2 times (x 66B)
Class com.google.common.collect.Maps$IteratorBasedAbstractMap                         : loaded 2 times (x 121B)
Class [Ldagger.hilt.processor.internal.optionvalues.GradleProjectType;                : loaded 2 times (x 65B)
Class kotlin.reflect.jvm.internal.KProperty1Impl                                      : loaded 2 times (x 124B)
Class kotlin.jvm.functions.Function17                                                 : loaded 2 times (x 66B)
Class com.google.common.collect.Ordering                                              : loaded 2 times (x 110B)
Class com.google.common.collect.Maps$FilteredEntryMap                                 : loaded 2 times (x 124B)
Class com.google.common.collect.RangeGwtSerializationDependencies                     : loaded 2 times (x 67B)
Class org.objectweb.asm.Frame                                                         : loaded 2 times (x 69B)
Class org.objectweb.asm.MethodVisitor                                                 : loaded 2 times (x 101B)
Class org.gradle.internal.classloader.ClassLoaderVisitor                              : loaded 2 times (x 72B)
Class kotlin.jvm.functions.Function18                                                 : loaded 2 times (x 66B)
Class [Lcom.google.common.collect.AbstractIterator$State;                             : loaded 2 times (x 65B)
Class com.google.common.collect.ReverseNaturalOrdering                                : loaded 2 times (x 110B)
Class com.google.common.collect.RangeSet                                              : loaded 2 times (x 66B)
Class org.gradle.api.internal.classpath.GlobalCacheRootsProvider                      : loaded 2 times (x 66B)
Class org.gradle.internal.classloader.DefaultClassLoaderFactory                       : loaded 2 times (x 78B)
Class org.objectweb.asm.MethodTooLargeException                                       : loaded 2 times (x 79B)
Class com.google.common.base.Platform$JdkPatternCompiler                              : loaded 2 times (x 71B)
Class kotlin.io.LinesSequence                                                         : loaded 2 times (x 71B)
Class kotlin.jvm.functions.Function19                                                 : loaded 2 times (x 66B)
Class kotlin.reflect.KMutableProperty$Setter                                          : loaded 2 times (x 66B)
Class [Lkotlin.reflect.KClass;                                                        : loaded 2 times (x 65B)
Class kotlin.reflect.jvm.internal.impl.name.FqName                                    : loaded 2 times (x 68B)
Class org.objectweb.asm.ClassVisitor                                                  : loaded 2 times (x 84B)
Class com.google.common.collect.CollectCollectors                                     : loaded 2 times (x 67B)
Class org.objectweb.asm.ModuleWriter                                                  : loaded 2 times (x 78B)
Class com.google.common.collect.MultimapBuilder$1                                     : loaded 2 times (x 79B)
Class [Lorg.objectweb.asm.Symbol;                                                     : loaded 2 times (x 65B)
Class kotlin.sequences.TransformingSequence                                           : loaded 2 times (x 71B)
Class kotlin.collections.builders.ListBuilder$Itr                                     : loaded 2 times (x 90B)
Class net.rubygrapefruit.platform.NativeException                                     : loaded 2 times (x 78B)
Class net.rubygrapefruit.platform.internal.Platform$MacOs                             : loaded 2 times (x 78B)
Class net.rubygrapefruit.platform.internal.Platform$Window64Bit                       : loaded 2 times (x 75B)
Class com.google.common.collect.MultimapBuilder$2                                     : loaded 2 times (x 79B)
Class com.google.common.collect.MultimapBuilder$MultimapBuilderWithKeys               : loaded 2 times (x 78B)
Class com.google.common.io.ByteArrayDataOutput                                        : loaded 2 times (x 66B)
Class com.google.common.collect.ReverseOrdering                                       : loaded 2 times (x 111B)
Class kotlin.sequences.ConstrainedOnceSequence                                        : loaded 2 times (x 71B)
Class com.google.common.io.ByteStreams$1                                              : loaded 2 times (x 81B)
Class com.google.common.collect.MultimapBuilder$3                                     : loaded 2 times (x 80B)
Class kotlin.jvm.internal.MutablePropertyReference2                                   : loaded 2 times (x 133B)
Class com.google.common.collect.HashMultimap                                          : loaded 2 times (x 170B)
Class [Lkotlin.reflect.KProperty;                                                     : loaded 2 times (x 65B)
Class kotlin.reflect.jvm.internal.ReflectProperties$Val                               : loaded 2 times (x 70B)
Class com.google.common.collect.ImmutableListMultimap$Builder                         : loaded 2 times (x 79B)
Class org.gradle.internal.installation.CurrentGradleInstallationLocator               : loaded 2 times (x 67B)
Class com.google.common.collect.MultimapBuilder$4                                     : loaded 2 times (x 80B)
Class kotlin.collections.builders.MapBuilder                                          : loaded 2 times (x 108B)
Class com.google.common.collect.ImmutableMultimap$Builder                             : loaded 2 times (x 79B)
Class org.gradle.api.internal.classpath.ManifestUtil                                  : loaded 2 times (x 67B)
Class net.rubygrapefruit.platform.internal.Platform$FreeBSD                           : loaded 2 times (x 78B)
Class com.google.common.collect.ImmutableBiMap$SerializedForm                         : loaded 2 times (x 71B)
Class org.objectweb.asm.ClassReader                                                   : loaded 2 times (x 89B)
Class org.gradle.internal.service.DefaultServiceLocator                               : loaded 2 times (x 79B)
Class jdk.internal.jrtfs.JrtDirectoryStream                                           : loaded 2 times (x 85B)
Class kotlin.jvm.internal.MutablePropertyReference1                                   : loaded 2 times (x 133B)
Class kotlin.coroutines.jvm.internal.SuspendFunction                                  : loaded 2 times (x 66B)
Class com.google.common.collect.Maps$EntrySet                                         : loaded 2 times (x 132B)
Class com.google.common.collect.ImmutableMultimap$EntryCollection                     : loaded 2 times (x 124B)
Class kotlin.reflect.KMutableProperty0                                                : loaded 2 times (x 66B)
Class kotlin.reflect.KClassifier                                                      : loaded 2 times (x 66B)
Class kotlin.jvm.internal.PropertyReference1Impl                                      : loaded 2 times (x 123B)
Class org.gradle.internal.installation.CurrentGradleInstallation                      : loaded 2 times (x 69B)
Class kotlin.SafePublicationLazyImpl$Companion                                        : loaded 2 times (x 67B)
Class org.gradle.internal.classloader.ClassLoaderHierarchy                            : loaded 2 times (x 66B)
Class kotlin.coroutines.intrinsics.IntrinsicsKt__IntrinsicsJvmKt                      : loaded 2 times (x 67B)
Class kotlin.coroutines.jvm.internal.CoroutineStackFrame                              : loaded 2 times (x 66B)
Class kotlin.reflect.KMutableProperty1                                                : loaded 2 times (x 66B)
Class [Lcom.google.common.base.AbstractIterator$State;                                : loaded 2 times (x 65B)
Class org.gradle.util.internal.GUtil                                                  : loaded 2 times (x 67B)
Class net.rubygrapefruit.platform.internal.Platform$FreeBSD64Bit                      : loaded 2 times (x 78B)
Class kotlin.reflect.KMutableProperty2                                                : loaded 2 times (x 66B)
Class kotlin.io.FilesKt__FileTreeWalkKt                                               : loaded 2 times (x 67B)
Class kotlin.io.NoSuchFileException                                                   : loaded 2 times (x 78B)
Class com.google.common.util.concurrent.AbstractFuture$SetFuture                      : loaded 2 times (x 71B)
Class kotlin.coroutines.CoroutineContext                                              : loaded 2 times (x 66B)
Class kotlin.coroutines.jvm.internal.DebugProbesKt                                    : loaded 2 times (x 67B)
Class kotlin.ranges.IntProgressionIterator                                            : loaded 2 times (x 78B)
Class kotlin.reflect.jvm.internal.RuntimeTypeMapper                                   : loaded 2 times (x 67B)
Class kotlin.jvm.internal.CollectionToArray                                           : loaded 2 times (x 67B)
Class kotlin.jvm.internal.MutablePropertyReference0                                   : loaded 2 times (x 133B)
Class org.objectweb.asm.Context                                                       : loaded 2 times (x 68B)
Class org.gradle.internal.installation.GradleInstallation                             : loaded 2 times (x 71B)
Class kotlin.reflect.jvm.internal.impl.builtins.CompanionObjectMapping                : loaded 2 times (x 67B)
Class com.google.common.collect.ForwardingCollection                                  : loaded 2 times (x 126B)
Class com.google.common.collect.LexicographicalOrdering                               : loaded 2 times (x 111B)
Class jdk.internal.jimage.BasicImageReader                                            : loaded 2 times (x 91B)
Class org.gradle.internal.classloader.FilteringClassLoader                            : loaded 2 times (x 101B)
Class kotlin.io.TextStreamsKt                                                         : loaded 2 times (x 67B)
Class com.google.common.collect.Lists$RandomAccessReverseList                         : loaded 2 times (x 196B)

---------------  S Y S T E M  ---------------

OS:
 Windows 11 , 64 bit Build 26100 (10.0.26100.8328)
OS uptime: 9 days 3:15 hours
Hyper-V role detected

CPU: total 16 (initial active 16) (16 cores per cpu, 2 threads per core) family 23 model 104 stepping 1 microcode 0x8608103, cx8, cmov, fxsr, ht, mmx, 3dnowpref, sse, sse2, sse3, ssse3, sse4a, sse4.1, sse4.2, popcnt, lzcnt, tsc, tscinvbit, avx, avx2, aes, clmul, bmi1, bmi2, adx, sha, fma, vzeroupper, clflush, clflushopt, hv, rdtscp, rdpid, f16c
Processor Information for all 16 processors :
  Max Mhz: 1801, Current Mhz: 1801, Mhz Limit: 1801

Memory: 4k page, system-wide physical 15706M (796M free)
TotalPageFile size 39342M (AvailPageFile size 149M)
current process WorkingSet (physical memory assigned to process): 753M, peak: 775M
current process commit charge ("private bytes"): 808M, peak: 832M

vm_info: OpenJDK 64-Bit Server VM (21.0.5+-12932927-b750.29) for windows-amd64 JRE (21.0.5+-12932927-b750.29), built on 2025-01-17T02:01:10Z by "builder" with MS VC++ 16.10 / 16.11 (VS2019)

END.
